time_ms,kind,side,layer,price,position_id,level
1790839277482,EXT,S,0,1.13206,1977312355,0.00000
1790839279715,OUT_BY,S,0,1.13206,1977220650,0.00000
1790839279715,OUT_BY,S,0,1.13306,1977312355,0.00000
1790841684341,ENT,L,7,1.13174,1977728160,0.00000
1790847652417,ROLL,L,0,0.00000,1975880441,1.13104
1790850666173,ROLL,L,1,0.00000,1975959172,1.13034
1790850771327,ENT,S,0,1.13064,1978014569,0.00000
1790853131420,ROLL,L,2,0.00000,1976074197,1.12964
1790853131489,EXT,S,0,1.12963,1978534374,0.00000
1790853132497,OUT_BY,S,0,1.12963,1978014569,0.00000
1790853132497,OUT_BY,S,0,1.13064,1978534374,0.00000
1790853977782,ENT,S,0,1.13025,1978658190,0.00000
1790854742122,EXT,S,0,1.12922,1978698232,0.00000
1790854742550,OUT_BY,S,0,1.12922,1978658190,0.00000
1790854742550,OUT_BY,S,0,1.13025,1978698232,0.00000
1790854775625,ROLL,L,3,0.00000,1976558641,1.12894
1790857053222,ENT,S,0,1.12992,1978735769,0.00000
1790857300998,EXT,L,3,1.13008,1978658048,0.00000
1790857301548,OUT_BY,L,3,1.13008,1976558641,0.00000
1790857301548,OUT_BY,L,3,1.13460,1978658048,0.00000
1790858429464,ENT,L,8,1.12893,1978853676,0.00000
1790858429859,EXT,S,0,1.12892,1978844453,0.00000
1790858431704,OUT_BY,S,0,1.12892,1978735769,0.00000
1790858431704,OUT_BY,S,0,1.12992,1978844453,0.00000
1790859259147,ROLL,L,4,0.00000,1976761825,1.12823
1790859451074,ROLL,L,5,0.00000,1976795818,1.12753
1790859610329,ROLL,L,6,0.00000,1977659142,1.12683
1790860062117,ENT,S,0,1.12743,1978893080,0.00000
1790860504822,EXT,L,6,1.12783,1978931409,0.00000
1790860505458,OUT_BY,L,6,1.12783,1977659142,0.00000
1790860505458,OUT_BY,L,6,1.13249,1978931409,0.00000
1790860724359,ENT,S,1,1.12814,1978968793,0.00000
1790861224926,EXT,L,5,1.12866,1978986477,0.00000
1790861225547,OUT_BY,L,5,1.12866,1976795818,0.00000
1790861225547,OUT_BY,L,5,1.13319,1978986477,0.00000
1790861365419,ENT,S,2,1.12885,1978997733,0.00000
1790861698977,EXT,L,4,1.12930,1979021840,0.00000
1790861699516,OUT_BY,L,4,1.12930,1976761825,0.00000
1790861699516,OUT_BY,L,4,1.13389,1979021840,0.00000
1790862729242,ENT,S,3,1.12957,1979026922,0.00000
1790864165488,EXT,S,3,1.12857,1979095212,0.00000
1790864166924,OUT_BY,S,3,1.12857,1979026922,0.00000
1790864166924,OUT_BY,S,3,1.12957,1979095212,0.00000
1790864730639,ENT,L,9,1.12821,1978986527,0.00000
1790865550515,EXT,L,9,1.12920,1979175773,0.00000
1790865551543,OUT_BY,L,9,1.12920,1978986527,0.00000
1790865551543,OUT_BY,L,9,1.12821,1979175773,0.00000
1790865681993,ENT,S,3,1.12955,1979157139,0.00000
1790865992512,EXT,L,8,1.12993,1979205925,0.00000
1790865992943,OUT_BY,L,8,1.12993,1978853676,0.00000
1790865992943,OUT_BY,L,8,1.12893,1979205925,0.00000
1790866170431,ENT,S,4,1.13025,1979212826,0.00000
1790866497377,EXT,L,2,1.13076,1979228880,0.00000
1790866497802,OUT_BY,L,2,1.13076,1976074197,0.00000
1790866497802,OUT_BY,L,2,1.13530,1979228880,0.00000
1790866506006,ENT,S,5,1.13095,1979240971,0.00000
1790867382357,EXT,S,5,1.12994,1979255028,0.00000
1790867383395,OUT_BY,S,5,1.12994,1979240971,0.00000
1790867383395,OUT_BY,S,5,1.13095,1979255028,0.00000
1790867801578,ENT,L,8,1.12961,1979228897,0.00000
1790868364706,EXT,S,4,1.12922,1979297699,0.00000
1790868365120,OUT_BY,S,4,1.12922,1979212826,0.00000
1790868365120,OUT_BY,S,4,1.13025,1979297699,0.00000
1790869671168,ENT,L,9,1.12892,1979310667,0.00000
1790870219384,EXT,S,3,1.12855,1979334795,0.00000
1790870220221,OUT_BY,S,3,1.12855,1979157139,0.00000
1790870220221,OUT_BY,S,3,1.12955,1979334795,0.00000
1790872854620,ENT,L,10,1.12822,1979406167,0.00000
1790873251934,EXT,L,10,1.12923,1979582879,0.00000
1790873252968,OUT_BY,L,10,1.12923,1979406167,0.00000
1790873252968,OUT_BY,L,10,1.12822,1979582879,0.00000
1790873697649,ENT,S,3,1.12956,1979430283,0.00000
1790874324592,EXT,S,3,1.12855,1979633442,0.00000
1790874325644,OUT_BY,S,3,1.12855,1979430283,0.00000
1790874325644,OUT_BY,S,3,1.12956,1979633442,0.00000
1790875895608,ENT,L,10,1.12815,1979610661,0.00000
1790876591848,EXT,S,2,1.12785,1979690836,0.00000
1790876592636,OUT_BY,S,2,1.12785,1978997733,0.00000
1790876592636,OUT_BY,S,2,1.12885,1979690836,0.00000
1790876625431,ENT,L,11,1.12742,1979809148,0.00000
1790876643135,EXT,S,1,1.12713,1979869955,0.00000
1790876643625,OUT_BY,S,1,1.12713,1978968793,0.00000
1790876643625,OUT_BY,S,1,1.12814,1979869955,0.00000
1790876816365,ENT,L,12,1.12672,1979871645,0.00000
1790877064772,EXT,S,0,1.12643,1978968758,0.00000
1790877065801,OUT_BY,S,0,1.12643,1978893080,0.00000
1790877065801,OUT_BY,S,0,1.12743,1978968758,0.00000
1790877913735,ROLL,L,7,0.00000,1977728160,1.12602
1790877964299,ROLL,L,8,0.00000,1979228897,1.12532
1790879436050,ROLL,L,9,0.00000,1979310667,1.12462
1790879436490,ROLL,L,10,0.00000,1979610661,1.12392
1790879660833,ROLL,L,11,0.00000,1979809148,1.12322
1790879816095,ENT,S,0,1.12393,1979903559,0.00000
1790879856105,EXT,L,11,1.12425,1980088587,0.00000
1790879856525,OUT_BY,L,11,1.12425,1979809148,0.00000
1790879856525,OUT_BY,L,11,1.12742,1980088587,0.00000
1790880685438,EXT,S,0,1.12290,1980102470,0.00000
1790880686294,OUT_BY,S,0,1.12290,1979903559,0.00000
1790880686294,OUT_BY,S,0,1.12393,1980102470,0.00000
1790909138800,ENT,S,0,1.12458,1980855117,0.00000
1790912323377,EXT,S,0,1.12358,1980986473,0.00000
1790912324195,OUT_BY,S,0,1.12358,1980855117,0.00000
1790912324195,OUT_BY,S,0,1.12458,1980986473,0.00000
1790915684593,ENT,L,13,1.12323,1980855219,0.00000
1790917641851,EXT,L,13,1.12422,1981252296,0.00000
1790917644674,OUT_BY,L,13,1.12422,1980855219,0.00000
1790917644674,OUT_BY,L,13,1.12323,1981252296,0.00000
1790919098657,ENT,S,0,1.12426,1981098959,0.00000
1790922489279,ENT,S,1,1.12498,1981380745,0.00000
1790922492105,EXT,L,10,1.12504,1981329207,0.00000
1790922492500,OUT_BY,L,10,1.12504,1979610661,0.00000
1790922492500,OUT_BY,L,10,1.12815,1981329207,0.00000
1790932033068,ENT,S,2,1.12569,1981490567,0.00000
1790932304476,EXT,L,9,1.12569,1981490739,0.00000
1790932305386,OUT_BY,L,9,1.12569,1979310667,0.00000
1790932305386,OUT_BY,L,9,1.12892,1981490739,0.00000
1790936075499,ENT,S,3,1.12643,1981804722,0.00000
1790936075501,EXT,L,8,1.12643,1981816670,0.00000
1790936076579,OUT_BY,L,8,1.12643,1979228897,0.00000
1790936076579,OUT_BY,L,8,1.12961,1981816670,0.00000
1790940308661,EXT,S,3,1.12543,1981981051,0.00000
1790940311087,OUT_BY,S,3,1.12543,1981804722,0.00000
1790940311087,OUT_BY,S,3,1.12643,1981981051,0.00000
1790940669401,ENT,L,13,1.12531,1981329218,0.00000
1790941591644,EXT,S,2,1.12468,1982189263,0.00000
1790941592061,OUT_BY,S,2,1.12468,1981490567,0.00000
1790941592061,OUT_BY,S,2,1.12569,1982189263,0.00000
1790941623223,ENT,L,14,1.12461,1982203037,0.00000
1790946902450,EXT,S,1,1.12398,1982234194,0.00000
1790946902868,OUT_BY,S,1,1.12398,1981380745,0.00000
1790946902868,OUT_BY,S,1,1.12498,1982234194,0.00000
1790946929198,ENT,L,15,1.12388,1982235476,0.00000
1790947243630,EXT,S,0,1.12323,1981380735,0.00000
1790947244049,OUT_BY,S,0,1.12323,1981098959,0.00000
1790947244049,OUT_BY,S,0,1.12426,1981380735,0.00000
1790947244428,ENT,L,16,1.12318,1982437085,0.00000
1790947829271,ENT,S,0,1.12387,1982449591,0.00000
1790949812035,EXT,S,0,1.12286,1982482243,0.00000
1790949812983,OUT_BY,S,0,1.12286,1982449591,0.00000
1790949812983,OUT_BY,S,0,1.12387,1982482243,0.00000
1790950585966,ENT,S,0,1.12357,1982551728,0.00000
1790951760210,EXT,L,16,1.12418,1982449619,0.00000
1790951761585,OUT_BY,L,16,1.12418,1982437085,0.00000
1790951761585,OUT_BY,L,16,1.12318,1982449619,0.00000
1790952268621,ENT,S,1,1.12427,1982582965,0.00000
1790952785409,EXT,S,1,1.12327,1982637607,0.00000
1790952785836,OUT_BY,S,1,1.12327,1982582965,0.00000
1790952785836,OUT_BY,S,1,1.12427,1982637607,0.00000
1790952797063,ENT,L,16,1.12317,1982624348,0.00000
1790953608027,EXT,S,0,1.12256,1982582954,0.00000
1790953608432,OUT_BY,S,0,1.12256,1982551728,0.00000
1790953608432,OUT_BY,S,0,1.12357,1982582954,0.00000
1790953710337,ROLL,L,12,0.00000,1979871645,1.12247
1790954738689,ENT,S,0,1.12287,1982703029,0.00000
1790955009907,ENT,S,1,1.12512,1982764044,0.00000
1790955009952,EXT,L,12,1.12512,1982707279,0.00000
1790955022965,EXT,S,1,1.12437,1982803617,0.00000
1790955024295,OUT_BY,L,12,1.12512,1979871645,0.00000
1790955024295,OUT_BY,L,12,1.12672,1982707279,0.00000
1790955024586,OUT_BY,S,1,1.12437,1982764044,0.00000
1790955024586,OUT_BY,S,1,1.12512,1982803617,0.00000
1790955027303,EXT,L,16,1.12483,1982809744,0.00000
1790955029001,OUT_BY,L,16,1.12483,1982624348,0.00000
1790955029001,OUT_BY,L,16,1.12317,1982809744,0.00000
1790955030501,ENT,S,1,1.12464,1982811448,0.00000
1790955072386,EXT,L,15,1.12493,1982812585,0.00000
1790955073386,OUT_BY,L,15,1.12493,1982235476,0.00000
1790955073386,OUT_BY,L,15,1.12388,1982812585,0.00000
1790955079196,ENT,S,2,1.12537,1982813655,0.00000
1790955148642,EXT,L,14,1.12563,1982829929,0.00000
1790955149651,OUT_BY,L,14,1.12563,1982203037,0.00000
1790955149651,OUT_BY,L,14,1.12461,1982829929,0.00000
1790955212096,ENT,L,14,1.12456,1982847201,0.00000
1790955215702,EXT,S,2,1.12437,1982832414,0.00000
1790955216731,OUT_BY,S,2,1.12437,1982813655,0.00000
1790955216731,OUT_BY,S,2,1.12537,1982832414,0.00000
1790955770256,ENT,L,15,1.12384,1982856914,0.00000
1790956166590,EXT,L,15,1.12494,1982923738,0.00000
1790956168218,OUT_BY,L,15,1.12494,1982856914,0.00000
1790956168218,OUT_BY,L,15,1.12384,1982923738,0.00000
1790956241419,ENT,S,2,1.12536,1982857500,0.00000
1790956456613,EXT,L,14,1.12559,1982961964,0.00000
1790956457649,OUT_BY,L,14,1.12559,1982847201,0.00000
1790956457649,OUT_BY,L,14,1.12456,1982961964,0.00000
1790956547651,ENT,S,3,1.12605,1982969123,0.00000
1790956741787,EXT,L,13,1.12631,1982988903,0.00000
1790956742612,OUT_BY,L,13,1.12631,1981329218,0.00000
1790956742612,OUT_BY,L,13,1.12531,1982988903,0.00000
1790957242333,ENT,L,8,1.12533,1983016829,0.00000
1790957381730,EXT,S,3,1.12505,1982996959,0.00000
1790957383363,OUT_BY,S,3,1.12505,1982969123,0.00000
1790957383363,OUT_BY,S,3,1.12605,1982996959,0.00000
1790957688772,ENT,L,9,1.12463,1983080941,0.00000
1790958129511,EXT,S,2,1.12435,1983091461,0.00000
1790958130937,OUT_BY,S,2,1.12435,1982857500,0.00000
1790958130937,OUT_BY,S,2,1.12536,1983091461,0.00000
1790958562415,ENT,S,2,1.12535,1983149416,0.00000
1790959508846,EXT,L,9,1.12563,1983114901,0.00000
1790959509271,OUT_BY,L,9,1.12563,1983080941,0.00000
1790959509271,OUT_BY,L,9,1.12463,1983114901,0.00000
1790959652693,ENT,S,3,1.12606,1983183405,0.00000
1790959762582,EXT,L,8,1.12634,1983285114,0.00000
1790959765016,OUT_BY,L,8,1.12634,1983016829,0.00000
1790959765016,OUT_BY,L,8,1.12533,1983285114,0.00000
1790959839550,ENT,S,4,1.12678,1983299155,0.00000
1790960264028,EXT,L,7,1.12711,1983309404,0.00000
1790960264679,OUT_BY,L,7,1.12711,1977728160,0.00000
1790960264679,OUT_BY,L,7,1.13174,1983309404,0.00000
1790960283905,ENT,L,2,1.12746,1983356374,0.00000
1790960345542,ENT,S,5,1.12751,1983316664,0.00000
1790960701302,ENT,S,6,1.12822,1983368337,0.00000
1790960947039,EXT,L,2,1.12847,1983360626,0.00000
1790960949131,OUT_BY,L,2,1.12847,1983356374,0.00000
1790960949131,OUT_BY,L,2,1.12746,1983360626,0.00000
1790960950656,ENT,L,2,1.12843,1983436242,0.00000
1790961106768,ENT,L,3,1.12773,1983436344,0.00000
1790963698165,EXT,S,6,1.12725,1983413278,0.00000
1790963698591,OUT_BY,S,6,1.12725,1983368337,0.00000
1790963698591,OUT_BY,S,6,1.12822,1983413278,0.00000
1790964258234,ENT,L,4,1.12702,1983449572,0.00000
1790964651984,EXT,S,5,1.12651,1983634179,0.00000
1790964653215,OUT_BY,S,5,1.12651,1983316664,0.00000
1790964653215,OUT_BY,S,5,1.12751,1983634179,0.00000
1790964945247,ENT,L,5,1.12632,1983681597,0.00000
1790965471667,EXT,S,4,1.12577,1983712016,0.00000
1790965473105,OUT_BY,S,4,1.12577,1983299155,0.00000
1790965473105,OUT_BY,S,4,1.12678,1983712016,0.00000
1790965492541,ENT,L,6,1.12562,1983732798,0.00000
1790969155182,EXT,S,3,1.12506,1983764900,0.00000
1790969155809,OUT_BY,S,3,1.12506,1983183405,0.00000
1790969155809,OUT_BY,S,3,1.12606,1983764900,0.00000
1790970510823,ENT,S,3,1.12609,1983978987,0.00000
1790976201282,EXT,S,3,1.12509,1984015198,0.00000
1790976202714,OUT_BY,S,3,1.12509,1983978987,0.00000
1790976202714,OUT_BY,S,3,1.12609,1984015198,0.00000
1790978098543,ENT,L,7,1.12492,1983767280,0.00000
1790979887700,EXT,L,7,1.12594,1984248136,0.00000
1790979888221,OUT_BY,L,7,1.12594,1983767280,0.00000
1790979888221,OUT_BY,L,7,1.12492,1984248136,0.00000
1791164991982,ENT,S,3,1.12605,1984201562,0.00000
1791169937614,EXT,S,3,1.12505,1985071536,0.00000
1791169938248,OUT_BY,S,3,1.12505,1984201562,0.00000
1791169938248,OUT_BY,S,3,1.12605,1985071536,0.00000
1791170006871,ENT,L,7,1.12492,1984302101,0.00000
1791171968635,EXT,S,2,1.12431,1985221129,0.00000
1791171970461,OUT_BY,S,2,1.12431,1983149416,0.00000
1791171970461,OUT_BY,S,2,1.12535,1985221129,0.00000
1791172289534,ROLL,L,2,0.00000,1983436242,1.12422
1791173718602,EXT,S,1,1.12362,1985302096,0.00000
1791173719051,OUT_BY,S,1,1.12362,1982811448,0.00000
1791173719051,OUT_BY,S,1,1.12464,1985302096,0.00000
1791173721216,ENT,S,1,1.12365,1985371786,0.00000
1791174083479,ROLL,L,3,0.00000,1983436344,1.12352
1791176896691,ROLL,L,4,0.00000,1983449572,1.12282
1791177146939,EXT,S,1,1.12252,1985371841,0.00000
1791177147345,OUT_BY,S,1,1.12252,1985371786,0.00000
1791177147345,OUT_BY,S,1,1.12365,1985371841,0.00000
1791177437893,ROLL,L,5,0.00000,1983681597,1.12212
1791177541630,EXT,S,0,1.12187,1982764022,0.00000
1791177542084,OUT_BY,S,0,1.12187,1982703029,0.00000
1791177542084,OUT_BY,S,0,1.12287,1982764022,0.00000
1791177555487,ROLL,L,6,0.00000,1983732798,1.12142
1791178587125,ROLL,L,7,0.00000,1984302101,1.12072
1791179453020,ENT,S,0,1.11950,1985506880,0.00000
1791179685062,EXT,S,0,1.11851,1985620478,0.00000
1791179685493,OUT_BY,S,0,1.11851,1985506880,0.00000
1791179685493,OUT_BY,S,0,1.11950,1985620478,0.00000
1791179889586,ENT,S,0,1.11749,1985632420,0.00000
1791180137855,ENT,S,1,1.11817,1985650082,0.00000
1791180380222,EXT,S,1,1.11705,1985670629,0.00000
1791180380577,OUT_BY,S,1,1.11705,1985650082,0.00000
1791180380577,OUT_BY,S,1,1.11817,1985670629,0.00000
1791180431448,EXT,S,0,1.11642,1985650054,0.00000
1791180431880,OUT_BY,S,0,1.11642,1985632420,0.00000
1791180431880,OUT_BY,S,0,1.11749,1985650054,0.00000
1791180566869,ENT,S,0,1.11713,1985688362,0.00000
1791180730977,ENT,S,1,1.11783,1985695298,0.00000
1791181609401,ENT,S,2,1.11852,1985701765,0.00000
1791182366603,EXT,S,2,1.11749,1985730335,0.00000
1791182367455,OUT_BY,S,2,1.11749,1985701765,0.00000
1791182367455,OUT_BY,S,2,1.11852,1985730335,0.00000
1791183130913,EXT,S,1,1.11682,1985756523,0.00000
1791183131362,OUT_BY,S,1,1.11682,1985695298,0.00000
1791183131362,OUT_BY,S,1,1.11783,1985756523,0.00000
1791183921941,EXT,S,0,1.11613,1985695281,0.00000
1791183923980,OUT_BY,S,0,1.11613,1985688362,0.00000
1791183923980,OUT_BY,S,0,1.11713,1985695281,0.00000
1791183998989,ENT,S,0,1.11684,1985806853,0.00000
1791186098830,ENT,S,1,1.11755,1985808618,0.00000
1791187188992,ENT,S,2,1.11826,1985901473,0.00000
1791189972052,ENT,S,3,1.11896,1985927268,0.00000
1791191194190,ENT,S,4,1.11966,1986021805,0.00000
1791192511696,EXT,S,4,1.11866,1986083524,0.00000
1791192512137,OUT_BY,S,4,1.11866,1986021805,0.00000
1791192512137,OUT_BY,S,4,1.11966,1986083524,0.00000
1791192835074,EXT,S,3,1.11794,1986148537,0.00000
1791192836122,OUT_BY,S,3,1.11794,1985927268,0.00000
1791192836122,OUT_BY,S,3,1.11896,1986148537,0.00000
1791192923965,EXT,S,2,1.11727,1986163501,0.00000
1791192924803,OUT_BY,S,2,1.11727,1985901473,0.00000
1791192924803,OUT_BY,S,2,1.11826,1986163501,0.00000
1791193378002,ENT,S,2,1.11824,1986168553,0.00000
1791194117750,ENT,S,3,1.11894,1986184228,0.00000
1791196358902,ENT,S,4,1.11964,1986210743,0.00000
1791196874626,ENT,S,5,1.12037,1986315360,0.00000
1791200784947,ENT,S,6,1.12107,1986336082,0.00000
1791202294094,EXT,L,7,1.12173,1985557736,0.00000
1791202295182,OUT_BY,L,7,1.12173,1984302101,0.00000
1791202295182,OUT_BY,L,7,1.12492,1985557736,0.00000
1791202299533,ENT,S,7,1.12174,1986540363,0.00000
1791204295370,EXT,S,7,1.12074,1986606366,0.00000
1791204296612,OUT_BY,S,7,1.12074,1986540363,0.00000
1791204296612,OUT_BY,S,7,1.12174,1986606366,0.00000
1791204301600,ENT,L,7,1.12069,1986606262,0.00000
1791208444532,EXT,S,6,1.12007,1986673954,0.00000
1791208446176,OUT_BY,S,6,1.12007,1986336082,0.00000
1791208446176,OUT_BY,S,6,1.12107,1986673954,0.00000
1791208480293,ROLL,L,7,0.00000,1986606262,1.11999
1791210517773,EXT,L,7,1.12104,1986674919,0.00000
1791210518360,ENT,S,6,1.12108,1986784991,0.00000
1791210518396,OUT_BY,L,7,1.12104,1986606262,0.00000
1791210518396,OUT_BY,L,7,1.12069,1986674919,0.00000
1791211010926,ENT,L,7,1.12071,1986876360,0.00000
1791213743895,EXT,S,6,1.12005,1986876219,0.00000
1791213744538,OUT_BY,S,6,1.12005,1986784991,0.00000
1791213744538,OUT_BY,S,6,1.12108,1986876219,0.00000
1791213771337,ROLL,L,7,0.00000,1986876360,1.12001
1791214197734,EXT,L,7,1.12104,1986910311,0.00000
1791214200424,OUT_BY,L,7,1.12104,1986876360,0.00000
1791214200424,OUT_BY,L,7,1.12071,1986910311,0.00000
1791214201963,ENT,S,6,1.12109,1987025438,0.00000
1791214808295,ENT,L,7,1.12071,1987048685,0.00000
1791217701663,EXT,S,6,1.12009,1987049427,0.00000
1791217702102,OUT_BY,S,6,1.12009,1987025438,0.00000
1791217702102,OUT_BY,S,6,1.12109,1987049427,0.00000
1791217863261,ROLL,L,7,0.00000,1987048685,1.12001
1791218176828,EXT,S,5,1.11932,1987221843,0.00000
1791218177329,OUT_BY,S,5,1.11932,1986315360,0.00000
1791218177329,OUT_BY,S,5,1.12037,1987221843,0.00000
1791222467786,ENT,S,5,1.12036,1987260003,0.00000
1791223238871,EXT,L,7,1.12097,1987078330,0.00000
1791223239731,OUT_BY,L,7,1.12097,1987048685,0.00000
1791223239731,OUT_BY,L,7,1.12071,1987078330,0.00000
1791223268811,ENT,S,6,1.12106,1987549880,0.00000
1791227168652,ENT,L,7,1.12070,1987593353,0.00000
1791230703572,EXT,S,6,1.12005,1987594593,0.00000
1791230704003,OUT_BY,S,6,1.12005,1987549880,0.00000
1791230704003,OUT_BY,S,6,1.12106,1987594593,0.00000
1791230723101,ROLL,L,7,0.00000,1987593353,1.12000
1791233856936,EXT,L,7,1.12101,1987782551,0.00000
1791233857369,OUT_BY,L,7,1.12101,1987593353,0.00000
1791233857369,OUT_BY,L,7,1.12070,1987782551,0.00000
1791233997344,ENT,S,6,1.12106,1987903330,0.00000
1791238759080,ENT,S,7,1.12177,1988007298,0.00000
1791244201587,EXT,L,6,1.12245,1988004087,0.00000
1791244202632,OUT_BY,L,6,1.12245,1983732798,0.00000
1791244202632,OUT_BY,L,6,1.12562,1988004087,0.00000
1791244208002,ROLL,S,0,0.00000,1985806853,1.12247
1791255837804,EXT,S,0,1.12148,1985808612,0.00000
1791255839050,OUT_BY,S,0,1.12148,1985806853,0.00000
1791255839050,OUT_BY,S,0,1.11684,1985808612,0.00000
1791255959111,ENT,L,6,1.12143,1988240492,0.00000
1791259212872,EXT,L,6,1.12246,1988423056,0.00000
1791259216342,OUT_BY,L,6,1.12246,1988240492,0.00000
1791259216342,OUT_BY,L,6,1.12143,1988423056,0.00000
1791259222722,ENT,S,8,1.12247,1988419920,0.00000
1791263686806,EXT,S,8,1.12145,1988537242,0.00000
1791263700330,OUT_BY,S,8,1.12145,1988419920,0.00000
1791263700330,OUT_BY,S,8,1.12247,1988537242,0.00000
1791263834656,ENT,L,6,1.12141,1988537341,0.00000
1791269033753,EXT,L,6,1.12243,1988697118,0.00000
1791269034180,OUT_BY,L,6,1.12243,1988537341,0.00000
1791269034180,OUT_BY,L,6,1.12141,1988697118,0.00000
1791269141526,ENT,S,8,1.12247,1988693327,0.00000
1791275238001,EXT,S,8,1.12147,1988941933,0.00000
1791275239635,OUT_BY,S,8,1.12147,1988693327,0.00000
1791275239635,OUT_BY,S,8,1.12247,1988941933,0.00000
1791275248817,ENT,L,6,1.12142,1988935276,0.00000
1791277545197,EXT,S,7,1.12077,1989108323,0.00000
1791277545834,OUT_BY,S,7,1.12077,1988007298,0.00000
1791277545834,OUT_BY,S,7,1.12177,1989108323,0.00000
1791277597315,ENT,L,7,1.12069,1989109100,0.00000
1791281707377,EXT,L,7,1.12170,1989193439,0.00000
1791281707800,OUT_BY,L,7,1.12170,1989109100,0.00000
1791281707800,OUT_BY,L,7,1.12069,1989193439,0.00000
1791281714845,ENT,S,7,1.12176,1989191279,0.00000
1791282942496,EXT,L,6,1.12243,1989375563,0.00000
1791282942935,OUT_BY,L,6,1.12243,1988935276,0.00000
1791282942935,OUT_BY,L,6,1.12142,1989375563,0.00000
1791282975095,ENT,S,8,1.12246,1989377615,0.00000
1791283852607,ROLL,S,1,0.00000,1985808618,1.12316
1791283999492,EXT,L,5,1.12327,1989442917,0.00000
1791284001734,OUT_BY,L,5,1.12327,1983681597,0.00000
1791284001734,OUT_BY,L,5,1.12632,1989442917,0.00000
1791284255594,ROLL,S,2,0.00000,1986168553,1.12386
1791284271118,EXT,L,4,1.12398,1989481307,0.00000
1791284271972,OUT_BY,L,4,1.12398,1983449572,0.00000
1791284271972,OUT_BY,L,4,1.12702,1989481307,0.00000
1791284913104,EXT,S,2,1.12289,1989476160,0.00000
1791284913754,OUT_BY,S,2,1.12289,1986168553,0.00000
1791284913754,OUT_BY,S,2,1.11824,1989476160,0.00000
1791285372780,ENT,L,4,1.12282,1989492240,0.00000
1791286623041,EXT,L,4,1.12385,1989550417,0.00000
1791286624270,ENT,S,9,1.12386,1989527413,0.00000
1791286624283,OUT_BY,L,4,1.12385,1989492240,0.00000
1791286624283,OUT_BY,L,4,1.12282,1989550417,0.00000
1791286877356,ROLL,S,3,0.00000,1986184228,1.12456
1791286992739,EXT,L,3,1.12468,1989602527,0.00000
1791286994180,OUT_BY,L,3,1.12468,1983436344,0.00000
1791286994180,OUT_BY,L,3,1.12773,1989602527,0.00000
1791288851662,EXT,S,3,1.12357,1989491697,0.00000
1791288852902,OUT_BY,S,3,1.12357,1986184228,0.00000
1791288852902,OUT_BY,S,3,1.11894,1989491697,0.00000
1791289255991,ENT,L,3,1.12347,1989623846,0.00000
1791290041865,EXT,L,3,1.12445,1989730649,0.00000
1791290042701,OUT_BY,L,3,1.12445,1989623846,0.00000
1791290042701,OUT_BY,L,3,1.12347,1989730649,0.00000
1791290066012,ENT,S,10,1.12459,1989711943,0.00000
1791296130576,ROLL,S,4,0.00000,1986210743,1.12529
1791296133112,EXT,L,2,1.12540,1989759976,0.00000
1791296133549,OUT_BY,L,2,1.12540,1983436242,0.00000
1791296133549,OUT_BY,L,2,1.12843,1989759976,0.00000
1791296148172,ENT,L,2,1.12532,1989956922,0.00000
1791296731139,ROLL,S,5,0.00000,1987260003,1.12599
1791296737567,EXT,L,2,1.12632,1989957980,0.00000
1791296737975,OUT_BY,L,2,1.12632,1989956922,0.00000
1791296737975,OUT_BY,L,2,1.12532,1989957980,0.00000
1791296767343,ENT,L,2,1.12646,1989992402,0.00000
1791297649179,ROLL,S,6,0.00000,1987903330,1.12669
1791298993535,ROLL,S,7,0.00000,1989191279,1.12739
1791299001159,EXT,L,2,1.12746,1989994082,0.00000
1791299002361,OUT_BY,L,2,1.12746,1989992402,0.00000
1791299002361,OUT_BY,L,2,1.12646,1989994082,0.00000
1791299003915,ENT,L,2,1.12746,1990103571,0.00000
1791299190016,ENT,L,3,1.12676,1990103611,0.00000
1791300499255,EXT,S,7,1.12639,1990039418,0.00000
1791300502500,OUT_BY,S,7,1.12639,1989191279,0.00000
1791300502500,OUT_BY,S,7,1.12176,1990039418,0.00000
1791301504765,ENT,L,4,1.12605,1990112259,0.00000
1791301992334,EXT,S,6,1.12568,1990173678,0.00000
1791301992768,OUT_BY,S,6,1.12568,1987903330,0.00000
1791301992768,OUT_BY,S,6,1.12106,1990173678,0.00000
1791303973239,ENT,L,5,1.12535,1990221702,0.00000
1791304768433,EXT,S,5,1.12494,1990257549,0.00000
1791304768866,OUT_BY,S,5,1.12494,1987260003,0.00000
1791304768866,OUT_BY,S,5,1.12036,1990257549,0.00000
1791308458951,ENT,L,6,1.12462,1990353711,0.00000
1791309218112,EXT,L,6,1.12563,1990629767,0.00000
1791309219161,OUT_BY,L,6,1.12563,1990353711,0.00000
1791309219161,OUT_BY,L,6,1.12462,1990629767,0.00000
1791310020257,ENT,S,11,1.12604,1990173681,0.00000
1791310557677,EXT,L,5,1.12635,1990668067,0.00000
1791310558484,OUT_BY,L,5,1.12635,1990221702,0.00000
1791310558484,OUT_BY,L,5,1.12535,1990668067,0.00000
1791311763861,ENT,S,12,1.12678,1990721610,0.00000
1791313873517,EXT,S,12,1.12578,1990791097,0.00000
1791313874160,OUT_BY,S,12,1.12578,1990721610,0.00000
1791313874160,OUT_BY,S,12,1.12678,1990791097,0.00000
1791340987570,ENT,L,5,1.12534,1990743177,0.00000
1791342461761,EXT,S,11,1.12508,1990865606,0.00000
1791342462995,OUT_BY,S,11,1.12508,1990173681,0.00000
1791342462995,OUT_BY,S,11,1.12604,1990865606,0.00000
1791345704508,ENT,L,6,1.12467,1991426477,0.00000
1791346901159,EXT,S,4,1.12433,1991467385,0.00000
1791346902281,OUT_BY,S,4,1.12433,1986210743,0.00000
1791346902281,OUT_BY,S,4,1.11964,1991467385,0.00000
1791348871817,ENT,L,7,1.12397,1991578986,0.00000
1791349441408,EXT,S,10,1.12364,1991612161,0.00000
1791349444659,OUT_BY,S,10,1.12364,1989711943,0.00000
1791349444659,OUT_BY,S,10,1.12459,1991612161,0.00000
1791358042902,EXT,S,9,1.12287,1991707921,0.00000
1791358044910,OUT_BY,S,9,1.12287,1989527413,0.00000
1791358044910,OUT_BY,S,9,1.12386,1991707921,0.00000
1791365153022,EXT,S,1,1.12218,1991925809,0.00000
1791365153859,OUT_BY,S,1,1.12218,1985808618,0.00000
1791365153859,OUT_BY,S,1,1.11755,1991925809,0.00000
1791365724020,ENT,S,9,1.12318,1991925916,0.00000
1791368120066,EXT,S,9,1.12218,1992155301,0.00000
1791368121700,OUT_BY,S,9,1.12218,1991925916,0.00000
1791368121700,OUT_BY,S,9,1.12318,1992155301,0.00000
1791368477214,EXT,S,8,1.12150,1990102658,0.00000
1791368477280,ROLL,L,2,0.00000,1990103571,1.12327
1791368477624,ROLL,L,3,0.00000,1990103611,1.12257
1791368477642,OUT_BY,S,8,1.12150,1989377615,0.00000
1791368477642,OUT_BY,S,8,1.12246,1990102658,0.00000
1791368477966,ROLL,L,4,0.00000,1990112259,1.12187
1791368623484,ENT,S,0,1.12147,1992246870,0.00000
1791369624020,EXT,S,0,1.12047,1992253700,0.00000
1791369625678,ROLL,L,5,0.00000,1990743177,1.12117
1791369626013,ROLL,L,6,0.00000,1991426477,1.12047
1791369626072,OUT_BY,S,0,1.12047,1992246870,0.00000
1791369626072,OUT_BY,S,0,1.12147,1992253700,0.00000
1791369736527,ENT,S,0,1.12068,1992298213,0.00000
1791370392183,EXT,S,0,1.11958,1992300844,0.00000
1791370392619,ROLL,L,7,0.00000,1991578986,1.11977
1791370393007,OUT_BY,S,0,1.11958,1992298213,0.00000
1791370393007,OUT_BY,S,0,1.12068,1992300844,0.00000
1791370439027,ROLL,L,0,0.00000,1975880441,1.11907
1791370465633,ENT,S,0,1.11919,1992329200,0.00000
1791370628397,EXT,S,0,1.11819,1992332568,0.00000
1791370628715,ROLL,L,1,0.00000,1975959172,1.11837
1791370628876,OUT_BY,S,0,1.11819,1992329200,0.00000
1791370628876,OUT_BY,S,0,1.11919,1992332568,0.00000
1791370642441,ENT,S,0,1.11848,1992343631,0.00000
1791370806961,ENT,S,1,1.11918,1992344286,0.00000
1791371781331,EXT,S,1,1.11814,1992359173,0.00000
1791371782765,OUT_BY,S,1,1.11814,1992344286,0.00000
1791371782765,OUT_BY,S,1,1.11918,1992359173,0.00000
1791372089488,ENT,S,1,1.11920,1992404723,0.00000
1791373556606,ENT,S,2,1.11990,1992415448,0.00000
1791374538084,EXT,L,1,1.12013,1992331448,0.00000
1791374538526,OUT_BY,L,1,1.12013,1975959172,0.00000
1791374538526,OUT_BY,L,1,1.13600,1992331448,0.00000
1791376233780,EXT,S,2,1.11889,1992468142,0.00000
1791376234218,OUT_BY,S,2,1.11889,1992415448,0.00000
1791376234218,OUT_BY,S,2,1.11990,1992468142,0.00000
1791383270005,ENT,L,8,1.11838,1992502736,0.00000
1791383766761,EXT,S,1,1.11818,1992573111,0.00000
1791383767800,OUT_BY,S,1,1.11818,1992404723,0.00000
1791383767800,OUT_BY,S,1,1.11920,1992573111,0.00000
1791385838465,EXT,S,0,1.11747,1992344271,0.00000
1791385841126,OUT_BY,S,0,1.11747,1992343631,0.00000
1791385841126,OUT_BY,S,0,1.11848,1992344271,0.00000
1791385841557,ROLL,L,8,0.00000,1992502736,1.11768
1791385914108,ENT,S,0,1.11763,1992974742,0.00000
1791386683593,EXT,S,0,1.11663,1992977666,0.00000
1791386684235,ROLL,L,2,0.00000,1990103571,1.11698
1791386684414,OUT_BY,S,0,1.11663,1992974742,0.00000
1791386684414,OUT_BY,S,0,1.11763,1992977666,0.00000
1791386743866,ENT,S,0,1.11685,1993020863,0.00000
1791388827038,ENT,S,1,1.11755,1993027317,0.00000
1791389942253,EXT,L,2,1.11822,1992343611,0.00000
1791389942688,OUT_BY,L,2,1.11822,1990103571,0.00000
1791389942688,OUT_BY,L,2,1.12746,1992343611,0.00000
1791389945259,ENT,S,2,1.11826,1993272814,0.00000
1791392397547,EXT,L,8,1.11868,1993336960,0.00000
1791392398381,OUT_BY,L,8,1.11868,1992502736,0.00000
1791392398381,OUT_BY,L,8,1.11838,1993336960,0.00000
1791392501973,ENT,S,3,1.11895,1993337448,0.00000
1791392625077,ENT,L,8,1.11832,1993509926,0.00000
1791392779416,EXT,S,3,1.11789,1993525289,0.00000
1791392780144,OUT_BY,S,3,1.11789,1993337448,0.00000
1791392780144,OUT_BY,S,3,1.11895,1993525289,0.00000
1791394791724,ENT,S,3,1.11897,1993541986,0.00000
1791395472381,EXT,L,8,1.11934,1993534370,0.00000
1791395473166,OUT_BY,L,8,1.11934,1993509926,0.00000
1791395473166,OUT_BY,L,8,1.11832,1993534370,0.00000
1791396795653,ENT,S,4,1.11979,1993654739,0.00000
1791397574368,EXT,S,4,1.11879,1993764051,0.00000
1791397574793,OUT_BY,S,4,1.11879,1993654739,0.00000
1791397574793,OUT_BY,S,4,1.11979,1993764051,0.00000
1791398976736,ENT,L,8,1.11835,1993689101,0.00000
1791400065225,EXT,L,8,1.11935,1993889246,0.00000
1791400065644,OUT_BY,L,8,1.11935,1993689101,0.00000
1791400065644,OUT_BY,L,8,1.11835,1993889246,0.00000
1791400732798,ENT,S,4,1.11969,1993814348,0.00000
1791434485901,ENT,S,5,1.12039,1993971452,0.00000
1791434950855,EXT,L,0,1.12073,1993951575,0.00000
1791434951275,OUT_BY,L,0,1.12073,1975880441,0.00000
1791434951275,OUT_BY,L,0,1.13670,1993951575,0.00000
1791435510893,EXT,L,7,1.12085,1994938648,0.00000
1791435511912,OUT_BY,L,7,1.12085,1991578986,0.00000
1791435511912,OUT_BY,L,7,1.12397,1994938648,0.00000
1791436501153,ENT,S,6,1.12109,1994918629,0.00000
1791439279784,EXT,S,6,1.12009,1994986272,0.00000
1791439281019,OUT_BY,S,6,1.12009,1994918629,0.00000
1791439281019,OUT_BY,S,6,1.12109,1994986272,0.00000
1791449451174,ENT,L,7,1.11975,1994957871,0.00000
1791449696062,EXT,S,5,1.11939,1995073017,0.00000
1791449696709,OUT_BY,S,5,1.11939,1993971452,0.00000
1791449696709,OUT_BY,S,5,1.12039,1995073017,0.00000
1791450426924,ENT,L,8,1.11905,1995338743,0.00000
1791451397940,EXT,L,8,1.12006,1995387453,0.00000
1791451398365,OUT_BY,L,8,1.12006,1995338743,0.00000
1791451398365,OUT_BY,L,8,1.11905,1995387453,0.00000
1791452485946,ENT,S,5,1.12040,1995355597,0.00000
1791453370707,EXT,S,5,1.11939,1995451421,0.00000
1791453371746,OUT_BY,S,5,1.11939,1995355597,0.00000
1791453371746,OUT_BY,S,5,1.12040,1995451421,0.00000
1791453603769,ENT,L,8,1.11905,1995414921,0.00000
1791453666884,EXT,S,4,1.11870,1995484508,0.00000
1791453667707,OUT_BY,S,4,1.11870,1993814348,0.00000
1791453667707,OUT_BY,S,4,1.11969,1995484508,0.00000
1791453996395,ENT,L,9,1.11830,1995493374,0.00000
1791454435080,EXT,L,9,1.11933,1995513156,0.00000
1791454435517,OUT_BY,L,9,1.11933,1995493374,0.00000
1791454435517,OUT_BY,L,9,1.11830,1995513156,0.00000
1791455101014,ENT,S,4,1.11966,1995499777,0.00000
1791459006825,EXT,L,8,1.12004,1995529996,0.00000
1791459007399,OUT_BY,L,8,1.12004,1995414921,0.00000
1791459007399,OUT_BY,L,8,1.11905,1995529996,0.00000
1791459232304,ENT,L,8,1.11904,1995688845,0.00000
1791459447651,EXT,S,4,1.11866,1995554320,0.00000
1791459448268,OUT_BY,S,4,1.11866,1995499777,0.00000
1791459448268,OUT_BY,S,4,1.11966,1995554320,0.00000
1791461551283,ENT,L,9,1.11834,1995702547,0.00000
1791464690423,EXT,S,3,1.11797,1995709274,0.00000
1791464691038,OUT_BY,S,3,1.11797,1993541986,0.00000
1791464691038,OUT_BY,S,3,1.11897,1995709274,0.00000
1791466467005,ENT,L,10,1.11762,1995785109,0.00000
1791467575149,EXT,L,10,1.11862,1995951357,0.00000
1791467575986,OUT_BY,L,10,1.11862,1995785109,0.00000
1791467575986,OUT_BY,L,10,1.11762,1995951357,0.00000
1791468392801,ENT,L,10,1.11761,1996004173,0.00000
1791470161131,EXT,S,2,1.11725,1995877765,0.00000
1791470163942,OUT_BY,S,2,1.11725,1993272814,0.00000
1791470163942,OUT_BY,S,2,1.11826,1995877765,0.00000
1791470603990,ENT,S,2,1.11825,1996098283,0.00000
1791471999983,EXT,L,10,1.11861,1996037685,0.00000
1791472000391,OUT_BY,L,10,1.11861,1996004173,0.00000
1791472000391,OUT_BY,L,10,1.11761,1996037685,0.00000
1791472640373,ENT,S,3,1.11896,1996130656,0.00000
1791473106247,EXT,L,9,1.11935,1996183252,0.00000
1791473106671,OUT_BY,L,9,1.11935,1995702547,0.00000
1791473106671,OUT_BY,L,9,1.11834,1996183252,0.00000
1791473340660,ENT,S,4,1.11967,1996207003,0.00000
1791474244573,EXT,S,4,1.11865,1996237090,0.00000
1791474247625,OUT_BY,S,4,1.11865,1996207003,0.00000
1791474247625,OUT_BY,S,4,1.11967,1996237090,0.00000
1791474915819,ENT,L,9,1.11833,1996226793,0.00000
1791475691749,EXT,L,9,1.11933,1996313384,0.00000
1791475692423,OUT_BY,L,9,1.11933,1996226793,0.00000
1791475692423,OUT_BY,L,9,1.11833,1996313384,0.00000
1791477171236,ENT,S,4,1.11966,1996280153,0.00000
1791479275189,EXT,L,8,1.12004,1996361792,0.00000
1791479275616,OUT_BY,L,8,1.12004,1995688845,0.00000
1791479275616,OUT_BY,L,8,1.11904,1996361792,0.00000
1791479928412,ENT,S,5,1.12036,1996435897,0.00000
1791480267988,EXT,L,7,1.12075,1996564440,0.00000
1791480268474,OUT_BY,L,7,1.12075,1994957871,0.00000
1791480268474,OUT_BY,L,7,1.11975,1996564440,0.00000
1791480323692,ENT,S,6,1.12107,1996597977,0.00000
1791480533462,EXT,L,6,1.12154,1996620115,0.00000
1791480534447,OUT_BY,L,6,1.12154,1991426477,0.00000
1791480534447,OUT_BY,L,6,1.12467,1996620115,0.00000
1791480640481,ENT,S,7,1.12177,1996623438,0.00000
1791480830301,EXT,L,5,1.12225,1996632381,0.00000
1791480830705,OUT_BY,L,5,1.12225,1990743177,0.00000
1791480830705,OUT_BY,L,5,1.12534,1996632381,0.00000
1791481985893,ENT,L,5,1.12116,1996648241,0.00000
1791482295969,EXT,S,7,1.12078,1996641080,0.00000
1791482296466,OUT_BY,S,7,1.12078,1996623438,0.00000
1791482296466,OUT_BY,S,7,1.12177,1996641080,0.00000
1791483290570,ENT,L,6,1.12045,1996716283,0.00000
1791483533694,EXT,S,6,1.12006,1996730324,0.00000
1791483534120,OUT_BY,S,6,1.12006,1996597977,0.00000
1791483534120,OUT_BY,S,6,1.12107,1996730324,0.00000
1791483555994,ENT,L,7,1.11974,1996779629,0.00000
1791485266631,EXT,S,5,1.11935,1996794380,0.00000
1791485268895,OUT_BY,S,5,1.11935,1996435897,0.00000
1791485268895,OUT_BY,S,5,1.12036,1996794380,0.00000
1791485329131,ENT,L,8,1.11900,1996795985,0.00000
1791486492410,EXT,S,4,1.11866,1996863739,0.00000
1791486493704,OUT_BY,S,4,1.11866,1996280153,0.00000
1791486493704,OUT_BY,S,4,1.11966,1996863739,0.00000
1791487042367,ENT,S,4,1.11947,1996920672,0.00000
1791487054600,EXT,L,8,1.12014,1996865489,0.00000
1791487054953,OUT_BY,L,8,1.12014,1996795985,0.00000
1791487054953,OUT_BY,L,8,1.11900,1996865489,0.00000
1791487057669,ENT,S,5,1.12016,1996953795,0.00000
1791487274119,EXT,S,5,1.11916,1996961539,0.00000
1791487274845,OUT_BY,S,5,1.11916,1996953795,0.00000
1791487274845,OUT_BY,S,5,1.12016,1996961539,0.00000
1791487807646,ENT,L,8,1.11903,1996960619,0.00000
1791489721100,EXT,L,8,1.12003,1997011875,0.00000
1791489721936,OUT_BY,L,8,1.12003,1996960619,0.00000
1791489721936,OUT_BY,L,8,1.11903,1997011875,0.00000
1791489784071,ENT,S,5,1.12020,1996987944,0.00000
1791490415557,EXT,L,7,1.12074,1997098387,0.00000
1791490416791,OUT_BY,L,7,1.12074,1996779629,0.00000
1791490416791,OUT_BY,L,7,1.11974,1997098387,0.00000
1791490556641,ENT,S,6,1.12090,1997102824,0.00000
1791490675097,EXT,L,6,1.12145,1997138378,0.00000
1791490675976,OUT_BY,L,6,1.12145,1996716283,0.00000
1791490675976,OUT_BY,L,6,1.12045,1997138378,0.00000
1791490684244,ENT,S,7,1.12163,1997146526,0.00000
1791493631860,EXT,S,7,1.12063,1997160655,0.00000
1791493641962,OUT_BY,S,7,1.12063,1997146526,0.00000
1791493641962,OUT_BY,S,7,1.12163,1997160655,0.00000
1791493777399,ENT,L,6,1.12043,1997157694,0.00000
1791499976433,EXT,L,6,1.12143,1997288897,0.00000
1791499980473,OUT_BY,L,6,1.12143,1997157694,0.00000
1791499980473,OUT_BY,L,6,1.12043,1997288897,0.00000
1791500867157,ENT,S,7,1.12160,1997285774,0.00000
