seg_id,instance,magic,from_ms,to_ms,width_l,width_s,add_l,add_s,exit_l,exit_s,cap,stranded,deadband,lattice,reroll,gate,carry,fill_time_place,reserve,seed_file,ticks_file,orders_file
1,GRIND_EURUSD_OPTB,22260201,1790837932001,1790900826000,7.0,7.0,7.0,7.0,10.0,10.0,8,14.0,4.0,1,0,-1,1,1,8,seed_1.csv,ticks_53077984_EURUSD_w2.csv,orders_1.csv
2,GRIND_EURUSD_OPTB,22260201,1790900826000,1790920576002,7.0,7.0,7.0,7.0,10.0,10.0,8,14.0,4.0,1,0,-1,1,1,8,seed_2.csv,ticks_53077984_EURUSD_w2.csv,orders_2.csv
3,GRIND_EURUSD_OPTB,22260201,1790920576002,1790961652001,7.0,7.0,7.0,7.0,10.0,10.0,8,8.0,4.0,1,0,-1,1,1,8,seed_3.csv,ticks_53077984_EURUSD_w2.csv,orders_3.csv
4,GRIND_EURUSD_OPTB,22260201,1790961652001,1791252994001,7.0,7.0,7.0,7.0,10.0,10.0,8,8.0,4.0,1,0,-1,1,1,8,seed_4.csv,ticks_53077984_EURUSD_w2.csv,orders_4.csv
5,GRIND_EURUSD_OPTB,22260201,1791252994001,1791253193000,7.0,7.0,7.0,7.0,10.0,10.0,8,8.0,4.0,1,0,-1,1,1,8,seed_5.csv,ticks_53077984_EURUSD_w2.csv,orders_5.csv
6,GRIND_EURUSD_OPTB,22260201,1791253193000,1791268423001,7.0,7.0,7.0,7.0,10.0,10.0,8,8.0,4.0,1,1,-1,1,1,8,seed_6.csv,ticks_53077984_EURUSD_w2.csv,orders_6.csv
7,GRIND_EURUSD_OPTB,22260201,1791268423001,1791350283005,2.0,2.0,7.0,7.0,10.0,10.0,8,3.0,2.0,1,1,-1,1,1,8,seed_7.csv,ticks_53077984_EURUSD_w2.csv,orders_7.csv
8,GRIND_EURUSD_OPTB,22260201,1791350283005,1791350480000,2.0,2.0,7.0,7.0,10.0,10.0,8,3.0,2.0,1,1,-1,1,1,8,seed_8.csv,ticks_53077984_EURUSD_w2.csv,orders_8.csv
9,GRIND_EURUSD_OPTB,22260201,1791350480000,1791507600000,2.0,2.0,7.0,7.0,10.0,10.0,8,3.0,2.0,1,1,0,1,1,8,seed_9.csv,ticks_53077984_EURUSD_w2.csv,orders_9.csv
