seg_id,instance,magic,from_ms,to_ms,width_l,width_s,add_l,add_s,exit_l,exit_s,cap,stranded,deadband,lattice,reroll,gate,carry,fill_time_place,reserve,seed_file,ticks_file
20,GRIND_EURUSD_OPTD,22260201,1790842378000,1790846487288,7.0,7.0,7.0,7.0,10.0,10.0,8,14.0,4.0,1,0,-1,1,1,8,,ticks_53077984_EURUSD_w2.csv
21,GRIND_EURUSD_OPTD,22260201,1790846487288,1790900423001,7.0,7.0,7.0,7.0,9.0,9.0,8,14.0,4.0,1,0,-1,1,1,8,seed_21.csv,ticks_53077984_EURUSD_w2.csv
22,GRIND_EURUSD_OPTD,22260201,1790900423001,1790920989002,7.0,7.0,7.0,7.0,9.0,9.0,8,14.0,4.0,1,0,-1,1,1,8,seed_22.csv,ticks_53077984_EURUSD_w2.csv
23,GRIND_EURUSD_OPTD,22260201,1790920989002,1790961360001,7.0,7.0,7.0,7.0,9.0,9.0,8,8.0,4.0,1,0,-1,1,1,8,seed_23.csv,ticks_53077984_EURUSD_w2.csv
24,GRIND_EURUSD_OPTD,22260201,1790961360001,1791250681000,7.0,7.0,7.0,7.0,9.0,9.0,8,8.0,4.0,1,0,-1,1,1,8,seed_24.csv,ticks_53077984_EURUSD_w2.csv
25,GRIND_EURUSD_OPTD,22260201,1791250681000,1791250964000,7.0,7.0,7.0,7.0,9.0,9.0,8,8.0,4.0,1,0,-1,1,1,8,seed_25.csv,ticks_53077984_EURUSD_w2.csv
26,GRIND_EURUSD_OPTD,22260201,1791250964000,1791267621138,7.0,7.0,7.0,7.0,9.0,9.0,8,8.0,4.0,1,1,-1,1,1,8,seed_26.csv,ticks_53077984_EURUSD_w2.csv
27,GRIND_EURUSD_OPTD,22260201,1791267621138,1791349058001,2.0,2.0,7.0,7.0,11.0,11.0,8,3.0,2.0,1,1,-1,1,1,8,seed_27.csv,ticks_53077984_EURUSD_w2.csv
28,GRIND_EURUSD_OPTD,22260201,1791349058001,1791349296000,2.0,2.0,7.0,7.0,11.0,11.0,8,3.0,2.0,1,1,-1,1,1,8,seed_28.csv,ticks_53077984_EURUSD_w2.csv
29,GRIND_EURUSD_OPTD,22260201,1791349296000,1791507600000,2.0,2.0,7.0,7.0,11.0,11.0,8,3.0,2.0,1,1,0,1,1,8,seed_29.csv,ticks_53077984_EURUSD_w2.csv
