seg_id,sync_idx,time_ms,kind,code,json
11,-1,1790848650954,ea_event,,{"type":"fill_log","seq":0,"ea_time_ms":6333500,"magic":22260201,"deal_ticket":800000001,"order_ticket":9002,"position_id":900000001,"entry_type":"IN","deal_type":"SELL","side":"S","layer_index":0,"role":"ENT","deal_price":1.13176,"order_price_open":null,"slippage_pips":null,"volume":0.00,"profit":0.00,"swap":0.00,"commission":0.00,"deal_time_broker":"2026-10-01 09:57:30","deal_time_broker_msc":1790848650000,"halted_at_receipt":false,"quarantined_at_receipt":false}
11,-1,1790850219770,ea_event,,{"type":"fill_log","seq":1,"ea_time_ms":6333546,"magic":22260201,"deal_ticket":800000002,"order_ticket":9003,"position_id":900000002,"entry_type":"IN","deal_type":"SELL","side":"S","layer_index":0,"role":"EXT","deal_price":1.13076,"order_price_open":null,"slippage_pips":null,"volume":0.00,"profit":0.00,"swap":0.00,"commission":0.00,"deal_time_broker":"2026-10-01 10:23:39","deal_time_broker_msc":1790850219000,"halted_at_receipt":false,"quarantined_at_receipt":false}
11,-1,1790850219770,ea_event,,{"type":"fill_log","seq":2,"ea_time_ms":6333546,"magic":22260201,"deal_ticket":800000003,"order_ticket":700000003,"position_id":900000001,"entry_type":"OUT_BY","deal_type":"SELL","side":null,"layer_index":null,"role":null,"deal_price":1.13076,"order_price_open":null,"slippage_pips":null,"volume":0.00,"profit":1.00,"swap":0.00,"commission":0.00,"deal_time_broker":"2026-10-01 10:23:39","deal_time_broker_msc":1790850219000,"halted_at_receipt":false,"quarantined_at_receipt":false}
11,-1,1790850219770,ea_event,,{"type":"fill_log","seq":3,"ea_time_ms":6333546,"magic":22260201,"deal_ticket":800000004,"order_ticket":700000003,"position_id":900000002,"entry_type":"OUT_BY","deal_type":"SELL","side":null,"layer_index":null,"role":null,"deal_price":1.13176,"order_price_open":null,"slippage_pips":null,"volume":0.00,"profit":0.00,"swap":0.00,"commission":0.00,"deal_time_broker":"2026-10-01 10:23:39","deal_time_broker_msc":1790850219000,"halted_at_receipt":false,"quarantined_at_receipt":false}
11,-1,1790850219770,scalp,SCALP_CLOSED,{"close_time":"2026-10-01T10:23:39Z","instrument":"EURUSD","direction":"SHORT","entry_price":1.13176,"exit_price":1.13076,"layer_depth":0,"stack_depth":1,"gross_pnl":1.00,"instance_id":"GRIND_EURUSD_OPTC","ejected":false,"rolled":false,"broker_utc_offset_s":10800,"account_login":53077984}
11,-1,1790850226385,ea_event,ROLL_ACCEPTED,{"type":"ea_event","seq":4,"ea_time_ms":6333546,"magic":null,"level":"INFO","code":"ROLL_ACCEPTED","reason":null,"ticket":1975959171,"detail":{"ticket":1975959171,"side":"L","layer_index":1,"entry":1.13600,"level":1.13044,"target":1.13144,"accrued":0.00000,"clamped":false,"cost":0.00456,"cost_pips":45.6,"rolled":2,"was_ejected":false,"source":"auto","reroll":false,"from_level":0.00000}}
11,-1,1790850843177,ea_event,,{"type":"fill_log","seq":5,"ea_time_ms":6333578,"magic":22260201,"deal_ticket":800000005,"order_ticket":9005,"position_id":900000003,"entry_type":"IN","deal_type":"SELL","side":"S","layer_index":0,"role":"ENT","deal_price":1.13074,"order_price_open":null,"slippage_pips":null,"volume":0.00,"profit":0.00,"swap":0.00,"commission":0.00,"deal_time_broker":"2026-10-01 10:34:03","deal_time_broker_msc":1790850843000,"halted_at_receipt":false,"quarantined_at_receipt":false}
11,-1,1790852585540,ea_event,ROLL_ACCEPTED,{"type":"ea_event","seq":6,"ea_time_ms":6333640,"magic":null,"level":"INFO","code":"ROLL_ACCEPTED","reason":null,"ticket":1976074198,"detail":{"ticket":1976074198,"side":"L","layer_index":2,"entry":1.13530,"level":1.12984,"target":1.13084,"accrued":0.00000,"clamped":false,"cost":0.00446,"cost_pips":44.6,"rolled":3,"was_ejected":false,"source":"auto","reroll":false,"from_level":0.00000}}
11,-1,1790852596996,ea_event,,{"type":"fill_log","seq":7,"ea_time_ms":6333640,"magic":22260201,"deal_ticket":800000006,"order_ticket":9007,"position_id":900000004,"entry_type":"IN","deal_type":"SELL","side":"S","layer_index":0,"role":"EXT","deal_price":1.12974,"order_price_open":null,"slippage_pips":null,"volume":0.00,"profit":0.00,"swap":0.00,"commission":0.00,"deal_time_broker":"2026-10-01 11:03:16","deal_time_broker_msc":1790852596000,"halted_at_receipt":false,"quarantined_at_receipt":false}
11,-1,1790852596996,ea_event,,{"type":"fill_log","seq":8,"ea_time_ms":6333640,"magic":22260201,"deal_ticket":800000007,"order_ticket":700000007,"position_id":900000003,"entry_type":"OUT_BY","deal_type":"SELL","side":null,"layer_index":null,"role":null,"deal_price":1.12974,"order_price_open":null,"slippage_pips":null,"volume":0.00,"profit":1.00,"swap":0.00,"commission":0.00,"deal_time_broker":"2026-10-01 11:03:16","deal_time_broker_msc":1790852596000,"halted_at_receipt":false,"quarantined_at_receipt":false}
11,-1,1790852596996,ea_event,,{"type":"fill_log","seq":9,"ea_time_ms":6333640,"magic":22260201,"deal_ticket":800000008,"order_ticket":700000007,"position_id":900000004,"entry_type":"OUT_BY","deal_type":"SELL","side":null,"layer_index":null,"role":null,"deal_price":1.13074,"order_price_open":null,"slippage_pips":null,"volume":0.00,"profit":0.00,"swap":0.00,"commission":0.00,"deal_time_broker":"2026-10-01 11:03:16","deal_time_broker_msc":1790852596000,"halted_at_receipt":false,"quarantined_at_receipt":false}
11,-1,1790852596996,scalp,SCALP_CLOSED,{"close_time":"2026-10-01T11:03:16Z","instrument":"EURUSD","direction":"SHORT","entry_price":1.13074,"exit_price":1.12974,"layer_depth":0,"stack_depth":1,"gross_pnl":1.00,"instance_id":"GRIND_EURUSD_OPTC","ejected":false,"rolled":false,"broker_utc_offset_s":10800,"account_login":53077984}
11,-1,1790853145897,ea_event,ROLL_ACCEPTED,{"type":"ea_event","seq":10,"ea_time_ms":6333656,"magic":null,"level":"INFO","code":"ROLL_ACCEPTED","reason":null,"ticket":1976558640,"detail":{"ticket":1976558640,"side":"L","layer_index":3,"entry":1.13460,"level":1.12924,"target":1.13024,"accrued":0.00000,"clamped":false,"cost":0.00436,"cost_pips":43.6,"rolled":4,"was_ejected":false,"source":"auto","reroll":false,"from_level":0.00000}}
11,-1,1790853977115,ea_event,,{"type":"fill_log","seq":11,"ea_time_ms":6333671,"magic":22260201,"deal_ticket":800000009,"order_ticket":9009,"position_id":900000005,"entry_type":"IN","deal_type":"BUY","side":"L","layer_index":3,"role":"EXT","deal_price":1.13024,"order_price_open":null,"slippage_pips":null,"volume":0.00,"profit":0.00,"swap":0.00,"commission":0.00,"deal_time_broker":"2026-10-01 11:26:17","deal_time_broker_msc":1790853977000,"halted_at_receipt":false,"quarantined_at_receipt":false}
11,-1,1790853977115,ea_event,,{"type":"fill_log","seq":12,"ea_time_ms":6333671,"magic":22260201,"deal_ticket":800000010,"order_ticket":700000010,"position_id":1976558640,"entry_type":"OUT_BY","deal_type":"SELL","side":null,"layer_index":null,"role":null,"deal_price":1.13024,"order_price_open":null,"slippage_pips":null,"volume":0.00,"profit":-4.36,"swap":-0.25,"commission":0.00,"deal_time_broker":"2026-10-01 11:26:17","deal_time_broker_msc":1790853977000,"halted_at_receipt":false,"quarantined_at_receipt":false}
11,-1,1790853977115,ea_event,ROLL_FILLED,{"type":"ea_event","seq":13,"ea_time_ms":6333671,"magic":null,"level":"INFO","code":"ROLL_FILLED","reason":null,"ticket":1976558640,"detail":{"ticket":1976558640,"level":1.12924}}
11,-1,1790853977115,ea_event,,{"type":"fill_log","seq":14,"ea_time_ms":6333671,"magic":22260201,"deal_ticket":800000011,"order_ticket":700000010,"position_id":900000005,"entry_type":"OUT_BY","deal_type":"SELL","side":null,"layer_index":null,"role":null,"deal_price":1.13460,"order_price_open":null,"slippage_pips":null,"volume":0.00,"profit":0.00,"swap":0.00,"commission":0.00,"deal_time_broker":"2026-10-01 11:26:17","deal_time_broker_msc":1790853977000,"halted_at_receipt":false,"quarantined_at_receipt":false}
11,-1,1790853977115,scalp,SCALP_CLOSED,{"close_time":"2026-10-01T11:26:17Z","instrument":"EURUSD","direction":"LONG","entry_price":1.13460,"exit_price":1.13024,"layer_depth":3,"stack_depth":8,"gross_pnl":-4.61,"instance_id":"GRIND_EURUSD_OPTC","ejected":false,"rolled":true,"broker_utc_offset_s":10800,"account_login":53077984}
11,-1,1790854000232,ea_event,,{"type":"fill_log","seq":15,"ea_time_ms":6333671,"magic":22260201,"deal_ticket":800000012,"order_ticket":9010,"position_id":900000006,"entry_type":"IN","deal_type":"SELL","side":"S","layer_index":0,"role":"ENT","deal_price":1.13046,"order_price_open":null,"slippage_pips":null,"volume":0.00,"profit":0.00,"swap":0.00,"commission":0.00,"deal_time_broker":"2026-10-01 11:26:40","deal_time_broker_msc":1790854000000,"halted_at_receipt":false,"quarantined_at_receipt":false}
11,-1,1790854676573,ea_event,,{"type":"fill_log","seq":16,"ea_time_ms":6333703,"magic":22260201,"deal_ticket":800000013,"order_ticket":9014,"position_id":900000007,"entry_type":"IN","deal_type":"SELL","side":"S","layer_index":0,"role":"EXT","deal_price":1.12946,"order_price_open":null,"slippage_pips":null,"volume":0.00,"profit":0.00,"swap":0.00,"commission":0.00,"deal_time_broker":"2026-10-01 11:37:56","deal_time_broker_msc":1790854676000,"halted_at_receipt":false,"quarantined_at_receipt":false}
11,-1,1790854676573,ea_event,,{"type":"fill_log","seq":17,"ea_time_ms":6333703,"magic":22260201,"deal_ticket":800000014,"order_ticket":700000014,"position_id":900000006,"entry_type":"OUT_BY","deal_type":"SELL","side":null,"layer_index":null,"role":null,"deal_price":1.12946,"order_price_open":null,"slippage_pips":null,"volume":0.00,"profit":1.00,"swap":0.00,"commission":0.00,"deal_time_broker":"2026-10-01 11:37:56","deal_time_broker_msc":1790854676000,"halted_at_receipt":false,"quarantined_at_receipt":false}
11,-1,1790854676573,ea_event,,{"type":"fill_log","seq":18,"ea_time_ms":6333703,"magic":22260201,"deal_ticket":800000015,"order_ticket":700000014,"position_id":900000007,"entry_type":"OUT_BY","deal_type":"SELL","side":null,"layer_index":null,"role":null,"deal_price":1.13046,"order_price_open":null,"slippage_pips":null,"volume":0.00,"profit":0.00,"swap":0.00,"commission":0.00,"deal_time_broker":"2026-10-01 11:37:56","deal_time_broker_msc":1790854676000,"halted_at_receipt":false,"quarantined_at_receipt":false}
11,-1,1790854676573,scalp,SCALP_CLOSED,{"close_time":"2026-10-01T11:37:56Z","instrument":"EURUSD","direction":"SHORT","entry_price":1.13046,"exit_price":1.12946,"layer_depth":0,"stack_depth":1,"gross_pnl":1.00,"instance_id":"GRIND_EURUSD_OPTC","ejected":false,"rolled":false,"broker_utc_offset_s":10800,"account_login":53077984}
11,-1,1790854741863,ea_event,,{"type":"fill_log","seq":19,"ea_time_ms":6333703,"magic":22260201,"deal_ticket":800000016,"order_ticket":9013,"position_id":900000008,"entry_type":"IN","deal_type":"BUY","side":"L","layer_index":8,"role":"ENT","deal_price":1.12924,"order_price_open":null,"slippage_pips":null,"volume":0.00,"profit":0.00,"swap":0.00,"commission":0.00,"deal_time_broker":"2026-10-01 11:39:01","deal_time_broker_msc":1790854741000,"halted_at_receipt":false,"quarantined_at_receipt":false}
11,-1,1790857302663,ea_event,,{"type":"fill_log","seq":20,"ea_time_ms":6333781,"magic":22260201,"deal_ticket":800000017,"order_ticket":9016,"position_id":900000009,"entry_type":"IN","deal_type":"SELL","side":"S","layer_index":0,"role":"ENT","deal_price":1.13011,"order_price_open":null,"slippage_pips":null,"volume":0.00,"profit":0.00,"swap":0.00,"commission":0.00,"deal_time_broker":"2026-10-01 12:21:42","deal_time_broker_msc":1790857302000,"halted_at_receipt":false,"quarantined_at_receipt":false}
11,-1,1790858168649,ea_event,,{"type":"fill_log","seq":21,"ea_time_ms":6333796,"magic":22260201,"deal_ticket":800000018,"order_ticket":9018,"position_id":900000010,"entry_type":"IN","deal_type":"SELL","side":"S","layer_index":0,"role":"EXT","deal_price":1.12911,"order_price_open":null,"slippage_pips":null,"volume":0.00,"profit":0.00,"swap":0.00,"commission":0.00,"deal_time_broker":"2026-10-01 12:36:08","deal_time_broker_msc":1790858168000,"halted_at_receipt":false,"quarantined_at_receipt":false}
11,-1,1790858168649,ea_event,,{"type":"fill_log","seq":22,"ea_time_ms":6333796,"magic":22260201,"deal_ticket":800000019,"order_ticket":700000019,"position_id":900000009,"entry_type":"OUT_BY","deal_type":"SELL","side":null,"layer_index":null,"role":null,"deal_price":1.12911,"order_price_open":null,"slippage_pips":null,"volume":0.00,"profit":1.00,"swap":0.00,"commission":0.00,"deal_time_broker":"2026-10-01 12:36:08","deal_time_broker_msc":1790858168000,"halted_at_receipt":false,"quarantined_at_receipt":false}
11,-1,1790858168649,ea_event,,{"type":"fill_log","seq":23,"ea_time_ms":6333796,"magic":22260201,"deal_ticket":800000020,"order_ticket":700000019,"position_id":900000010,"entry_type":"OUT_BY","deal_type":"SELL","side":null,"layer_index":null,"role":null,"deal_price":1.13011,"order_price_open":null,"slippage_pips":null,"volume":0.00,"profit":0.00,"swap":0.00,"commission":0.00,"deal_time_broker":"2026-10-01 12:36:08","deal_time_broker_msc":1790858168000,"halted_at_receipt":false,"quarantined_at_receipt":false}
11,-1,1790858168649,scalp,SCALP_CLOSED,{"close_time":"2026-10-01T12:36:08Z","instrument":"EURUSD","direction":"SHORT","entry_price":1.13011,"exit_price":1.12911,"layer_depth":0,"stack_depth":1,"gross_pnl":1.00,"instance_id":"GRIND_EURUSD_OPTC","ejected":false,"rolled":false,"broker_utc_offset_s":10800,"account_login":53077984}
11,-1,1790859008847,ea_event,ROLL_ACCEPTED,{"type":"ea_event","seq":24,"ea_time_ms":6333812,"magic":null,"level":"INFO","code":"ROLL_ACCEPTED","reason":null,"ticket":1976761826,"detail":{"ticket":1976761826,"side":"L","layer_index":4,"entry":1.13389,"level":1.12864,"target":1.12964,"accrued":0.00000,"clamped":false,"cost":0.00425,"cost_pips":42.5,"rolled":4,"was_ejected":false,"source":"auto","reroll":false,"from_level":0.00000}}
11,-1,1790859311636,ea_event,ROLL_ACCEPTED,{"type":"ea_event","seq":25,"ea_time_ms":6333828,"magic":null,"level":"INFO","code":"ROLL_ACCEPTED","reason":null,"ticket":1976795819,"detail":{"ticket":1976795819,"side":"L","layer_index":5,"entry":1.13319,"level":1.12804,"target":1.12904,"accrued":0.00000,"clamped":false,"cost":0.00415,"cost_pips":41.5,"rolled":5,"was_ejected":false,"source":"auto","reroll":false,"from_level":0.00000}}
11,-1,1790859565307,ea_event,ROLL_ACCEPTED,{"type":"ea_event","seq":26,"ea_time_ms":6333828,"magic":null,"level":"INFO","code":"ROLL_ACCEPTED","reason":null,"ticket":1977659141,"detail":{"ticket":1977659141,"side":"L","layer_index":6,"entry":1.13249,"level":1.12744,"target":1.12844,"accrued":0.00000,"clamped":false,"cost":0.00405,"cost_pips":40.5,"rolled":6,"was_ejected":false,"source":"auto","reroll":false,"from_level":0.00000}}
11,-1,1790859610146,ea_event,ROLL_ACCEPTED,{"type":"ea_event","seq":27,"ea_time_ms":6333828,"magic":null,"level":"INFO","code":"ROLL_ACCEPTED","reason":null,"ticket":1977728168,"detail":{"ticket":1977728168,"side":"L","layer_index":7,"entry":1.13174,"level":1.12684,"target":1.12784,"accrued":0.00000,"clamped":false,"cost":0.00390,"cost_pips":39.0,"rolled":7,"was_ejected":false,"source":"auto","reroll":false,"from_level":0.00000}}
11,-1,1790860342694,ea_event,,{"type":"fill_log","seq":28,"ea_time_ms":6333859,"magic":22260201,"deal_ticket":800000021,"order_ticket":9020,"position_id":900000011,"entry_type":"IN","deal_type":"SELL","side":"S","layer_index":0,"role":"ENT","deal_price":1.12767,"order_price_open":null,"slippage_pips":null,"volume":0.00,"profit":0.00,"swap":0.00,"commission":0.00,"deal_time_broker":"2026-10-01 13:12:22","deal_time_broker_msc":1790860342000,"halted_at_receipt":false,"quarantined_at_receipt":false}
11,-1,1790860504563,ea_event,,{"type":"fill_log","seq":29,"ea_time_ms":6333859,"magic":22260201,"deal_ticket":800000022,"order_ticket":9023,"position_id":900000012,"entry_type":"IN","deal_type":"BUY","side":"L","layer_index":7,"role":"EXT","deal_price":1.12784,"order_price_open":null,"slippage_pips":null,"volume":0.00,"profit":0.00,"swap":0.00,"commission":0.00,"deal_time_broker":"2026-10-01 13:15:04","deal_time_broker_msc":1790860504000,"halted_at_receipt":false,"quarantined_at_receipt":false}
11,-1,1790860504563,ea_event,,{"type":"fill_log","seq":30,"ea_time_ms":6333875,"magic":22260201,"deal_ticket":800000023,"order_ticket":700000023,"position_id":1977728168,"entry_type":"OUT_BY","deal_type":"SELL","side":null,"layer_index":null,"role":null,"deal_price":1.12784,"order_price_open":null,"slippage_pips":null,"volume":0.00,"profit":-3.90,"swap":0.00,"commission":0.00,"deal_time_broker":"2026-10-01 13:15:04","deal_time_broker_msc":1790860504000,"halted_at_receipt":false,"quarantined_at_receipt":false}
11,-1,1790860504563,ea_event,ROLL_FILLED,{"type":"ea_event","seq":31,"ea_time_ms":6333875,"magic":null,"level":"INFO","code":"ROLL_FILLED","reason":null,"ticket":1977728168,"detail":{"ticket":1977728168,"level":1.12684}}
11,-1,1790860504563,ea_event,,{"type":"fill_log","seq":32,"ea_time_ms":6333875,"magic":22260201,"deal_ticket":800000024,"order_ticket":700000023,"position_id":900000012,"entry_type":"OUT_BY","deal_type":"SELL","side":null,"layer_index":null,"role":null,"deal_price":1.13174,"order_price_open":null,"slippage_pips":null,"volume":0.00,"profit":0.00,"swap":0.00,"commission":0.00,"deal_time_broker":"2026-10-01 13:15:04","deal_time_broker_msc":1790860504000,"halted_at_receipt":false,"quarantined_at_receipt":false}
11,-1,1790860504563,scalp,SCALP_CLOSED,{"close_time":"2026-10-01T13:15:04Z","instrument":"EURUSD","direction":"LONG","entry_price":1.13174,"exit_price":1.12784,"layer_depth":7,"stack_depth":8,"gross_pnl":-3.90,"instance_id":"GRIND_EURUSD_OPTC","ejected":false,"rolled":true,"broker_utc_offset_s":10800,"account_login":53077984}
11,-1,1790860817634,ea_event,,{"type":"fill_log","seq":33,"ea_time_ms":6333890,"magic":22260201,"deal_ticket":800000025,"order_ticket":9026,"position_id":900000013,"entry_type":"IN","deal_type":"SELL","side":"S","layer_index":1,"role":"ENT","deal_price":1.12827,"order_price_open":null,"slippage_pips":null,"volume":0.00,"profit":0.00,"swap":0.00,"commission":0.00,"deal_time_broker":"2026-10-01 13:20:17","deal_time_broker_msc":1790860817000,"halted_at_receipt":false,"quarantined_at_receipt":false}
11,-1,1790861069778,ea_event,,{"type":"fill_log","seq":34,"ea_time_ms":6333890,"magic":22260201,"deal_ticket":800000026,"order_ticket":9027,"position_id":900000014,"entry_type":"IN","deal_type":"BUY","side":"L","layer_index":6,"role":"EXT","deal_price":1.12844,"order_price_open":null,"slippage_pips":null,"volume":0.00,"profit":0.00,"swap":0.00,"commission":0.00,"deal_time_broker":"2026-10-01 13:24:29","deal_time_broker_msc":1790861069000,"halted_at_receipt":false,"quarantined_at_receipt":false}
11,-1,1790861069778,ea_event,,{"type":"fill_log","seq":35,"ea_time_ms":6333890,"magic":22260201,"deal_ticket":800000027,"order_ticket":700000027,"position_id":1977659141,"entry_type":"OUT_BY","deal_type":"SELL","side":null,"layer_index":null,"role":null,"deal_price":1.12844,"order_price_open":null,"slippage_pips":null,"volume":0.00,"profit":-4.05,"swap":0.00,"commission":0.00,"deal_time_broker":"2026-10-01 13:24:29","deal_time_broker_msc":1790861069000,"halted_at_receipt":false,"quarantined_at_receipt":false}
11,-1,1790861069778,ea_event,ROLL_FILLED,{"type":"ea_event","seq":36,"ea_time_ms":6333890,"magic":null,"level":"INFO","code":"ROLL_FILLED","reason":null,"ticket":1977659141,"detail":{"ticket":1977659141,"level":1.12744}}
11,-1,1790861069778,ea_event,,{"type":"fill_log","seq":37,"ea_time_ms":6333890,"magic":22260201,"deal_ticket":800000028,"order_ticket":700000027,"position_id":900000014,"entry_type":"OUT_BY","deal_type":"SELL","side":null,"layer_index":null,"role":null,"deal_price":1.13249,"order_price_open":null,"slippage_pips":null,"volume":0.00,"profit":0.00,"swap":0.00,"commission":0.00,"deal_time_broker":"2026-10-01 13:24:29","deal_time_broker_msc":1790861069000,"halted_at_receipt":false,"quarantined_at_receipt":false}
11,-1,1790861069778,scalp,SCALP_CLOSED,{"close_time":"2026-10-01T13:24:29Z","instrument":"EURUSD","direction":"LONG","entry_price":1.13249,"exit_price":1.12844,"layer_depth":6,"stack_depth":7,"gross_pnl":-4.05,"instance_id":"GRIND_EURUSD_OPTC","ejected":false,"rolled":true,"broker_utc_offset_s":10800,"account_login":53077984}
11,-1,1790861367776,ea_event,,{"type":"fill_log","seq":38,"ea_time_ms":6333906,"magic":22260201,"deal_ticket":800000029,"order_ticket":9030,"position_id":900000015,"entry_type":"IN","deal_type":"SELL","side":"S","layer_index":2,"role":"ENT","deal_price":1.12887,"order_price_open":null,"slippage_pips":null,"volume":0.00,"profit":0.00,"swap":0.00,"commission":0.00,"deal_time_broker":"2026-10-01 13:29:27","deal_time_broker_msc":1790861367000,"halted_at_receipt":false,"quarantined_at_receipt":false}
11,-1,1790861421269,ea_event,,{"type":"fill_log","seq":39,"ea_time_ms":6333906,"magic":22260201,"deal_ticket":800000030,"order_ticket":9031,"position_id":900000016,"entry_type":"IN","deal_type":"BUY","side":"L","layer_index":5,"role":"EXT","deal_price":1.12904,"order_price_open":null,"slippage_pips":null,"volume":0.00,"profit":0.00,"swap":0.00,"commission":0.00,"deal_time_broker":"2026-10-01 13:30:21","deal_time_broker_msc":1790861421000,"halted_at_receipt":false,"quarantined_at_receipt":false}
11,-1,1790861421269,ea_event,,{"type":"fill_log","seq":40,"ea_time_ms":6333906,"magic":22260201,"deal_ticket":800000031,"order_ticket":700000031,"position_id":1976795819,"entry_type":"OUT_BY","deal_type":"SELL","side":null,"layer_index":null,"role":null,"deal_price":1.12904,"order_price_open":null,"slippage_pips":null,"volume":0.00,"profit":-4.15,"swap":-0.25,"commission":0.00,"deal_time_broker":"2026-10-01 13:30:21","deal_time_broker_msc":1790861421000,"halted_at_receipt":false,"quarantined_at_receipt":false}
11,-1,1790861421269,ea_event,ROLL_FILLED,{"type":"ea_event","seq":41,"ea_time_ms":6333906,"magic":null,"level":"INFO","code":"ROLL_FILLED","reason":null,"ticket":1976795819,"detail":{"ticket":1976795819,"level":1.12804}}
11,-1,1790861421269,ea_event,,{"type":"fill_log","seq":42,"ea_time_ms":6333906,"magic":22260201,"deal_ticket":800000032,"order_ticket":700000031,"position_id":900000016,"entry_type":"OUT_BY","deal_type":"SELL","side":null,"layer_index":null,"role":null,"deal_price":1.13319,"order_price_open":null,"slippage_pips":null,"volume":0.00,"profit":0.00,"swap":0.00,"commission":0.00,"deal_time_broker":"2026-10-01 13:30:21","deal_time_broker_msc":1790861421000,"halted_at_receipt":false,"quarantined_at_receipt":false}
11,-1,1790861421269,scalp,SCALP_CLOSED,{"close_time":"2026-10-01T13:30:21Z","instrument":"EURUSD","direction":"LONG","entry_price":1.13319,"exit_price":1.12904,"layer_depth":5,"stack_depth":6,"gross_pnl":-4.40,"instance_id":"GRIND_EURUSD_OPTC","ejected":false,"rolled":true,"broker_utc_offset_s":10800,"account_login":53077984}
11,-1,1790862719945,ea_event,,{"type":"fill_log","seq":43,"ea_time_ms":6333953,"magic":22260201,"deal_ticket":800000033,"order_ticket":9033,"position_id":900000017,"entry_type":"IN","deal_type":"SELL","side":"S","layer_index":3,"role":"ENT","deal_price":1.12947,"order_price_open":null,"slippage_pips":null,"volume":0.00,"profit":0.00,"swap":0.00,"commission":0.00,"deal_time_broker":"2026-10-01 13:51:59","deal_time_broker_msc":1790862719000,"halted_at_receipt":false,"quarantined_at_receipt":false}
11,-1,1790862827561,ea_event,,{"type":"fill_log","seq":44,"ea_time_ms":6333953,"magic":22260201,"deal_ticket":800000034,"order_ticket":9034,"position_id":900000018,"entry_type":"IN","deal_type":"BUY","side":"L","layer_index":4,"role":"EXT","deal_price":1.12964,"order_price_open":null,"slippage_pips":null,"volume":0.00,"profit":0.00,"swap":0.00,"commission":0.00,"deal_time_broker":"2026-10-01 13:53:47","deal_time_broker_msc":1790862827000,"halted_at_receipt":false,"quarantined_at_receipt":false}
11,-1,1790862827561,ea_event,,{"type":"fill_log","seq":45,"ea_time_ms":6333953,"magic":22260201,"deal_ticket":800000035,"order_ticket":700000035,"position_id":1976761826,"entry_type":"OUT_BY","deal_type":"SELL","side":null,"layer_index":null,"role":null,"deal_price":1.12964,"order_price_open":null,"slippage_pips":null,"volume":0.00,"profit":-4.25,"swap":-0.25,"commission":0.00,"deal_time_broker":"2026-10-01 13:53:47","deal_time_broker_msc":1790862827000,"halted_at_receipt":false,"quarantined_at_receipt":false}
11,-1,1790862827561,ea_event,ROLL_FILLED,{"type":"ea_event","seq":46,"ea_time_ms":6333953,"magic":null,"level":"INFO","code":"ROLL_FILLED","reason":null,"ticket":1976761826,"detail":{"ticket":1976761826,"level":1.12864}}
11,-1,1790862827561,ea_event,,{"type":"fill_log","seq":47,"ea_time_ms":6333953,"magic":22260201,"deal_ticket":800000036,"order_ticket":700000035,"position_id":900000018,"entry_type":"OUT_BY","deal_type":"SELL","side":null,"layer_index":null,"role":null,"deal_price":1.13389,"order_price_open":null,"slippage_pips":null,"volume":0.00,"profit":0.00,"swap":0.00,"commission":0.00,"deal_time_broker":"2026-10-01 13:53:47","deal_time_broker_msc":1790862827000,"halted_at_receipt":false,"quarantined_at_receipt":false}
11,-1,1790862827561,scalp,SCALP_CLOSED,{"close_time":"2026-10-01T13:53:47Z","instrument":"EURUSD","direction":"LONG","entry_price":1.13389,"exit_price":1.12964,"layer_depth":4,"stack_depth":5,"gross_pnl":-4.50,"instance_id":"GRIND_EURUSD_OPTC","ejected":false,"rolled":true,"broker_utc_offset_s":10800,"account_login":53077984}
11,-1,1790864160614,ea_event,,{"type":"fill_log","seq":48,"ea_time_ms":6334000,"magic":22260201,"deal_ticket":800000037,"order_ticket":9028,"position_id":900000019,"entry_type":"IN","deal_type":"BUY","side":"L","layer_index":9,"role":"ENT","deal_price":1.12864,"order_price_open":null,"slippage_pips":null,"volume":0.00,"profit":0.00,"swap":0.00,"commission":0.00,"deal_time_broker":"2026-10-01 14:16:00","deal_time_broker_msc":1790864160000,"halted_at_receipt":false,"quarantined_at_receipt":false}
11,-1,1790864187765,ea_event,,{"type":"fill_log","seq":49,"ea_time_ms":6334000,"magic":22260201,"deal_ticket":800000038,"order_ticket":9035,"position_id":900000020,"entry_type":"IN","deal_type":"SELL","side":"S","layer_index":3,"role":"EXT","deal_price":1.12847,"order_price_open":null,"slippage_pips":null,"volume":0.00,"profit":0.00,"swap":0.00,"commission":0.00,"deal_time_broker":"2026-10-01 14:16:27","deal_time_broker_msc":1790864187000,"halted_at_receipt":false,"quarantined_at_receipt":false}
11,-1,1790864187765,ea_event,,{"type":"fill_log","seq":50,"ea_time_ms":6334000,"magic":22260201,"deal_ticket":800000039,"order_ticket":700000039,"position_id":900000017,"entry_type":"OUT_BY","deal_type":"SELL","side":null,"layer_index":null,"role":null,"deal_price":1.12847,"order_price_open":null,"slippage_pips":null,"volume":0.00,"profit":1.00,"swap":0.00,"commission":0.00,"deal_time_broker":"2026-10-01 14:16:27","deal_time_broker_msc":1790864187000,"halted_at_receipt":false,"quarantined_at_receipt":false}
11,-1,1790864187765,ea_event,,{"type":"fill_log","seq":51,"ea_time_ms":6334000,"magic":22260201,"deal_ticket":800000040,"order_ticket":700000039,"position_id":900000020,"entry_type":"OUT_BY","deal_type":"SELL","side":null,"layer_index":null,"role":null,"deal_price":1.12947,"order_price_open":null,"slippage_pips":null,"volume":0.00,"profit":0.00,"swap":0.00,"commission":0.00,"deal_time_broker":"2026-10-01 14:16:27","deal_time_broker_msc":1790864187000,"halted_at_receipt":false,"quarantined_at_receipt":false}
11,-1,1790864187765,scalp,SCALP_CLOSED,{"close_time":"2026-10-01T14:16:27Z","instrument":"EURUSD","direction":"SHORT","entry_price":1.12947,"exit_price":1.12847,"layer_depth":3,"stack_depth":4,"gross_pnl":1.00,"instance_id":"GRIND_EURUSD_OPTC","ejected":false,"rolled":false,"broker_utc_offset_s":10800,"account_login":53077984}
11,-1,1790865650168,ea_event,,{"type":"fill_log","seq":52,"ea_time_ms":6334046,"magic":22260201,"deal_ticket":800000041,"order_ticket":9041,"position_id":900000021,"entry_type":"IN","deal_type":"SELL","side":"S","layer_index":3,"role":"ENT","deal_price":1.12947,"order_price_open":null,"slippage_pips":null,"volume":0.00,"profit":0.00,"swap":0.00,"commission":0.00,"deal_time_broker":"2026-10-01 14:40:50","deal_time_broker_msc":1790865650000,"halted_at_receipt":false,"quarantined_at_receipt":false}
11,-1,1790865759784,ea_event,,{"type":"fill_log","seq":53,"ea_time_ms":6334046,"magic":22260201,"deal_ticket":800000042,"order_ticket":9038,"position_id":900000022,"entry_type":"IN","deal_type":"BUY","side":"L","layer_index":9,"role":"EXT","deal_price":1.12964,"order_price_open":null,"slippage_pips":null,"volume":0.00,"profit":0.00,"swap":0.00,"commission":0.00,"deal_time_broker":"2026-10-01 14:42:39","deal_time_broker_msc":1790865759000,"halted_at_receipt":false,"quarantined_at_receipt":false}
11,-1,1790865759784,ea_event,,{"type":"fill_log","seq":54,"ea_time_ms":6334046,"magic":22260201,"deal_ticket":800000043,"order_ticket":700000043,"position_id":900000019,"entry_type":"OUT_BY","deal_type":"SELL","side":null,"layer_index":null,"role":null,"deal_price":1.12964,"order_price_open":null,"slippage_pips":null,"volume":0.00,"profit":1.00,"swap":0.00,"commission":0.00,"deal_time_broker":"2026-10-01 14:42:39","deal_time_broker_msc":1790865759000,"halted_at_receipt":false,"quarantined_at_receipt":false}
11,-1,1790865759784,ea_event,,{"type":"fill_log","seq":55,"ea_time_ms":6334046,"magic":22260201,"deal_ticket":800000044,"order_ticket":700000043,"position_id":900000022,"entry_type":"OUT_BY","deal_type":"SELL","side":null,"layer_index":null,"role":null,"deal_price":1.12864,"order_price_open":null,"slippage_pips":null,"volume":0.00,"profit":0.00,"swap":0.00,"commission":0.00,"deal_time_broker":"2026-10-01 14:42:39","deal_time_broker_msc":1790865759000,"halted_at_receipt":false,"quarantined_at_receipt":false}
11,-1,1790865759784,scalp,SCALP_CLOSED,{"close_time":"2026-10-01T14:42:39Z","instrument":"EURUSD","direction":"LONG","entry_price":1.12864,"exit_price":1.12964,"layer_depth":9,"stack_depth":5,"gross_pnl":1.00,"instance_id":"GRIND_EURUSD_OPTC","ejected":false,"rolled":false,"broker_utc_offset_s":10800,"account_login":53077984}
11,-1,1790866070674,ea_event,,{"type":"fill_log","seq":56,"ea_time_ms":6334062,"magic":22260201,"deal_ticket":800000045,"order_ticket":9043,"position_id":900000023,"entry_type":"IN","deal_type":"SELL","side":"S","layer_index":4,"role":"ENT","deal_price":1.13007,"order_price_open":null,"slippage_pips":null,"volume":0.00,"profit":0.00,"swap":0.00,"commission":0.00,"deal_time_broker":"2026-10-01 14:47:50","deal_time_broker_msc":1790866070000,"halted_at_receipt":false,"quarantined_at_receipt":false}
11,-1,1790866162337,ea_event,,{"type":"fill_log","seq":57,"ea_time_ms":6334062,"magic":22260201,"deal_ticket":800000046,"order_ticket":9044,"position_id":900000024,"entry_type":"IN","deal_type":"BUY","side":"L","layer_index":8,"role":"EXT","deal_price":1.13024,"order_price_open":null,"slippage_pips":null,"volume":0.00,"profit":0.00,"swap":0.00,"commission":0.00,"deal_time_broker":"2026-10-01 14:49:22","deal_time_broker_msc":1790866162000,"halted_at_receipt":false,"quarantined_at_receipt":false}
11,-1,1790866162337,ea_event,,{"type":"fill_log","seq":58,"ea_time_ms":6334062,"magic":22260201,"deal_ticket":800000047,"order_ticket":700000047,"position_id":900000008,"entry_type":"OUT_BY","deal_type":"SELL","side":null,"layer_index":null,"role":null,"deal_price":1.13024,"order_price_open":null,"slippage_pips":null,"volume":0.00,"profit":1.00,"swap":0.00,"commission":0.00,"deal_time_broker":"2026-10-01 14:49:22","deal_time_broker_msc":1790866162000,"halted_at_receipt":false,"quarantined_at_receipt":false}
11,-1,1790866162337,ea_event,,{"type":"fill_log","seq":59,"ea_time_ms":6334062,"magic":22260201,"deal_ticket":800000048,"order_ticket":700000047,"position_id":900000024,"entry_type":"OUT_BY","deal_type":"SELL","side":null,"layer_index":null,"role":null,"deal_price":1.12924,"order_price_open":null,"slippage_pips":null,"volume":0.00,"profit":0.00,"swap":0.00,"commission":0.00,"deal_time_broker":"2026-10-01 14:49:22","deal_time_broker_msc":1790866162000,"halted_at_receipt":false,"quarantined_at_receipt":false}
11,-1,1790866162337,scalp,SCALP_CLOSED,{"close_time":"2026-10-01T14:49:22Z","instrument":"EURUSD","direction":"LONG","entry_price":1.12924,"exit_price":1.13024,"layer_depth":8,"stack_depth":4,"gross_pnl":1.00,"instance_id":"GRIND_EURUSD_OPTC","ejected":false,"rolled":false,"broker_utc_offset_s":10800,"account_login":53077984}
11,-1,1790866492293,ea_event,,{"type":"fill_log","seq":60,"ea_time_ms":6334078,"magic":22260201,"deal_ticket":800000049,"order_ticket":9047,"position_id":900000025,"entry_type":"IN","deal_type":"SELL","side":"S","layer_index":5,"role":"ENT","deal_price":1.13067,"order_price_open":null,"slippage_pips":null,"volume":0.00,"profit":0.00,"swap":0.00,"commission":0.00,"deal_time_broker":"2026-10-01 14:54:52","deal_time_broker_msc":1790866492000,"halted_at_receipt":false,"quarantined_at_receipt":false}
11,-1,1790866501325,ea_event,,{"type":"fill_log","seq":61,"ea_time_ms":6334078,"magic":22260201,"deal_ticket":800000050,"order_ticket":9048,"position_id":900000026,"entry_type":"IN","deal_type":"BUY","side":"L","layer_index":2,"role":"EXT","deal_price":1.13084,"order_price_open":null,"slippage_pips":null,"volume":0.00,"profit":0.00,"swap":0.00,"commission":0.00,"deal_time_broker":"2026-10-01 14:55:01","deal_time_broker_msc":1790866501000,"halted_at_receipt":false,"quarantined_at_receipt":false}
11,-1,1790866501325,ea_event,,{"type":"fill_log","seq":62,"ea_time_ms":6334078,"magic":22260201,"deal_ticket":800000051,"order_ticket":700000051,"position_id":1976074198,"entry_type":"OUT_BY","deal_type":"SELL","side":null,"layer_index":null,"role":null,"deal_price":1.13084,"order_price_open":null,"slippage_pips":null,"volume":0.00,"profit":-4.46,"swap":-0.25,"commission":0.00,"deal_time_broker":"2026-10-01 14:55:01","deal_time_broker_msc":1790866501000,"halted_at_receipt":false,"quarantined_at_receipt":false}
11,-1,1790866501325,ea_event,ROLL_FILLED,{"type":"ea_event","seq":63,"ea_time_ms":6334078,"magic":null,"level":"INFO","code":"ROLL_FILLED","reason":null,"ticket":1976074198,"detail":{"ticket":1976074198,"level":1.12984}}
11,-1,1790866501325,ea_event,,{"type":"fill_log","seq":64,"ea_time_ms":6334078,"magic":22260201,"deal_ticket":800000052,"order_ticket":700000051,"position_id":900000026,"entry_type":"OUT_BY","deal_type":"SELL","side":null,"layer_index":null,"role":null,"deal_price":1.13530,"order_price_open":null,"slippage_pips":null,"volume":0.00,"profit":0.00,"swap":0.00,"commission":0.00,"deal_time_broker":"2026-10-01 14:55:01","deal_time_broker_msc":1790866501000,"halted_at_receipt":false,"quarantined_at_receipt":false}
11,-1,1790866501325,scalp,SCALP_CLOSED,{"close_time":"2026-10-01T14:55:01Z","instrument":"EURUSD","direction":"LONG","entry_price":1.13530,"exit_price":1.13084,"layer_depth":2,"stack_depth":3,"gross_pnl":-4.71,"instance_id":"GRIND_EURUSD_OPTC","ejected":false,"rolled":true,"broker_utc_offset_s":10800,"account_login":53077984}
11,-1,1790867400987,ea_event,,{"type":"fill_log","seq":65,"ea_time_ms":6334093,"magic":22260201,"deal_ticket":800000053,"order_ticket":9053,"position_id":900000027,"entry_type":"IN","deal_type":"BUY","side":"L","layer_index":2,"role":"ENT","deal_price":1.12984,"order_price_open":null,"slippage_pips":null,"volume":0.00,"profit":0.00,"swap":0.00,"commission":0.00,"deal_time_broker":"2026-10-01 15:10:00","deal_time_broker_msc":1790867400000,"halted_at_receipt":false,"quarantined_at_receipt":false}
11,-1,1790867801317,ea_event,,{"type":"fill_log","seq":66,"ea_time_ms":6334109,"magic":22260201,"deal_ticket":800000054,"order_ticket":9050,"position_id":900000028,"entry_type":"IN","deal_type":"SELL","side":"S","layer_index":5,"role":"EXT","deal_price":1.12967,"order_price_open":null,"slippage_pips":null,"volume":0.00,"profit":0.00,"swap":0.00,"commission":0.00,"deal_time_broker":"2026-10-01 15:16:41","deal_time_broker_msc":1790867801000,"halted_at_receipt":false,"quarantined_at_receipt":false}
11,-1,1790867801317,ea_event,,{"type":"fill_log","seq":67,"ea_time_ms":6334109,"magic":22260201,"deal_ticket":800000055,"order_ticket":700000055,"position_id":900000025,"entry_type":"OUT_BY","deal_type":"SELL","side":null,"layer_index":null,"role":null,"deal_price":1.12967,"order_price_open":null,"slippage_pips":null,"volume":0.00,"profit":1.00,"swap":0.00,"commission":0.00,"deal_time_broker":"2026-10-01 15:16:41","deal_time_broker_msc":1790867801000,"halted_at_receipt":false,"quarantined_at_receipt":false}
11,-1,1790867801317,ea_event,,{"type":"fill_log","seq":68,"ea_time_ms":6334109,"magic":22260201,"deal_ticket":800000056,"order_ticket":700000055,"position_id":900000028,"entry_type":"OUT_BY","deal_type":"SELL","side":null,"layer_index":null,"role":null,"deal_price":1.13067,"order_price_open":null,"slippage_pips":null,"volume":0.00,"profit":0.00,"swap":0.00,"commission":0.00,"deal_time_broker":"2026-10-01 15:16:41","deal_time_broker_msc":1790867801000,"halted_at_receipt":false,"quarantined_at_receipt":false}
11,-1,1790867801317,scalp,SCALP_CLOSED,{"close_time":"2026-10-01T15:16:41Z","instrument":"EURUSD","direction":"SHORT","entry_price":1.13067,"exit_price":1.12967,"layer_depth":5,"stack_depth":6,"gross_pnl":1.00,"instance_id":"GRIND_EURUSD_OPTC","ejected":false,"rolled":false,"broker_utc_offset_s":10800,"account_login":53077984}
11,-1,1790868364434,ea_event,,{"type":"fill_log","seq":69,"ea_time_ms":6334125,"magic":22260201,"deal_ticket":800000057,"order_ticket":9055,"position_id":900000029,"entry_type":"IN","deal_type":"BUY","side":"L","layer_index":3,"role":"ENT","deal_price":1.12924,"order_price_open":null,"slippage_pips":null,"volume":0.00,"profit":0.00,"swap":0.00,"commission":0.00,"deal_time_broker":"2026-10-01 15:26:04","deal_time_broker_msc":1790868364000,"halted_at_receipt":false,"quarantined_at_receipt":false}
11,-1,1790868457883,ea_event,,{"type":"fill_log","seq":70,"ea_time_ms":6334125,"magic":22260201,"deal_ticket":800000058,"order_ticket":9056,"position_id":900000030,"entry_type":"IN","deal_type":"SELL","side":"S","layer_index":4,"role":"EXT","deal_price":1.12907,"order_price_open":null,"slippage_pips":null,"volume":0.00,"profit":0.00,"swap":0.00,"commission":0.00,"deal_time_broker":"2026-10-01 15:27:37","deal_time_broker_msc":1790868457000,"halted_at_receipt":false,"quarantined_at_receipt":false}
11,-1,1790868457883,ea_event,,{"type":"fill_log","seq":71,"ea_time_ms":6334125,"magic":22260201,"deal_ticket":800000059,"order_ticket":700000059,"position_id":900000023,"entry_type":"OUT_BY","deal_type":"SELL","side":null,"layer_index":null,"role":null,"deal_price":1.12907,"order_price_open":null,"slippage_pips":null,"volume":0.00,"profit":1.00,"swap":0.00,"commission":0.00,"deal_time_broker":"2026-10-01 15:27:37","deal_time_broker_msc":1790868457000,"halted_at_receipt":false,"quarantined_at_receipt":false}
11,-1,1790868457883,ea_event,,{"type":"fill_log","seq":72,"ea_time_ms":6334125,"magic":22260201,"deal_ticket":800000060,"order_ticket":700000059,"position_id":900000030,"entry_type":"OUT_BY","deal_type":"SELL","side":null,"layer_index":null,"role":null,"deal_price":1.13007,"order_price_open":null,"slippage_pips":null,"volume":0.00,"profit":0.00,"swap":0.00,"commission":0.00,"deal_time_broker":"2026-10-01 15:27:37","deal_time_broker_msc":1790868457000,"halted_at_receipt":false,"quarantined_at_receipt":false}
11,-1,1790868457883,scalp,SCALP_CLOSED,{"close_time":"2026-10-01T15:27:37Z","instrument":"EURUSD","direction":"SHORT","entry_price":1.13007,"exit_price":1.12907,"layer_depth":4,"stack_depth":5,"gross_pnl":1.00,"instance_id":"GRIND_EURUSD_OPTC","ejected":false,"rolled":false,"broker_utc_offset_s":10800,"account_login":53077984}
11,-1,1790869743285,ea_event,,{"type":"fill_log","seq":73,"ea_time_ms":6334171,"magic":22260201,"deal_ticket":800000061,"order_ticket":9059,"position_id":900000031,"entry_type":"IN","deal_type":"BUY","side":"L","layer_index":4,"role":"ENT","deal_price":1.12864,"order_price_open":null,"slippage_pips":null,"volume":0.00,"profit":0.00,"swap":0.00,"commission":0.00,"deal_time_broker":"2026-10-01 15:49:03","deal_time_broker_msc":1790869743000,"halted_at_receipt":false,"quarantined_at_receipt":false}
11,-1,1790870349413,ea_event,,{"type":"fill_log","seq":74,"ea_time_ms":6334187,"magic":22260201,"deal_ticket":800000062,"order_ticket":9060,"position_id":900000032,"entry_type":"IN","deal_type":"SELL","side":"S","layer_index":3,"role":"EXT","deal_price":1.12847,"order_price_open":null,"slippage_pips":null,"volume":0.00,"profit":0.00,"swap":0.00,"commission":0.00,"deal_time_broker":"2026-10-01 15:59:09","deal_time_broker_msc":1790870349000,"halted_at_receipt":false,"quarantined_at_receipt":false}
11,-1,1790870349413,ea_event,,{"type":"fill_log","seq":75,"ea_time_ms":6334187,"magic":22260201,"deal_ticket":800000063,"order_ticket":700000063,"position_id":900000021,"entry_type":"OUT_BY","deal_type":"SELL","side":null,"layer_index":null,"role":null,"deal_price":1.12847,"order_price_open":null,"slippage_pips":null,"volume":0.00,"profit":1.00,"swap":0.00,"commission":0.00,"deal_time_broker":"2026-10-01 15:59:09","deal_time_broker_msc":1790870349000,"halted_at_receipt":false,"quarantined_at_receipt":false}
11,-1,1790870349413,ea_event,,{"type":"fill_log","seq":76,"ea_time_ms":6334187,"magic":22260201,"deal_ticket":800000064,"order_ticket":700000063,"position_id":900000032,"entry_type":"OUT_BY","deal_type":"SELL","side":null,"layer_index":null,"role":null,"deal_price":1.12947,"order_price_open":null,"slippage_pips":null,"volume":0.00,"profit":0.00,"swap":0.00,"commission":0.00,"deal_time_broker":"2026-10-01 15:59:09","deal_time_broker_msc":1790870349000,"halted_at_receipt":false,"quarantined_at_receipt":false}
11,-1,1790870349413,scalp,SCALP_CLOSED,{"close_time":"2026-10-01T15:59:09Z","instrument":"EURUSD","direction":"SHORT","entry_price":1.12947,"exit_price":1.12847,"layer_depth":3,"stack_depth":4,"gross_pnl":1.00,"instance_id":"GRIND_EURUSD_OPTC","ejected":false,"rolled":false,"broker_utc_offset_s":10800,"account_login":53077984}
11,-1,1790873523571,ea_event,,{"type":"fill_log","seq":77,"ea_time_ms":6334265,"magic":22260201,"deal_ticket":800000065,"order_ticket":9065,"position_id":900000033,"entry_type":"IN","deal_type":"SELL","side":"S","layer_index":3,"role":"ENT","deal_price":1.12947,"order_price_open":null,"slippage_pips":null,"volume":0.00,"profit":0.00,"swap":0.00,"commission":0.00,"deal_time_broker":"2026-10-01 16:52:03","deal_time_broker_msc":1790873523000,"halted_at_receipt":false,"quarantined_at_receipt":false}
11,-1,1790873823578,ea_event,,{"type":"fill_log","seq":78,"ea_time_ms":6334281,"magic":22260201,"deal_ticket":800000066,"order_ticket":9062,"position_id":900000034,"entry_type":"IN","deal_type":"BUY","side":"L","layer_index":4,"role":"EXT","deal_price":1.12964,"order_price_open":null,"slippage_pips":null,"volume":0.00,"profit":0.00,"swap":0.00,"commission":0.00,"deal_time_broker":"2026-10-01 16:57:03","deal_time_broker_msc":1790873823000,"halted_at_receipt":false,"quarantined_at_receipt":false}
11,-1,1790873823578,ea_event,,{"type":"fill_log","seq":79,"ea_time_ms":6334281,"magic":22260201,"deal_ticket":800000067,"order_ticket":700000067,"position_id":900000031,"entry_type":"OUT_BY","deal_type":"SELL","side":null,"layer_index":null,"role":null,"deal_price":1.12964,"order_price_open":null,"slippage_pips":null,"volume":0.00,"profit":1.00,"swap":0.00,"commission":0.00,"deal_time_broker":"2026-10-01 16:57:03","deal_time_broker_msc":1790873823000,"halted_at_receipt":false,"quarantined_at_receipt":false}
11,-1,1790873823578,ea_event,,{"type":"fill_log","seq":80,"ea_time_ms":6334281,"magic":22260201,"deal_ticket":800000068,"order_ticket":700000067,"position_id":900000034,"entry_type":"OUT_BY","deal_type":"SELL","side":null,"layer_index":null,"role":null,"deal_price":1.12864,"order_price_open":null,"slippage_pips":null,"volume":0.00,"profit":0.00,"swap":0.00,"commission":0.00,"deal_time_broker":"2026-10-01 16:57:03","deal_time_broker_msc":1790873823000,"halted_at_receipt":false,"quarantined_at_receipt":false}
11,-1,1790873823578,scalp,SCALP_CLOSED,{"close_time":"2026-10-01T16:57:03Z","instrument":"EURUSD","direction":"LONG","entry_price":1.12864,"exit_price":1.12964,"layer_depth":4,"stack_depth":5,"gross_pnl":1.00,"instance_id":"GRIND_EURUSD_OPTC","ejected":false,"rolled":false,"broker_utc_offset_s":10800,"account_login":53077984}
11,-1,1790874307844,ea_event,,{"type":"fill_log","seq":81,"ea_time_ms":6334296,"magic":22260201,"deal_ticket":800000069,"order_ticket":9069,"position_id":900000035,"entry_type":"IN","deal_type":"BUY","side":"L","layer_index":4,"role":"ENT","deal_price":1.12864,"order_price_open":null,"slippage_pips":null,"volume":0.00,"profit":0.00,"swap":0.00,"commission":0.00,"deal_time_broker":"2026-10-01 17:05:07","deal_time_broker_msc":1790874307000,"halted_at_receipt":false,"quarantined_at_receipt":false}
11,-1,1790874806147,ea_event,,{"type":"fill_log","seq":82,"ea_time_ms":6334312,"magic":22260201,"deal_ticket":800000070,"order_ticket":9066,"position_id":900000036,"entry_type":"IN","deal_type":"SELL","side":"S","layer_index":3,"role":"EXT","deal_price":1.12847,"order_price_open":null,"slippage_pips":null,"volume":0.00,"profit":0.00,"swap":0.00,"commission":0.00,"deal_time_broker":"2026-10-01 17:13:26","deal_time_broker_msc":1790874806000,"halted_at_receipt":false,"quarantined_at_receipt":false}
11,-1,1790874806147,ea_event,,{"type":"fill_log","seq":83,"ea_time_ms":6334312,"magic":22260201,"deal_ticket":800000071,"order_ticket":700000071,"position_id":900000033,"entry_type":"OUT_BY","deal_type":"SELL","side":null,"layer_index":null,"role":null,"deal_price":1.12847,"order_price_open":null,"slippage_pips":null,"volume":0.00,"profit":1.00,"swap":0.00,"commission":0.00,"deal_time_broker":"2026-10-01 17:13:26","deal_time_broker_msc":1790874806000,"halted_at_receipt":false,"quarantined_at_receipt":false}
11,-1,1790874806147,ea_event,,{"type":"fill_log","seq":84,"ea_time_ms":6334312,"magic":22260201,"deal_ticket":800000072,"order_ticket":700000071,"position_id":900000036,"entry_type":"OUT_BY","deal_type":"SELL","side":null,"layer_index":null,"role":null,"deal_price":1.12947,"order_price_open":null,"slippage_pips":null,"volume":0.00,"profit":0.00,"swap":0.00,"commission":0.00,"deal_time_broker":"2026-10-01 17:13:26","deal_time_broker_msc":1790874806000,"halted_at_receipt":false,"quarantined_at_receipt":false}
11,-1,1790874806147,scalp,SCALP_CLOSED,{"close_time":"2026-10-01T17:13:26Z","instrument":"EURUSD","direction":"SHORT","entry_price":1.12947,"exit_price":1.12847,"layer_depth":3,"stack_depth":4,"gross_pnl":1.00,"instance_id":"GRIND_EURUSD_OPTC","ejected":false,"rolled":false,"broker_utc_offset_s":10800,"account_login":53077984}
11,-1,1790876511793,ea_event,,{"type":"fill_log","seq":85,"ea_time_ms":6334390,"magic":22260201,"deal_ticket":800000073,"order_ticket":9071,"position_id":900000037,"entry_type":"IN","deal_type":"BUY","side":"L","layer_index":5,"role":"ENT","deal_price":1.12804,"order_price_open":null,"slippage_pips":null,"volume":0.00,"profit":0.00,"swap":0.00,"commission":0.00,"deal_time_broker":"2026-10-01 17:41:51","deal_time_broker_msc":1790876511000,"halted_at_receipt":false,"quarantined_at_receipt":false}
11,-1,1790876591589,ea_event,,{"type":"fill_log","seq":86,"ea_time_ms":6334406,"magic":22260201,"deal_ticket":800000074,"order_ticket":9072,"position_id":900000038,"entry_type":"IN","deal_type":"SELL","side":"S","layer_index":2,"role":"EXT","deal_price":1.12787,"order_price_open":null,"slippage_pips":null,"volume":0.00,"profit":0.00,"swap":0.00,"commission":0.00,"deal_time_broker":"2026-10-01 17:43:11","deal_time_broker_msc":1790876591000,"halted_at_receipt":false,"quarantined_at_receipt":false}
11,-1,1790876591589,ea_event,,{"type":"fill_log","seq":87,"ea_time_ms":6334406,"magic":22260201,"deal_ticket":800000075,"order_ticket":700000075,"position_id":900000015,"entry_type":"OUT_BY","deal_type":"SELL","side":null,"layer_index":null,"role":null,"deal_price":1.12787,"order_price_open":null,"slippage_pips":null,"volume":0.00,"profit":1.00,"swap":0.00,"commission":0.00,"deal_time_broker":"2026-10-01 17:43:11","deal_time_broker_msc":1790876591000,"halted_at_receipt":false,"quarantined_at_receipt":false}
11,-1,1790876591589,ea_event,,{"type":"fill_log","seq":88,"ea_time_ms":6334406,"magic":22260201,"deal_ticket":800000076,"order_ticket":700000075,"position_id":900000038,"entry_type":"OUT_BY","deal_type":"SELL","side":null,"layer_index":null,"role":null,"deal_price":1.12887,"order_price_open":null,"slippage_pips":null,"volume":0.00,"profit":0.00,"swap":0.00,"commission":0.00,"deal_time_broker":"2026-10-01 17:43:11","deal_time_broker_msc":1790876591000,"halted_at_receipt":false,"quarantined_at_receipt":false}
11,-1,1790876591589,scalp,SCALP_CLOSED,{"close_time":"2026-10-01T17:43:11Z","instrument":"EURUSD","direction":"SHORT","entry_price":1.12887,"exit_price":1.12787,"layer_depth":2,"stack_depth":3,"gross_pnl":1.00,"instance_id":"GRIND_EURUSD_OPTC","ejected":false,"rolled":false,"broker_utc_offset_s":10800,"account_login":53077984}
11,-1,1790876625365,ea_event,,{"type":"fill_log","seq":89,"ea_time_ms":6334406,"magic":22260201,"deal_ticket":800000077,"order_ticket":9075,"position_id":900000039,"entry_type":"IN","deal_type":"BUY","side":"L","layer_index":6,"role":"ENT","deal_price":1.12744,"order_price_open":null,"slippage_pips":null,"volume":0.00,"profit":0.00,"swap":0.00,"commission":0.00,"deal_time_broker":"2026-10-01 17:43:45","deal_time_broker_msc":1790876625000,"halted_at_receipt":false,"quarantined_at_receipt":false}
11,-1,1790876633410,ea_event,,{"type":"fill_log","seq":90,"ea_time_ms":6334406,"magic":22260201,"deal_ticket":800000078,"order_ticket":9076,"position_id":900000040,"entry_type":"IN","deal_type":"SELL","side":"S","layer_index":1,"role":"EXT","deal_price":1.12727,"order_price_open":null,"slippage_pips":null,"volume":0.00,"profit":0.00,"swap":0.00,"commission":0.00,"deal_time_broker":"2026-10-01 17:43:53","deal_time_broker_msc":1790876633000,"halted_at_receipt":false,"quarantined_at_receipt":false}
11,-1,1790876633410,ea_event,,{"type":"fill_log","seq":91,"ea_time_ms":6334406,"magic":22260201,"deal_ticket":800000079,"order_ticket":700000079,"position_id":900000013,"entry_type":"OUT_BY","deal_type":"SELL","side":null,"layer_index":null,"role":null,"deal_price":1.12727,"order_price_open":null,"slippage_pips":null,"volume":0.00,"profit":1.00,"swap":0.00,"commission":0.00,"deal_time_broker":"2026-10-01 17:43:53","deal_time_broker_msc":1790876633000,"halted_at_receipt":false,"quarantined_at_receipt":false}
11,-1,1790876633410,ea_event,,{"type":"fill_log","seq":92,"ea_time_ms":6334406,"magic":22260201,"deal_ticket":800000080,"order_ticket":700000079,"position_id":900000040,"entry_type":"OUT_BY","deal_type":"SELL","side":null,"layer_index":null,"role":null,"deal_price":1.12827,"order_price_open":null,"slippage_pips":null,"volume":0.00,"profit":0.00,"swap":0.00,"commission":0.00,"deal_time_broker":"2026-10-01 17:43:53","deal_time_broker_msc":1790876633000,"halted_at_receipt":false,"quarantined_at_receipt":false}
11,-1,1790876633410,scalp,SCALP_CLOSED,{"close_time":"2026-10-01T17:43:53Z","instrument":"EURUSD","direction":"SHORT","entry_price":1.12827,"exit_price":1.12727,"layer_depth":1,"stack_depth":2,"gross_pnl":1.00,"instance_id":"GRIND_EURUSD_OPTC","ejected":false,"rolled":false,"broker_utc_offset_s":10800,"account_login":53077984}
11,-1,1790876805633,ea_event,,{"type":"fill_log","seq":93,"ea_time_ms":6334421,"magic":22260201,"deal_ticket":800000081,"order_ticket":9079,"position_id":900000041,"entry_type":"IN","deal_type":"BUY","side":"L","layer_index":7,"role":"ENT","deal_price":1.12684,"order_price_open":null,"slippage_pips":null,"volume":0.00,"profit":0.00,"swap":0.00,"commission":0.00,"deal_time_broker":"2026-10-01 17:46:45","deal_time_broker_msc":1790876805000,"halted_at_receipt":false,"quarantined_at_receipt":false}
11,-1,1790877032559,ea_event,,{"type":"fill_log","seq":94,"ea_time_ms":6334437,"magic":22260201,"deal_ticket":800000082,"order_ticket":9025,"position_id":900000042,"entry_type":"IN","deal_type":"SELL","side":"S","layer_index":0,"role":"EXT","deal_price":1.12667,"order_price_open":null,"slippage_pips":null,"volume":0.00,"profit":0.00,"swap":0.00,"commission":0.00,"deal_time_broker":"2026-10-01 17:50:32","deal_time_broker_msc":1790877032000,"halted_at_receipt":false,"quarantined_at_receipt":false}
11,-1,1790877032559,ea_event,,{"type":"fill_log","seq":95,"ea_time_ms":6334437,"magic":22260201,"deal_ticket":800000083,"order_ticket":700000083,"position_id":900000011,"entry_type":"OUT_BY","deal_type":"SELL","side":null,"layer_index":null,"role":null,"deal_price":1.12667,"order_price_open":null,"slippage_pips":null,"volume":0.00,"profit":1.00,"swap":0.00,"commission":0.00,"deal_time_broker":"2026-10-01 17:50:32","deal_time_broker_msc":1790877032000,"halted_at_receipt":false,"quarantined_at_receipt":false}
11,-1,1790877032559,ea_event,,{"type":"fill_log","seq":96,"ea_time_ms":6334437,"magic":22260201,"deal_ticket":800000084,"order_ticket":700000083,"position_id":900000042,"entry_type":"OUT_BY","deal_type":"SELL","side":null,"layer_index":null,"role":null,"deal_price":1.12767,"order_price_open":null,"slippage_pips":null,"volume":0.00,"profit":0.00,"swap":0.00,"commission":0.00,"deal_time_broker":"2026-10-01 17:50:32","deal_time_broker_msc":1790877032000,"halted_at_receipt":false,"quarantined_at_receipt":false}
11,-1,1790877032559,scalp,SCALP_CLOSED,{"close_time":"2026-10-01T17:50:32Z","instrument":"EURUSD","direction":"SHORT","entry_price":1.12767,"exit_price":1.12667,"layer_depth":0,"stack_depth":1,"gross_pnl":1.00,"instance_id":"GRIND_EURUSD_OPTC","ejected":false,"rolled":false,"broker_utc_offset_s":10800,"account_login":53077984}
11,-1,1790877131802,ea_event,ROLL_ACCEPTED,{"type":"ea_event","seq":97,"ea_time_ms":6334437,"magic":null,"level":"INFO","code":"ROLL_ACCEPTED","reason":null,"ticket":900000027,"detail":{"ticket":900000027,"side":"L","layer_index":2,"entry":1.12984,"level":1.12624,"target":1.12724,"accrued":0.00000,"clamped":false,"cost":0.00260,"cost_pips":26.0,"rolled":3,"was_ejected":false,"source":"auto","reroll":false,"from_level":0.00000}}
11,-1,1790877934543,ea_event,ROLL_ACCEPTED,{"type":"ea_event","seq":98,"ea_time_ms":6334468,"magic":null,"level":"INFO","code":"ROLL_ACCEPTED","reason":null,"ticket":900000029,"detail":{"ticket":900000029,"side":"L","layer_index":3,"entry":1.12924,"level":1.12564,"target":1.12664,"accrued":0.00000,"clamped":false,"cost":0.00260,"cost_pips":26.0,"rolled":4,"was_ejected":false,"source":"auto","reroll":false,"from_level":0.00000}}
11,-1,1790878479074,ea_event,,{"type":"fill_log","seq":99,"ea_time_ms":6334500,"magic":22260201,"deal_ticket":800000085,"order_ticket":9082,"position_id":900000043,"entry_type":"IN","deal_type":"SELL","side":"S","layer_index":0,"role":"ENT","deal_price":1.12591,"order_price_open":null,"slippage_pips":null,"volume":0.00,"profit":0.00,"swap":0.00,"commission":0.00,"deal_time_broker":"2026-10-01 18:14:39","deal_time_broker_msc":1790878479000,"halted_at_receipt":false,"quarantined_at_receipt":false}
11,-1,1790879405342,ea_event,ROLL_ACCEPTED,{"type":"ea_event","seq":100,"ea_time_ms":6334546,"magic":null,"level":"INFO","code":"ROLL_ACCEPTED","reason":null,"ticket":900000035,"detail":{"ticket":900000035,"side":"L","layer_index":4,"entry":1.12864,"level":1.12504,"target":1.12604,"accrued":0.00000,"clamped":false,"cost":0.00260,"cost_pips":26.0,"rolled":5,"was_ejected":false,"source":"auto","reroll":false,"from_level":0.00000}}
11,-1,1790879412968,ea_event,,{"type":"fill_log","seq":101,"ea_time_ms":6334546,"magic":22260201,"deal_ticket":800000086,"order_ticket":9085,"position_id":900000044,"entry_type":"IN","deal_type":"SELL","side":"S","layer_index":0,"role":"EXT","deal_price":1.12491,"order_price_open":null,"slippage_pips":null,"volume":0.00,"profit":0.00,"swap":0.00,"commission":0.00,"deal_time_broker":"2026-10-01 18:30:12","deal_time_broker_msc":1790879412000,"halted_at_receipt":false,"quarantined_at_receipt":false}
11,-1,1790879412968,ea_event,,{"type":"fill_log","seq":102,"ea_time_ms":6334546,"magic":22260201,"deal_ticket":800000087,"order_ticket":700000087,"position_id":900000043,"entry_type":"OUT_BY","deal_type":"SELL","side":null,"layer_index":null,"role":null,"deal_price":1.12491,"order_price_open":null,"slippage_pips":null,"volume":0.00,"profit":1.00,"swap":0.00,"commission":0.00,"deal_time_broker":"2026-10-01 18:30:12","deal_time_broker_msc":1790879412000,"halted_at_receipt":false,"quarantined_at_receipt":false}
11,-1,1790879412968,ea_event,,{"type":"fill_log","seq":103,"ea_time_ms":6334546,"magic":22260201,"deal_ticket":800000088,"order_ticket":700000087,"position_id":900000044,"entry_type":"OUT_BY","deal_type":"SELL","side":null,"layer_index":null,"role":null,"deal_price":1.12591,"order_price_open":null,"slippage_pips":null,"volume":0.00,"profit":0.00,"swap":0.00,"commission":0.00,"deal_time_broker":"2026-10-01 18:30:12","deal_time_broker_msc":1790879412000,"halted_at_receipt":false,"quarantined_at_receipt":false}
11,-1,1790879412968,scalp,SCALP_CLOSED,{"close_time":"2026-10-01T18:30:12Z","instrument":"EURUSD","direction":"SHORT","entry_price":1.12591,"exit_price":1.12491,"layer_depth":0,"stack_depth":1,"gross_pnl":1.00,"instance_id":"GRIND_EURUSD_OPTC","ejected":false,"rolled":false,"broker_utc_offset_s":10800,"account_login":53077984}
11,-1,1790879436257,ea_event,ROLL_ACCEPTED,{"type":"ea_event","seq":104,"ea_time_ms":6334546,"magic":null,"level":"INFO","code":"ROLL_ACCEPTED","reason":null,"ticket":900000037,"detail":{"ticket":900000037,"side":"L","layer_index":5,"entry":1.12804,"level":1.12444,"target":1.12544,"accrued":0.00000,"clamped":false,"cost":0.00260,"cost_pips":26.0,"rolled":6,"was_ejected":false,"source":"auto","reroll":false,"from_level":0.00000}}
11,-1,1790879492719,ea_event,ROLL_ACCEPTED,{"type":"ea_event","seq":105,"ea_time_ms":6334562,"magic":null,"level":"INFO","code":"ROLL_ACCEPTED","reason":null,"ticket":900000039,"detail":{"ticket":900000039,"side":"L","layer_index":6,"entry":1.12744,"level":1.12384,"target":1.12484,"accrued":0.00000,"clamped":false,"cost":0.00260,"cost_pips":26.0,"rolled":7,"was_ejected":false,"source":"auto","reroll":false,"from_level":0.00000}}
11,-1,1790879661027,ea_event,ROLL_ACCEPTED,{"type":"ea_event","seq":106,"ea_time_ms":6334562,"magic":null,"level":"INFO","code":"ROLL_ACCEPTED","reason":null,"ticket":900000041,"detail":{"ticket":900000041,"side":"L","layer_index":7,"entry":1.12684,"level":1.12324,"target":1.12424,"accrued":0.00000,"clamped":false,"cost":0.00260,"cost_pips":26.0,"rolled":8,"was_ejected":false,"source":"auto","reroll":false,"from_level":0.00000}}
11,-1,1790879815831,ea_event,,{"type":"fill_log","seq":107,"ea_time_ms":6334578,"magic":22260201,"deal_ticket":800000089,"order_ticket":9088,"position_id":900000045,"entry_type":"IN","deal_type":"SELL","side":"S","layer_index":0,"role":"ENT","deal_price":1.12391,"order_price_open":null,"slippage_pips":null,"volume":0.00,"profit":0.00,"swap":0.00,"commission":0.00,"deal_time_broker":"2026-10-01 18:36:55","deal_time_broker_msc":1790879815000,"halted_at_receipt":false,"quarantined_at_receipt":false}
11,-1,1790879856037,ea_event,,{"type":"fill_log","seq":108,"ea_time_ms":6334578,"magic":22260201,"deal_ticket":800000090,"order_ticket":9091,"position_id":900000046,"entry_type":"IN","deal_type":"BUY","side":"L","layer_index":7,"role":"EXT","deal_price":1.12424,"order_price_open":null,"slippage_pips":null,"volume":0.00,"profit":0.00,"swap":0.00,"commission":0.00,"deal_time_broker":"2026-10-01 18:37:36","deal_time_broker_msc":1790879856000,"halted_at_receipt":false,"quarantined_at_receipt":false}
11,-1,1790879856037,ea_event,,{"type":"fill_log","seq":109,"ea_time_ms":6334578,"magic":22260201,"deal_ticket":800000091,"order_ticket":700000091,"position_id":900000041,"entry_type":"OUT_BY","deal_type":"SELL","side":null,"layer_index":null,"role":null,"deal_price":1.12424,"order_price_open":null,"slippage_pips":null,"volume":0.00,"profit":-2.60,"swap":0.00,"commission":0.00,"deal_time_broker":"2026-10-01 18:37:36","deal_time_broker_msc":1790879856000,"halted_at_receipt":false,"quarantined_at_receipt":false}
11,-1,1790879856037,ea_event,ROLL_FILLED,{"type":"ea_event","seq":110,"ea_time_ms":6334578,"magic":null,"level":"INFO","code":"ROLL_FILLED","reason":null,"ticket":900000041,"detail":{"ticket":900000041,"level":1.12324}}
11,-1,1790879856037,ea_event,,{"type":"fill_log","seq":111,"ea_time_ms":6334578,"magic":22260201,"deal_ticket":800000092,"order_ticket":700000091,"position_id":900000046,"entry_type":"OUT_BY","deal_type":"SELL","side":null,"layer_index":null,"role":null,"deal_price":1.12684,"order_price_open":null,"slippage_pips":null,"volume":0.00,"profit":0.00,"swap":0.00,"commission":0.00,"deal_time_broker":"2026-10-01 18:37:36","deal_time_broker_msc":1790879856000,"halted_at_receipt":false,"quarantined_at_receipt":false}
11,-1,1790879856037,scalp,SCALP_CLOSED,{"close_time":"2026-10-01T18:37:36Z","instrument":"EURUSD","direction":"LONG","entry_price":1.12684,"exit_price":1.12424,"layer_depth":7,"stack_depth":8,"gross_pnl":-2.60,"instance_id":"GRIND_EURUSD_OPTC","ejected":false,"rolled":true,"broker_utc_offset_s":10800,"account_login":53077984}
11,-1,1790879949332,ea_event,,{"type":"fill_log","seq":112,"ea_time_ms":6334593,"magic":22260201,"deal_ticket":800000093,"order_ticket":9093,"position_id":900000047,"entry_type":"IN","deal_type":"SELL","side":"S","layer_index":1,"role":"ENT","deal_price":1.12451,"order_price_open":null,"slippage_pips":null,"volume":0.00,"profit":0.00,"swap":0.00,"commission":0.00,"deal_time_broker":"2026-10-01 18:39:09","deal_time_broker_msc":1790879949000,"halted_at_receipt":false,"quarantined_at_receipt":false}
11,-1,1790880328647,ea_event,,{"type":"fill_log","seq":113,"ea_time_ms":6334625,"magic":22260201,"deal_ticket":800000094,"order_ticket":9096,"position_id":900000048,"entry_type":"IN","deal_type":"SELL","side":"S","layer_index":1,"role":"EXT","deal_price":1.12351,"order_price_open":null,"slippage_pips":null,"volume":0.00,"profit":0.00,"swap":0.00,"commission":0.00,"deal_time_broker":"2026-10-01 18:45:28","deal_time_broker_msc":1790880328000,"halted_at_receipt":false,"quarantined_at_receipt":false}
11,-1,1790880328647,ea_event,,{"type":"fill_log","seq":114,"ea_time_ms":6334625,"magic":22260201,"deal_ticket":800000095,"order_ticket":700000095,"position_id":900000047,"entry_type":"OUT_BY","deal_type":"SELL","side":null,"layer_index":null,"role":null,"deal_price":1.12351,"order_price_open":null,"slippage_pips":null,"volume":0.00,"profit":1.00,"swap":0.00,"commission":0.00,"deal_time_broker":"2026-10-01 18:45:28","deal_time_broker_msc":1790880328000,"halted_at_receipt":false,"quarantined_at_receipt":false}
11,-1,1790880328647,ea_event,,{"type":"fill_log","seq":115,"ea_time_ms":6334625,"magic":22260201,"deal_ticket":800000096,"order_ticket":700000095,"position_id":900000048,"entry_type":"OUT_BY","deal_type":"SELL","side":null,"layer_index":null,"role":null,"deal_price":1.12451,"order_price_open":null,"slippage_pips":null,"volume":0.00,"profit":0.00,"swap":0.00,"commission":0.00,"deal_time_broker":"2026-10-01 18:45:28","deal_time_broker_msc":1790880328000,"halted_at_receipt":false,"quarantined_at_receipt":false}
11,-1,1790880328647,scalp,SCALP_CLOSED,{"close_time":"2026-10-01T18:45:28Z","instrument":"EURUSD","direction":"SHORT","entry_price":1.12451,"exit_price":1.12351,"layer_depth":1,"stack_depth":2,"gross_pnl":1.00,"instance_id":"GRIND_EURUSD_OPTC","ejected":false,"rolled":false,"broker_utc_offset_s":10800,"account_login":53077984}
11,-1,1790880590326,ea_event,,{"type":"fill_log","seq":116,"ea_time_ms":6334640,"magic":22260201,"deal_ticket":800000097,"order_ticket":9095,"position_id":900000049,"entry_type":"IN","deal_type":"BUY","side":"L","layer_index":7,"role":"ENT","deal_price":1.12324,"order_price_open":null,"slippage_pips":null,"volume":0.00,"profit":0.00,"swap":0.00,"commission":0.00,"deal_time_broker":"2026-10-01 18:49:50","deal_time_broker_msc":1790880590000,"halted_at_receipt":false,"quarantined_at_receipt":false}
11,-1,1790880685364,ea_event,,{"type":"fill_log","seq":117,"ea_time_ms":6334640,"magic":22260201,"deal_ticket":800000098,"order_ticket":9092,"position_id":900000050,"entry_type":"IN","deal_type":"SELL","side":"S","layer_index":0,"role":"EXT","deal_price":1.12291,"order_price_open":null,"slippage_pips":null,"volume":0.00,"profit":0.00,"swap":0.00,"commission":0.00,"deal_time_broker":"2026-10-01 18:51:25","deal_time_broker_msc":1790880685000,"halted_at_receipt":false,"quarantined_at_receipt":false}
11,-1,1790880685364,ea_event,,{"type":"fill_log","seq":118,"ea_time_ms":6334640,"magic":22260201,"deal_ticket":800000099,"order_ticket":700000099,"position_id":900000045,"entry_type":"OUT_BY","deal_type":"SELL","side":null,"layer_index":null,"role":null,"deal_price":1.12291,"order_price_open":null,"slippage_pips":null,"volume":0.00,"profit":1.00,"swap":0.00,"commission":0.00,"deal_time_broker":"2026-10-01 18:51:25","deal_time_broker_msc":1790880685000,"halted_at_receipt":false,"quarantined_at_receipt":false}
11,-1,1790880685364,ea_event,,{"type":"fill_log","seq":119,"ea_time_ms":6334640,"magic":22260201,"deal_ticket":800000100,"order_ticket":700000099,"position_id":900000050,"entry_type":"OUT_BY","deal_type":"SELL","side":null,"layer_index":null,"role":null,"deal_price":1.12391,"order_price_open":null,"slippage_pips":null,"volume":0.00,"profit":0.00,"swap":0.00,"commission":0.00,"deal_time_broker":"2026-10-01 18:51:25","deal_time_broker_msc":1790880685000,"halted_at_receipt":false,"quarantined_at_receipt":false}
11,-1,1790880685364,scalp,SCALP_CLOSED,{"close_time":"2026-10-01T18:51:25Z","instrument":"EURUSD","direction":"SHORT","entry_price":1.12391,"exit_price":1.12291,"layer_depth":0,"stack_depth":1,"gross_pnl":1.00,"instance_id":"GRIND_EURUSD_OPTC","ejected":false,"rolled":false,"broker_utc_offset_s":10800,"account_login":53077984}
11,-1,1790880801701,ea_event,ROLL_ACCEPTED,{"type":"ea_event","seq":120,"ea_time_ms":6334656,"magic":null,"level":"INFO","code":"ROLL_ACCEPTED","reason":null,"ticket":900000049,"detail":{"ticket":900000049,"side":"L","layer_index":7,"entry":1.12324,"level":1.12264,"target":1.12364,"accrued":0.00000,"clamped":false,"cost":-0.00040,"cost_pips":-4.0,"rolled":8,"was_ejected":false,"source":"auto","reroll":false,"from_level":0.00000}}
11,-1,1790881050406,ea_event,,{"type":"fill_log","seq":121,"ea_time_ms":6334671,"magic":22260201,"deal_ticket":800000101,"order_ticket":9100,"position_id":900000051,"entry_type":"IN","deal_type":"SELL","side":"S","layer_index":0,"role":"ENT","deal_price":1.12290,"order_price_open":null,"slippage_pips":null,"volume":0.00,"profit":0.00,"swap":0.00,"commission":0.00,"deal_time_broker":"2026-10-01 18:57:30","deal_time_broker_msc":1790881050000,"halted_at_receipt":false,"quarantined_at_receipt":false}
11,-1,1790881283030,ea_event,,{"type":"fill_log","seq":122,"ea_time_ms":6334703,"magic":22260201,"deal_ticket":800000102,"order_ticket":9102,"position_id":900000052,"entry_type":"IN","deal_type":"SELL","side":"S","layer_index":1,"role":"ENT","deal_price":1.12350,"order_price_open":null,"slippage_pips":null,"volume":0.00,"profit":0.00,"swap":0.00,"commission":0.00,"deal_time_broker":"2026-10-01 19:01:23","deal_time_broker_msc":1790881283000,"halted_at_receipt":false,"quarantined_at_receipt":false}
11,-1,1790881552145,ea_event,,{"type":"fill_log","seq":123,"ea_time_ms":6334734,"magic":22260201,"deal_ticket":800000103,"order_ticket":9099,"position_id":900000053,"entry_type":"IN","deal_type":"BUY","side":"L","layer_index":7,"role":"EXT","deal_price":1.12364,"order_price_open":null,"slippage_pips":null,"volume":0.00,"profit":0.00,"swap":0.00,"commission":0.00,"deal_time_broker":"2026-10-01 19:05:52","deal_time_broker_msc":1790881552000,"halted_at_receipt":false,"quarantined_at_receipt":false}
11,-1,1790881552145,ea_event,,{"type":"fill_log","seq":124,"ea_time_ms":6334734,"magic":22260201,"deal_ticket":800000104,"order_ticket":700000104,"position_id":900000049,"entry_type":"OUT_BY","deal_type":"SELL","side":null,"layer_index":null,"role":null,"deal_price":1.12364,"order_price_open":null,"slippage_pips":null,"volume":0.00,"profit":0.40,"swap":0.00,"commission":0.00,"deal_time_broker":"2026-10-01 19:05:52","deal_time_broker_msc":1790881552000,"halted_at_receipt":false,"quarantined_at_receipt":false}
11,-1,1790881552145,ea_event,ROLL_FILLED,{"type":"ea_event","seq":125,"ea_time_ms":6334734,"magic":null,"level":"INFO","code":"ROLL_FILLED","reason":null,"ticket":900000049,"detail":{"ticket":900000049,"level":1.12264}}
11,-1,1790881552145,ea_event,,{"type":"fill_log","seq":126,"ea_time_ms":6334734,"magic":22260201,"deal_ticket":800000105,"order_ticket":700000104,"position_id":900000053,"entry_type":"OUT_BY","deal_type":"SELL","side":null,"layer_index":null,"role":null,"deal_price":1.12324,"order_price_open":null,"slippage_pips":null,"volume":0.00,"profit":0.00,"swap":0.00,"commission":0.00,"deal_time_broker":"2026-10-01 19:05:52","deal_time_broker_msc":1790881552000,"halted_at_receipt":false,"quarantined_at_receipt":false}
11,-1,1790881552145,scalp,SCALP_CLOSED,{"close_time":"2026-10-01T19:05:52Z","instrument":"EURUSD","direction":"LONG","entry_price":1.12324,"exit_price":1.12364,"layer_depth":7,"stack_depth":8,"gross_pnl":0.40,"instance_id":"GRIND_EURUSD_OPTC","ejected":false,"rolled":true,"broker_utc_offset_s":10800,"account_login":53077984}
11,-1,1790882313246,ea_event,,{"type":"fill_log","seq":127,"ea_time_ms":6334781,"magic":22260201,"deal_ticket":800000106,"order_ticket":9104,"position_id":900000054,"entry_type":"IN","deal_type":"SELL","side":"S","layer_index":2,"role":"ENT","deal_price":1.12410,"order_price_open":null,"slippage_pips":null,"volume":0.00,"profit":0.00,"swap":0.00,"commission":0.00,"deal_time_broker":"2026-10-01 19:18:33","deal_time_broker_msc":1790882313000,"halted_at_receipt":false,"quarantined_at_receipt":false}
11,-1,1790883215068,ea_event,,{"type":"fill_log","seq":128,"ea_time_ms":6334828,"magic":22260201,"deal_ticket":800000107,"order_ticket":9106,"position_id":900000055,"entry_type":"IN","deal_type":"BUY","side":"L","layer_index":7,"role":"ENT","deal_price":1.12324,"order_price_open":null,"slippage_pips":null,"volume":0.00,"profit":0.00,"swap":0.00,"commission":0.00,"deal_time_broker":"2026-10-01 19:33:35","deal_time_broker_msc":1790883215000,"halted_at_receipt":false,"quarantined_at_receipt":false}
11,-1,1790883306599,ea_event,,{"type":"fill_log","seq":129,"ea_time_ms":6334843,"magic":22260201,"deal_ticket":800000108,"order_ticket":9107,"position_id":900000056,"entry_type":"IN","deal_type":"SELL","side":"S","layer_index":2,"role":"EXT","deal_price":1.12310,"order_price_open":null,"slippage_pips":null,"volume":0.00,"profit":0.00,"swap":0.00,"commission":0.00,"deal_time_broker":"2026-10-01 19:35:06","deal_time_broker_msc":1790883306000,"halted_at_receipt":false,"quarantined_at_receipt":false}
11,-1,1790883306599,ea_event,,{"type":"fill_log","seq":130,"ea_time_ms":6334843,"magic":22260201,"deal_ticket":800000109,"order_ticket":700000109,"position_id":900000054,"entry_type":"OUT_BY","deal_type":"SELL","side":null,"layer_index":null,"role":null,"deal_price":1.12310,"order_price_open":null,"slippage_pips":null,"volume":0.00,"profit":1.00,"swap":0.00,"commission":0.00,"deal_time_broker":"2026-10-01 19:35:06","deal_time_broker_msc":1790883306000,"halted_at_receipt":false,"quarantined_at_receipt":false}
11,-1,1790883306599,ea_event,,{"type":"fill_log","seq":131,"ea_time_ms":6334843,"magic":22260201,"deal_ticket":800000110,"order_ticket":700000109,"position_id":900000056,"entry_type":"OUT_BY","deal_type":"SELL","side":null,"layer_index":null,"role":null,"deal_price":1.12410,"order_price_open":null,"slippage_pips":null,"volume":0.00,"profit":0.00,"swap":0.00,"commission":0.00,"deal_time_broker":"2026-10-01 19:35:06","deal_time_broker_msc":1790883306000,"halted_at_receipt":false,"quarantined_at_receipt":false}
11,-1,1790883306599,scalp,SCALP_CLOSED,{"close_time":"2026-10-01T19:35:06Z","instrument":"EURUSD","direction":"SHORT","entry_price":1.12410,"exit_price":1.12310,"layer_depth":2,"stack_depth":3,"gross_pnl":1.00,"instance_id":"GRIND_EURUSD_OPTC","ejected":false,"rolled":false,"broker_utc_offset_s":10800,"account_login":53077984}
11,-1,1790883428050,ea_event,ROLL_ACCEPTED,{"type":"ea_event","seq":132,"ea_time_ms":6334843,"magic":null,"level":"INFO","code":"ROLL_ACCEPTED","reason":null,"ticket":900000055,"detail":{"ticket":900000055,"side":"L","layer_index":7,"entry":1.12324,"level":1.12264,"target":1.12364,"accrued":0.00000,"clamped":false,"cost":-0.00040,"cost_pips":-4.0,"rolled":8,"was_ejected":false,"source":"auto","reroll":false,"from_level":0.00000}}
11,-1,1790883659640,ea_event,,{"type":"fill_log","seq":133,"ea_time_ms":6334859,"magic":22260201,"deal_ticket":800000111,"order_ticket":9110,"position_id":900000057,"entry_type":"IN","deal_type":"SELL","side":"S","layer_index":1,"role":"EXT","deal_price":1.12250,"order_price_open":null,"slippage_pips":null,"volume":0.00,"profit":0.00,"swap":0.00,"commission":0.00,"deal_time_broker":"2026-10-01 19:40:59","deal_time_broker_msc":1790883659000,"halted_at_receipt":false,"quarantined_at_receipt":false}
11,-1,1790883659640,ea_event,,{"type":"fill_log","seq":134,"ea_time_ms":6334859,"magic":22260201,"deal_ticket":800000112,"order_ticket":700000112,"position_id":900000052,"entry_type":"OUT_BY","deal_type":"SELL","side":null,"layer_index":null,"role":null,"deal_price":1.12250,"order_price_open":null,"slippage_pips":null,"volume":0.00,"profit":1.00,"swap":0.00,"commission":0.00,"deal_time_broker":"2026-10-01 19:40:59","deal_time_broker_msc":1790883659000,"halted_at_receipt":false,"quarantined_at_receipt":false}
11,-1,1790883659640,ea_event,,{"type":"fill_log","seq":135,"ea_time_ms":6334859,"magic":22260201,"deal_ticket":800000113,"order_ticket":700000112,"position_id":900000057,"entry_type":"OUT_BY","deal_type":"SELL","side":null,"layer_index":null,"role":null,"deal_price":1.12350,"order_price_open":null,"slippage_pips":null,"volume":0.00,"profit":0.00,"swap":0.00,"commission":0.00,"deal_time_broker":"2026-10-01 19:40:59","deal_time_broker_msc":1790883659000,"halted_at_receipt":false,"quarantined_at_receipt":false}
11,-1,1790883659640,scalp,SCALP_CLOSED,{"close_time":"2026-10-01T19:40:59Z","instrument":"EURUSD","direction":"SHORT","entry_price":1.12350,"exit_price":1.12250,"layer_depth":1,"stack_depth":2,"gross_pnl":1.00,"instance_id":"GRIND_EURUSD_OPTC","ejected":false,"rolled":false,"broker_utc_offset_s":10800,"account_login":53077984}
11,-1,1790884283227,ea_event,,{"type":"fill_log","seq":136,"ea_time_ms":6334890,"magic":22260201,"deal_ticket":800000114,"order_ticket":9101,"position_id":900000058,"entry_type":"IN","deal_type":"SELL","side":"S","layer_index":0,"role":"EXT","deal_price":1.12190,"order_price_open":null,"slippage_pips":null,"volume":0.00,"profit":0.00,"swap":0.00,"commission":0.00,"deal_time_broker":"2026-10-01 19:51:23","deal_time_broker_msc":1790884283000,"halted_at_receipt":false,"quarantined_at_receipt":false}
11,-1,1790884283227,ea_event,,{"type":"fill_log","seq":137,"ea_time_ms":6334890,"magic":22260201,"deal_ticket":800000115,"order_ticket":700000115,"position_id":900000051,"entry_type":"OUT_BY","deal_type":"SELL","side":null,"layer_index":null,"role":null,"deal_price":1.12190,"order_price_open":null,"slippage_pips":null,"volume":0.00,"profit":1.00,"swap":0.00,"commission":0.00,"deal_time_broker":"2026-10-01 19:51:23","deal_time_broker_msc":1790884283000,"halted_at_receipt":false,"quarantined_at_receipt":false}
11,-1,1790884283227,ea_event,,{"type":"fill_log","seq":138,"ea_time_ms":6334890,"magic":22260201,"deal_ticket":800000116,"order_ticket":700000115,"position_id":900000058,"entry_type":"OUT_BY","deal_type":"SELL","side":null,"layer_index":null,"role":null,"deal_price":1.12290,"order_price_open":null,"slippage_pips":null,"volume":0.00,"profit":0.00,"swap":0.00,"commission":0.00,"deal_time_broker":"2026-10-01 19:51:23","deal_time_broker_msc":1790884283000,"halted_at_receipt":false,"quarantined_at_receipt":false}
11,-1,1790884283227,scalp,SCALP_CLOSED,{"close_time":"2026-10-01T19:51:23Z","instrument":"EURUSD","direction":"SHORT","entry_price":1.12290,"exit_price":1.12190,"layer_depth":0,"stack_depth":1,"gross_pnl":1.00,"instance_id":"GRIND_EURUSD_OPTC","ejected":false,"rolled":false,"broker_utc_offset_s":10800,"account_login":53077984}
11,-1,1790885063200,ea_event,,{"type":"fill_log","seq":139,"ea_time_ms":6334921,"magic":22260201,"deal_ticket":800000117,"order_ticket":9113,"position_id":900000059,"entry_type":"IN","deal_type":"SELL","side":"S","layer_index":0,"role":"ENT","deal_price":1.12261,"order_price_open":null,"slippage_pips":null,"volume":0.00,"profit":0.00,"swap":0.00,"commission":0.00,"deal_time_broker":"2026-10-01 20:04:23","deal_time_broker_msc":1790885063000,"halted_at_receipt":false,"quarantined_at_receipt":false}
11,-1,1790885880786,ea_event,,{"type":"fill_log","seq":140,"ea_time_ms":6334953,"magic":22260201,"deal_ticket":800000118,"order_ticket":9114,"position_id":900000060,"entry_type":"IN","deal_type":"SELL","side":"S","layer_index":0,"role":"EXT","deal_price":1.12161,"order_price_open":null,"slippage_pips":null,"volume":0.00,"profit":0.00,"swap":0.00,"commission":0.00,"deal_time_broker":"2026-10-01 20:18:00","deal_time_broker_msc":1790885880000,"halted_at_receipt":false,"quarantined_at_receipt":false}
11,-1,1790885880786,ea_event,,{"type":"fill_log","seq":141,"ea_time_ms":6334953,"magic":22260201,"deal_ticket":800000119,"order_ticket":700000119,"position_id":900000059,"entry_type":"OUT_BY","deal_type":"SELL","side":null,"layer_index":null,"role":null,"deal_price":1.12161,"order_price_open":null,"slippage_pips":null,"volume":0.00,"profit":1.00,"swap":0.00,"commission":0.00,"deal_time_broker":"2026-10-01 20:18:00","deal_time_broker_msc":1790885880000,"halted_at_receipt":false,"quarantined_at_receipt":false}
11,-1,1790885880786,ea_event,,{"type":"fill_log","seq":142,"ea_time_ms":6334953,"magic":22260201,"deal_ticket":800000120,"order_ticket":700000119,"position_id":900000060,"entry_type":"OUT_BY","deal_type":"SELL","side":null,"layer_index":null,"role":null,"deal_price":1.12261,"order_price_open":null,"slippage_pips":null,"volume":0.00,"profit":0.00,"swap":0.00,"commission":0.00,"deal_time_broker":"2026-10-01 20:18:00","deal_time_broker_msc":1790885880000,"halted_at_receipt":false,"quarantined_at_receipt":false}
11,-1,1790885880786,scalp,SCALP_CLOSED,{"close_time":"2026-10-01T20:18:00Z","instrument":"EURUSD","direction":"SHORT","entry_price":1.12261,"exit_price":1.12161,"layer_depth":0,"stack_depth":1,"gross_pnl":1.00,"instance_id":"GRIND_EURUSD_OPTC","ejected":false,"rolled":false,"broker_utc_offset_s":10800,"account_login":53077984}
11,-1,1790886117965,ea_event,,{"type":"fill_log","seq":143,"ea_time_ms":6334968,"magic":22260201,"deal_ticket":800000121,"order_ticket":9116,"position_id":900000061,"entry_type":"IN","deal_type":"SELL","side":"S","layer_index":0,"role":"ENT","deal_price":1.12230,"order_price_open":null,"slippage_pips":null,"volume":0.00,"profit":0.00,"swap":0.00,"commission":0.00,"deal_time_broker":"2026-10-01 20:21:57","deal_time_broker_msc":1790886117000,"halted_at_receipt":false,"quarantined_at_receipt":false}
11,-1,1790886305043,ea_event,,{"type":"fill_log","seq":144,"ea_time_ms":6334968,"magic":22260201,"deal_ticket":800000122,"order_ticket":9118,"position_id":900000062,"entry_type":"IN","deal_type":"SELL","side":"S","layer_index":1,"role":"ENT","deal_price":1.12290,"order_price_open":null,"slippage_pips":null,"volume":0.00,"profit":0.00,"swap":0.00,"commission":0.00,"deal_time_broker":"2026-10-01 20:25:05","deal_time_broker_msc":1790886305000,"halted_at_receipt":false,"quarantined_at_receipt":false}
11,-1,1790886602881,ea_event,,{"type":"fill_log","seq":145,"ea_time_ms":6334984,"magic":22260201,"deal_ticket":800000123,"order_ticket":9120,"position_id":900000063,"entry_type":"IN","deal_type":"SELL","side":"S","layer_index":2,"role":"ENT","deal_price":1.12350,"order_price_open":null,"slippage_pips":null,"volume":0.00,"profit":0.00,"swap":0.00,"commission":0.00,"deal_time_broker":"2026-10-01 20:30:02","deal_time_broker_msc":1790886602000,"halted_at_receipt":false,"quarantined_at_receipt":false}
11,-1,1790886616936,ea_event,,{"type":"fill_log","seq":146,"ea_time_ms":6334984,"magic":22260201,"deal_ticket":800000124,"order_ticket":9109,"position_id":900000064,"entry_type":"IN","deal_type":"BUY","side":"L","layer_index":7,"role":"EXT","deal_price":1.12364,"order_price_open":null,"slippage_pips":null,"volume":0.00,"profit":0.00,"swap":0.00,"commission":0.00,"deal_time_broker":"2026-10-01 20:30:16","deal_time_broker_msc":1790886616000,"halted_at_receipt":false,"quarantined_at_receipt":false}
11,-1,1790886616936,ea_event,,{"type":"fill_log","seq":147,"ea_time_ms":6334984,"magic":22260201,"deal_ticket":800000125,"order_ticket":700000125,"position_id":900000055,"entry_type":"OUT_BY","deal_type":"SELL","side":null,"layer_index":null,"role":null,"deal_price":1.12364,"order_price_open":null,"slippage_pips":null,"volume":0.00,"profit":0.40,"swap":0.00,"commission":0.00,"deal_time_broker":"2026-10-01 20:30:16","deal_time_broker_msc":1790886616000,"halted_at_receipt":false,"quarantined_at_receipt":false}
11,-1,1790886616936,ea_event,ROLL_FILLED,{"type":"ea_event","seq":148,"ea_time_ms":6334984,"magic":null,"level":"INFO","code":"ROLL_FILLED","reason":null,"ticket":900000055,"detail":{"ticket":900000055,"level":1.12264}}
11,-1,1790886616936,ea_event,,{"type":"fill_log","seq":149,"ea_time_ms":6334984,"magic":22260201,"deal_ticket":800000126,"order_ticket":700000125,"position_id":900000064,"entry_type":"OUT_BY","deal_type":"SELL","side":null,"layer_index":null,"role":null,"deal_price":1.12324,"order_price_open":null,"slippage_pips":null,"volume":0.00,"profit":0.00,"swap":0.00,"commission":0.00,"deal_time_broker":"2026-10-01 20:30:16","deal_time_broker_msc":1790886616000,"halted_at_receipt":false,"quarantined_at_receipt":false}
11,-1,1790886616936,scalp,SCALP_CLOSED,{"close_time":"2026-10-01T20:30:16Z","instrument":"EURUSD","direction":"LONG","entry_price":1.12324,"exit_price":1.12364,"layer_depth":7,"stack_depth":8,"gross_pnl":0.40,"instance_id":"GRIND_EURUSD_OPTC","ejected":false,"rolled":true,"broker_utc_offset_s":10800,"account_login":53077984}
11,-1,1790886644482,ea_event,,{"type":"fill_log","seq":150,"ea_time_ms":6335000,"magic":22260201,"deal_ticket":800000127,"order_ticket":9122,"position_id":900000065,"entry_type":"IN","deal_type":"SELL","side":"S","layer_index":3,"role":"ENT","deal_price":1.12410,"order_price_open":null,"slippage_pips":null,"volume":0.00,"profit":0.00,"swap":0.00,"commission":0.00,"deal_time_broker":"2026-10-01 20:30:44","deal_time_broker_msc":1790886644000,"halted_at_receipt":false,"quarantined_at_receipt":false}
11,-1,1790886766054,ea_event,,{"type":"fill_log","seq":151,"ea_time_ms":6335000,"magic":22260201,"deal_ticket":800000128,"order_ticket":9124,"position_id":900000066,"entry_type":"IN","deal_type":"BUY","side":"L","layer_index":7,"role":"ENT","deal_price":1.12324,"order_price_open":null,"slippage_pips":null,"volume":0.00,"profit":0.00,"swap":0.00,"commission":0.00,"deal_time_broker":"2026-10-01 20:32:46","deal_time_broker_msc":1790886766000,"halted_at_receipt":false,"quarantined_at_receipt":false}
11,-1,1790886781723,ea_event,,{"type":"fill_log","seq":152,"ea_time_ms":6335000,"magic":22260201,"deal_ticket":800000129,"order_ticket":9125,"position_id":900000067,"entry_type":"IN","deal_type":"SELL","side":"S","layer_index":3,"role":"EXT","deal_price":1.12310,"order_price_open":null,"slippage_pips":null,"volume":0.00,"profit":0.00,"swap":0.00,"commission":0.00,"deal_time_broker":"2026-10-01 20:33:01","deal_time_broker_msc":1790886781000,"halted_at_receipt":false,"quarantined_at_receipt":false}
11,-1,1790886781723,ea_event,,{"type":"fill_log","seq":153,"ea_time_ms":6335000,"magic":22260201,"deal_ticket":800000130,"order_ticket":700000130,"position_id":900000065,"entry_type":"OUT_BY","deal_type":"SELL","side":null,"layer_index":null,"role":null,"deal_price":1.12310,"order_price_open":null,"slippage_pips":null,"volume":0.00,"profit":1.00,"swap":0.00,"commission":0.00,"deal_time_broker":"2026-10-01 20:33:01","deal_time_broker_msc":1790886781000,"halted_at_receipt":false,"quarantined_at_receipt":false}
11,-1,1790886781723,ea_event,,{"type":"fill_log","seq":154,"ea_time_ms":6335000,"magic":22260201,"deal_ticket":800000131,"order_ticket":700000130,"position_id":900000067,"entry_type":"OUT_BY","deal_type":"SELL","side":null,"layer_index":null,"role":null,"deal_price":1.12410,"order_price_open":null,"slippage_pips":null,"volume":0.00,"profit":0.00,"swap":0.00,"commission":0.00,"deal_time_broker":"2026-10-01 20:33:01","deal_time_broker_msc":1790886781000,"halted_at_receipt":false,"quarantined_at_receipt":false}
11,-1,1790886781723,scalp,SCALP_CLOSED,{"close_time":"2026-10-01T20:33:01Z","instrument":"EURUSD","direction":"SHORT","entry_price":1.12410,"exit_price":1.12310,"layer_depth":3,"stack_depth":4,"gross_pnl":1.00,"instance_id":"GRIND_EURUSD_OPTC","ejected":false,"rolled":false,"broker_utc_offset_s":10800,"account_login":53077984}
11,-1,1790888063879,ea_event,ROLL_ACCEPTED,{"type":"ea_event","seq":155,"ea_time_ms":6335046,"magic":null,"level":"INFO","code":"ROLL_ACCEPTED","reason":null,"ticket":900000066,"detail":{"ticket":900000066,"side":"L","layer_index":7,"entry":1.12324,"level":1.12264,"target":1.12364,"accrued":0.00000,"clamped":false,"cost":-0.00040,"cost_pips":-4.0,"rolled":8,"was_ejected":false,"source":"auto","reroll":false,"from_level":0.00000}}
11,-1,1790888254006,ea_event,,{"type":"fill_log","seq":156,"ea_time_ms":6335062,"magic":22260201,"deal_ticket":800000132,"order_ticket":9128,"position_id":900000068,"entry_type":"IN","deal_type":"SELL","side":"S","layer_index":2,"role":"EXT","deal_price":1.12250,"order_price_open":null,"slippage_pips":null,"volume":0.00,"profit":0.00,"swap":0.00,"commission":0.00,"deal_time_broker":"2026-10-01 20:57:34","deal_time_broker_msc":1790888254000,"halted_at_receipt":false,"quarantined_at_receipt":false}
11,-1,1790888254006,ea_event,,{"type":"fill_log","seq":157,"ea_time_ms":6335062,"magic":22260201,"deal_ticket":800000133,"order_ticket":700000133,"position_id":900000063,"entry_type":"OUT_BY","deal_type":"SELL","side":null,"layer_index":null,"role":null,"deal_price":1.12250,"order_price_open":null,"slippage_pips":null,"volume":0.00,"profit":1.00,"swap":0.00,"commission":0.00,"deal_time_broker":"2026-10-01 20:57:34","deal_time_broker_msc":1790888254000,"halted_at_receipt":false,"quarantined_at_receipt":false}
11,-1,1790888254006,ea_event,,{"type":"fill_log","seq":158,"ea_time_ms":6335062,"magic":22260201,"deal_ticket":800000134,"order_ticket":700000133,"position_id":900000068,"entry_type":"OUT_BY","deal_type":"SELL","side":null,"layer_index":null,"role":null,"deal_price":1.12350,"order_price_open":null,"slippage_pips":null,"volume":0.00,"profit":0.00,"swap":0.00,"commission":0.00,"deal_time_broker":"2026-10-01 20:57:34","deal_time_broker_msc":1790888254000,"halted_at_receipt":false,"quarantined_at_receipt":false}
11,-1,1790888254006,scalp,SCALP_CLOSED,{"close_time":"2026-10-01T20:57:34Z","instrument":"EURUSD","direction":"SHORT","entry_price":1.12350,"exit_price":1.12250,"layer_depth":2,"stack_depth":3,"gross_pnl":1.00,"instance_id":"GRIND_EURUSD_OPTC","ejected":false,"rolled":false,"broker_utc_offset_s":10800,"account_login":53077984}
11,-1,1790890495394,ea_event,,{"type":"fill_log","seq":159,"ea_time_ms":6335125,"magic":22260201,"deal_ticket":800000135,"order_ticket":9131,"position_id":900000069,"entry_type":"IN","deal_type":"SELL","side":"S","layer_index":2,"role":"ENT","deal_price":1.12350,"order_price_open":null,"slippage_pips":null,"volume":0.00,"profit":0.00,"swap":0.00,"commission":0.00,"deal_time_broker":"2026-10-01 21:34:55","deal_time_broker_msc":1790890495000,"halted_at_receipt":false,"quarantined_at_receipt":false}
11,-1,1790890511066,ea_event,,{"type":"fill_log","seq":160,"ea_time_ms":6335125,"magic":22260201,"deal_ticket":800000136,"order_ticket":9127,"position_id":900000070,"entry_type":"IN","deal_type":"BUY","side":"L","layer_index":7,"role":"EXT","deal_price":1.12364,"order_price_open":null,"slippage_pips":null,"volume":0.00,"profit":0.00,"swap":0.00,"commission":0.00,"deal_time_broker":"2026-10-01 21:35:11","deal_time_broker_msc":1790890511000,"halted_at_receipt":false,"quarantined_at_receipt":false}
11,-1,1790890511066,ea_event,,{"type":"fill_log","seq":161,"ea_time_ms":6335125,"magic":22260201,"deal_ticket":800000137,"order_ticket":700000137,"position_id":900000066,"entry_type":"OUT_BY","deal_type":"SELL","side":null,"layer_index":null,"role":null,"deal_price":1.12364,"order_price_open":null,"slippage_pips":null,"volume":0.00,"profit":0.40,"swap":0.00,"commission":0.00,"deal_time_broker":"2026-10-01 21:35:11","deal_time_broker_msc":1790890511000,"halted_at_receipt":false,"quarantined_at_receipt":false}
11,-1,1790890511066,ea_event,ROLL_FILLED,{"type":"ea_event","seq":162,"ea_time_ms":6335125,"magic":null,"level":"INFO","code":"ROLL_FILLED","reason":null,"ticket":900000066,"detail":{"ticket":900000066,"level":1.12264}}
11,-1,1790890511066,ea_event,,{"type":"fill_log","seq":163,"ea_time_ms":6335125,"magic":22260201,"deal_ticket":800000138,"order_ticket":700000137,"position_id":900000070,"entry_type":"OUT_BY","deal_type":"SELL","side":null,"layer_index":null,"role":null,"deal_price":1.12324,"order_price_open":null,"slippage_pips":null,"volume":0.00,"profit":0.00,"swap":0.00,"commission":0.00,"deal_time_broker":"2026-10-01 21:35:11","deal_time_broker_msc":1790890511000,"halted_at_receipt":false,"quarantined_at_receipt":false}
11,-1,1790890511066,scalp,SCALP_CLOSED,{"close_time":"2026-10-01T21:35:11Z","instrument":"EURUSD","direction":"LONG","entry_price":1.12324,"exit_price":1.12364,"layer_depth":7,"stack_depth":8,"gross_pnl":0.40,"instance_id":"GRIND_EURUSD_OPTC","ejected":false,"rolled":true,"broker_utc_offset_s":10800,"account_login":53077984}
11,-1,1790890670061,ea_event,,{"type":"fill_log","seq":164,"ea_time_ms":6335140,"magic":22260201,"deal_ticket":800000139,"order_ticket":9135,"position_id":900000071,"entry_type":"IN","deal_type":"BUY","side":"L","layer_index":7,"role":"ENT","deal_price":1.12324,"order_price_open":null,"slippage_pips":null,"volume":0.00,"profit":0.00,"swap":0.00,"commission":0.00,"deal_time_broker":"2026-10-01 21:37:50","deal_time_broker_msc":1790890670000,"halted_at_receipt":false,"quarantined_at_receipt":false}
11,-1,1790893690747,ea_event,,{"type":"fill_log","seq":165,"ea_time_ms":6335203,"magic":22260201,"deal_ticket":800000140,"order_ticket":9133,"position_id":900000072,"entry_type":"IN","deal_type":"SELL","side":"S","layer_index":3,"role":"ENT","deal_price":1.12410,"order_price_open":null,"slippage_pips":null,"volume":0.00,"profit":0.00,"swap":0.00,"commission":0.00,"deal_time_broker":"2026-10-01 22:28:10","deal_time_broker_msc":1790893690000,"halted_at_receipt":false,"quarantined_at_receipt":false}
11,-1,1790893803472,ea_event,,{"type":"fill_log","seq":166,"ea_time_ms":6335203,"magic":22260201,"deal_ticket":800000141,"order_ticket":9136,"position_id":900000073,"entry_type":"IN","deal_type":"BUY","side":"L","layer_index":7,"role":"EXT","deal_price":1.12424,"order_price_open":null,"slippage_pips":null,"volume":0.00,"profit":0.00,"swap":0.00,"commission":0.00,"deal_time_broker":"2026-10-01 22:30:03","deal_time_broker_msc":1790893803000,"halted_at_receipt":false,"quarantined_at_receipt":false}
11,-1,1790893803472,ea_event,,{"type":"fill_log","seq":167,"ea_time_ms":6335203,"magic":22260201,"deal_ticket":800000142,"order_ticket":700000142,"position_id":900000071,"entry_type":"OUT_BY","deal_type":"SELL","side":null,"layer_index":null,"role":null,"deal_price":1.12424,"order_price_open":null,"slippage_pips":null,"volume":0.00,"profit":1.00,"swap":0.00,"commission":0.00,"deal_time_broker":"2026-10-01 22:30:03","deal_time_broker_msc":1790893803000,"halted_at_receipt":false,"quarantined_at_receipt":false}
11,-1,1790893803472,ea_event,,{"type":"fill_log","seq":168,"ea_time_ms":6335203,"magic":22260201,"deal_ticket":800000143,"order_ticket":700000142,"position_id":900000073,"entry_type":"OUT_BY","deal_type":"SELL","side":null,"layer_index":null,"role":null,"deal_price":1.12324,"order_price_open":null,"slippage_pips":null,"volume":0.00,"profit":0.00,"swap":0.00,"commission":0.00,"deal_time_broker":"2026-10-01 22:30:03","deal_time_broker_msc":1790893803000,"halted_at_receipt":false,"quarantined_at_receipt":false}
11,-1,1790893803472,scalp,SCALP_CLOSED,{"close_time":"2026-10-01T22:30:03Z","instrument":"EURUSD","direction":"LONG","entry_price":1.12324,"exit_price":1.12424,"layer_depth":7,"stack_depth":8,"gross_pnl":1.00,"instance_id":"GRIND_EURUSD_OPTC","ejected":false,"rolled":false,"broker_utc_offset_s":10800,"account_login":53077984}
11,-1,1790898606348,ea_event,CARRY_SNAPSHOT,{"type":"ea_event","seq":169,"ea_time_ms":6335281,"magic":null,"level":"INFO","code":"CARRY_SNAPSHOT","reason":"EURUSD","ticket":null,"detail":{"symbol":"EURUSD","swap_mode":1,"swap_long":-7.9900,"swap_short":1.3100,"multiplier":1,"day_of_week":4,"rollover3days":3,"digits":5,"point":0.00001000,"tick_value":1.00000000,"tick_size":0.00001000,"stops_level":0,"freeze_level":0,"long_pips":-0.799,"short_pips":0.131,"eligible_long":7,"eligible_short":4,"trade_mode_full":true,"mult_today":1,"mult_tomorrow":1,"accrued_swap_long":0.00,"accrued_swap_short":0.00}}
11,-1,1790898606348,ea_event,CARRY_EXIT_SHIFT,{"type":"ea_event","seq":170,"ea_time_ms":6335281,"magic":null,"level":"INFO","code":"CARRY_EXIT_SHIFT","reason":"EURUSD","ticket":null,"detail":{"position_ticket":1975880673,"side":"long","layer_index":0,"accrued_ledger_pips":-2.500,"pending_pips":-0.799,"accrued_pips_total":-3.299,"old_price":1.13204,"new_price":1.13237,"clamped":false,"sign_guard_skipped":false,"retcode":10009,"points_native_pips":-0.799}}
11,-1,1790898790142,ea_event,CARRY_EXIT_SHIFT,{"type":"ea_event","seq":171,"ea_time_ms":6335281,"magic":null,"level":"INFO","code":"CARRY_EXIT_SHIFT","reason":"EURUSD","ticket":null,"detail":{"position_ticket":900000039,"side":"long","layer_index":6,"accrued_ledger_pips":0.000,"pending_pips":-0.799,"accrued_pips_total":-0.799,"old_price":1.12484,"new_price":1.12492,"clamped":false,"sign_guard_skipped":false,"retcode":10009,"points_native_pips":-0.799}}
11,-1,1790898790142,ea_event,CARRY_EXIT_SHIFT,{"type":"ea_event","seq":172,"ea_time_ms":6335281,"magic":null,"level":"INFO","code":"CARRY_EXIT_SHIFT","reason":"EURUSD","ticket":null,"detail":{"position_ticket":900000061,"side":"short","layer_index":0,"accrued_ledger_pips":0.000,"pending_pips":0.131,"accrued_pips_total":0.131,"old_price":1.12130,"new_price":1.12131,"clamped":false,"sign_guard_skipped":false,"retcode":10009,"points_native_pips":0.131}}
11,-1,1790898913402,ea_event,CARRY_EXIT_SHIFT,{"type":"ea_event","seq":173,"ea_time_ms":6335281,"magic":null,"level":"INFO","code":"CARRY_EXIT_SHIFT","reason":"EURUSD","ticket":null,"detail":{"position_ticket":900000072,"side":"short","layer_index":3,"accrued_ledger_pips":0.000,"pending_pips":0.131,"accrued_pips_total":0.131,"old_price":1.12310,"new_price":1.12311,"clamped":false,"sign_guard_skipped":false,"retcode":10009,"points_native_pips":0.131}}
11,-1,1790898913402,ea_event,CARRY_PASS_SUMMARY,{"type":"ea_event","seq":174,"ea_time_ms":6335281,"magic":null,"level":"INFO","code":"CARRY_PASS_SUMMARY","reason":"EURUSD","ticket":null,"detail":{"eligible":11,"shifted":4,"clamped":0,"skipped":0,"failed":0,"incomplete":false}}
