seg_id,side,layer,entry,vl,open_ms,swap
20,S,0,1.13241,0.00000,1790845296188,0.00000000
21,L,0,1.13171,1.12602,1790847581622,-0.08000000
21,L,1,1.13099,1.12532,1790850146322,-0.08000000
21,L,2,1.13030,1.12462,1790867104866,-0.08000000
21,L,3,1.12961,1.12392,1790867806022,-0.08000000
21,L,7,1.12672,0.00000,1790876816347,-0.08000000
21,S,0,1.12293,0.00000,1790886305304,0.01000000
21,S,1,1.12364,0.00000,1790890511122,0.01000000
21,S,2,1.12434,0.00000,1790893870765,0.01000000
22,L,0,1.13171,1.12602,1790847581629,-0.08000000
22,L,1,1.13099,1.12532,1790850146318,-0.08000000
22,L,2,1.13030,1.12462,1790867104865,-0.08000000
22,L,7,1.12672,0.00000,1790876816366,-0.08000000
22,L,8,1.12392,0.00000,1790911789215,0.00000000
22,S,0,1.12226,0.00000,1790886041413,0.01000000
22,S,1,1.12293,0.00000,1790886305353,0.01000000
22,S,2,1.12364,0.00000,1790890511120,0.01000000
22,S,3,1.12434,0.00000,1790919377079,0.00000000
23,L,0,1.12743,0.00000,1790961142316,0.00000000
23,S,0,1.12226,0.00000,1790886041413,0.01000000
23,S,1,1.12293,0.00000,1790886305353,0.01000000
23,S,2,1.12455,0.00000,1790955014358,0.00000000
23,S,3,1.12525,0.00000,1790958559186,0.00000000
23,S,4,1.12597,0.00000,1790959628768,0.00000000
23,S,5,1.12667,0.00000,1790959803167,0.00000000
23,S,6,1.12743,0.00000,1790960283302,0.00000000
23,S,7,1.12813,0.00000,1790960700686,0.00000000
24,L,0,1.12780,1.12217,1790961082868,-0.16000000
24,L,1,1.12709,1.12147,1790964246372,-0.16000000
24,S,0,1.11688,0.00000,1791180555220,0.01000000
24,S,1,1.11759,0.00000,1791186100240,0.01000000
24,S,2,1.11834,0.00000,1791193384637,0.01000000
24,S,3,1.11911,0.00000,1791194131867,0.01000000
24,S,4,1.11981,0.00000,1791222077557,0.01000000
24,S,5,1.12052,0.00000,1791222733837,0.01000000
24,S,6,1.12123,0.00000,1791234021680,0.01000000
24,S,7,1.12194,0.00000,1791239150451,0.01000000
25,L,0,1.12780,1.12217,1790961082868,-0.16000000
25,S,0,1.11688,0.00000,1791180555215,0.01000000
25,S,1,1.11759,0.00000,1791186100235,0.01000000
25,S,2,1.11834,0.00000,1791193384635,0.01000000
25,S,3,1.11911,0.00000,1791194131867,0.01000000
25,S,4,1.11981,0.00000,1791222077551,0.01000000
25,S,5,1.12052,0.00000,1791222733837,0.01000000
25,S,6,1.12123,0.00000,1791234021677,0.01000000
25,S,7,1.12194,0.00000,1791239150455,0.01000000
26,L,0,1.12780,1.12217,1790961082868,-0.16000000
26,L,1,1.12145,0.00000,1791263686798,0.00000000
26,S,1,1.11759,0.00000,1791186100235,0.01000000
26,S,2,1.11834,0.00000,1791193384635,0.01000000
26,S,3,1.11911,0.00000,1791194131867,0.01000000
26,S,4,1.11981,0.00000,1791222077551,0.01000000
26,S,5,1.12052,0.00000,1791222733837,0.01000000
26,S,6,1.12123,0.00000,1791234021677,0.01000000
26,S,7,1.12194,0.00000,1791239150455,0.01000000
27,L,0,1.12672,0.00000,1791297909412,-0.08000000
27,L,1,1.12601,0.00000,1791301595477,-0.08000000
27,L,2,1.12531,0.00000,1791341004462,0.00000000
27,L,3,1.12460,0.00000,1791345975157,0.00000000
27,L,4,1.12391,0.00000,1791349046793,0.00000000
27,S,1,1.11759,1.12338,1791186100235,0.02000000
27,S,3,1.11911,1.12479,1791194131867,0.02000000
27,S,8,1.12268,0.00000,1791283202547,0.01000000
27,S,9,1.12409,0.00000,1791286636887,0.01000000
28,L,0,1.12672,0.00000,1791297909406,-0.08000000
28,L,1,1.12601,0.00000,1791301595473,-0.08000000
28,L,2,1.12531,0.00000,1791341004456,0.00000000
28,L,3,1.12460,0.00000,1791345975185,0.00000000
28,L,4,1.12391,0.00000,1791349046787,0.00000000
28,S,1,1.11759,1.12338,1791186100235,0.02000000
28,S,3,1.11911,1.12479,1791194131867,0.02000000
28,S,8,1.12268,0.00000,1791283202553,0.01000000
28,S,9,1.12409,0.00000,1791286636882,0.01000000
29,L,7,1.12178,0.00000,1791368195661,-0.32000000
29,L,8,1.12108,0.00000,1791481993111,-0.08000000
29,S,0,1.11676,0.00000,1791386711312,0.05000000
29,S,1,1.11744,0.00000,1791388809759,0.05000000
29,S,2,1.11814,0.00000,1791389666560,0.05000000
29,S,3,1.11888,0.00000,1791472623068,0.01000000
29,S,4,1.11959,0.00000,1791489003866,0.01000000
29,S,5,1.12031,0.00000,1791490083849,0.01000000
29,S,6,1.12107,0.00000,1791490562471,0.01000000
