seg_id,sync_idx,time_ms,deal,order,position,entry_type,deal_type,role,side,layer,price
10,-1,1790839277477,800000001,1977312356,900000001,0,0,EXT,S,0,1.13207
10,-1,1790839279727,800000002,700000002,1977220646,3,0,ENT,S,0,1.13207
10,-1,1790839279727,800000003,700000002,900000001,3,1,EXT,S,0,1.13306
10,-1,1790841684319,800000004,1977728168,900000002,0,0,ENT,L,7,1.13179
11,-1,1790850771328,800000001,1978014571,900000001,0,1,ENT,S,0,1.13064
11,-1,1790853131469,800000002,9001,900000002,0,0,EXT,S,0,1.12964
11,-1,1790853132506,800000003,700000003,900000001,3,0,ENT,S,0,1.12964
11,-1,1790853132506,800000004,700000003,900000002,3,1,EXT,S,0,1.13064
11,-1,1790853977775,800000005,9004,900000003,0,1,ENT,S,0,1.13025
11,-1,1790853983814,800000006,9003,900000004,0,1,EXT,L,3,1.13032
11,-1,1790853984248,800000007,700000007,1976558640,3,1,ENT,L,3,1.13032
11,-1,1790853984248,800000008,700000007,900000004,3,0,EXT,L,3,1.13460
11,-1,1790854742124,800000009,9006,900000005,0,0,EXT,S,0,1.12925
11,-1,1790854742124,800000010,9009,900000006,0,0,ENT,L,8,1.12924
11,-1,1790854742748,800000011,700000011,900000003,3,0,ENT,S,0,1.12925
11,-1,1790854742748,800000012,700000011,900000005,3,1,EXT,S,0,1.13025
11,-1,1790857053224,800000013,9011,900000007,0,1,ENT,S,0,1.12992
11,-1,1790858429866,800000014,9012,900000008,0,0,EXT,S,0,1.12892
11,-1,1790858431716,800000015,700000015,900000007,3,0,ENT,S,0,1.12892
11,-1,1790858431716,800000016,700000015,900000008,3,1,EXT,S,0,1.12992
11,-1,1790860094258,800000017,9014,900000009,0,1,ENT,S,0,1.12748
11,-1,1790860504824,800000018,9017,900000010,0,1,EXT,L,7,1.12784
11,-1,1790860505458,800000019,700000019,1977728168,3,1,ENT,L,7,1.12784
11,-1,1790860505458,800000020,700000019,900000010,3,0,EXT,L,7,1.13174
11,-1,1790860721134,800000021,9020,900000011,0,1,ENT,S,1,1.12808
11,-1,1790861070039,800000022,9021,900000012,0,1,EXT,L,6,1.12844
11,-1,1790861070877,800000023,700000023,1977659141,3,1,ENT,L,6,1.12844
11,-1,1790861070877,800000024,700000023,900000012,3,0,EXT,L,6,1.13249
11,-1,1790861225522,800000025,9024,900000013,0,1,ENT,S,2,1.12868
11,-1,1790861462347,800000026,9025,900000014,0,1,EXT,L,5,1.12912
11,-1,1790861463811,800000027,700000027,1976795819,3,1,ENT,L,5,1.12912
11,-1,1790861463811,800000028,700000027,900000014,3,0,EXT,L,5,1.13319
11,-1,1790861691144,800000029,9027,900000015,0,1,ENT,S,3,1.12928
11,-1,1790862850563,800000030,9028,900000016,0,1,EXT,L,4,1.12972
11,-1,1790862852411,800000031,700000031,1976761826,3,1,ENT,L,4,1.12972
11,-1,1790862852411,800000032,700000031,900000016,3,0,EXT,L,4,1.13389
11,-1,1790864160875,800000033,9022,900000017,0,0,ENT,L,9,1.12864
11,-1,1790864643540,800000034,9029,900000018,0,0,EXT,S,3,1.12828
11,-1,1790864643981,800000035,700000035,900000015,3,0,ENT,S,3,1.12828
11,-1,1790864643981,800000036,700000035,900000018,3,1,EXT,S,3,1.12928
11,-1,1790865576455,800000037,9035,900000019,0,1,ENT,S,3,1.12928
11,-1,1790865760045,800000038,9032,900000020,0,1,EXT,L,9,1.12964
11,-1,1790865760482,800000039,700000039,900000017,3,1,ENT,L,9,1.12964
11,-1,1790865760482,800000040,700000039,900000020,3,0,EXT,L,9,1.12864
11,-1,1790865909475,800000041,9037,900000021,0,1,ENT,S,4,1.12988
11,-1,1790866162598,800000042,9038,900000022,0,1,EXT,L,8,1.13024
11,-1,1790866163037,800000043,700000043,900000006,3,1,ENT,L,8,1.13024
11,-1,1790866163037,800000044,700000043,900000022,3,0,EXT,L,8,1.12924
11,-1,1790866325138,800000045,9041,900000023,0,1,ENT,S,5,1.13048
11,-1,1790866503795,800000046,9042,900000024,0,1,EXT,L,2,1.13092
11,-1,1790866504229,800000047,700000047,1976074198,3,1,ENT,L,2,1.13092
11,-1,1790866504229,800000048,700000047,900000024,3,0,EXT,L,2,1.13530
11,-1,1790866619284,800000049,9045,900000025,0,1,ENT,S,6,1.13108
11,-1,1790867270927,800000050,9048,900000026,0,0,EXT,S,6,1.13008
11,-1,1790867271358,800000051,700000051,900000025,3,0,ENT,S,6,1.13008
11,-1,1790867271358,800000052,700000051,900000026,3,1,EXT,S,6,1.13108
11,-1,1790867401248,800000053,9047,900000027,0,0,ENT,L,2,1.12984
11,-1,1790868189835,800000054,9050,900000028,0,0,EXT,S,5,1.12948
11,-1,1790868190470,800000055,700000055,900000023,3,0,ENT,S,5,1.12948
11,-1,1790868190470,800000056,700000055,900000028,3,1,EXT,S,5,1.13048
11,-1,1790868364695,800000057,9053,900000029,0,0,ENT,L,3,1.12924
11,-1,1790869677815,800000058,9054,900000030,0,0,EXT,S,4,1.12888
11,-1,1790869678849,800000059,700000059,900000021,3,0,ENT,S,4,1.12888
11,-1,1790869678849,800000060,700000059,900000030,3,1,EXT,S,4,1.12988
11,-1,1790869743546,800000061,9057,900000031,0,0,ENT,L,4,1.12864
11,-1,1790871482454,800000062,9058,900000032,0,0,EXT,S,3,1.12828
11,-1,1790871484099,800000063,700000063,900000019,3,0,ENT,S,3,1.12828
11,-1,1790871484099,800000064,700000063,900000032,3,1,EXT,S,3,1.12928
11,-1,1790873328696,800000065,9063,900000033,0,1,ENT,S,3,1.12928
11,-1,1790873823839,800000066,9060,900000034,0,1,EXT,L,4,1.12964
11,-1,1790873824475,800000067,700000067,900000031,3,1,ENT,L,4,1.12964
11,-1,1790873824475,800000068,700000067,900000034,3,0,EXT,L,4,1.12864
11,-1,1790874308105,800000069,9067,900000035,0,0,ENT,L,4,1.12864
11,-1,1790875850190,800000070,9064,900000036,0,0,EXT,S,3,1.12828
11,-1,1790875850626,800000071,700000071,900000033,3,0,ENT,S,3,1.12828
11,-1,1790875850626,800000072,700000071,900000036,3,1,EXT,S,3,1.12928
11,-1,1790876512054,800000073,9069,900000037,0,0,ENT,L,5,1.12804
11,-1,1790876595868,800000074,9070,900000038,0,0,EXT,S,2,1.12768
11,-1,1790876596507,800000075,700000075,900000013,3,0,ENT,S,2,1.12768
11,-1,1790876596507,800000076,700000075,900000038,3,1,EXT,S,2,1.12868
11,-1,1790876625626,800000077,9073,900000039,0,0,ENT,L,6,1.12744
11,-1,1790876786391,800000078,9074,900000040,0,0,EXT,S,1,1.12708
11,-1,1790876787023,800000079,700000079,900000011,3,0,ENT,S,1,1.12708
11,-1,1790876787023,800000080,700000079,900000040,3,1,EXT,S,1,1.12808
11,-1,1790876805894,800000081,9077,900000041,0,0,ENT,L,7,1.12684
11,-1,1790877042278,800000082,9019,900000042,0,0,EXT,S,0,1.12648
11,-1,1790877043118,800000083,700000083,900000009,3,0,ENT,S,0,1.12648
11,-1,1790877043118,800000084,700000083,900000042,3,1,EXT,S,0,1.12748
11,-1,1790879856298,800000085,9085,900000043,0,1,EXT,L,7,1.12424
11,-1,1790879856731,800000086,700000086,900000041,3,1,ENT,L,7,1.12424
11,-1,1790879856731,800000087,700000086,900000043,3,0,EXT,L,7,1.12684
12,-1,1790909138795,800000001,9000,900000001,0,1,ENT,S,0,1.12459
12,-1,1790910024415,800000002,1980106131,900000002,0,1,EXT,L,6,1.12491
12,-1,1790910024859,800000003,700000003,1979865377,3,1,ENT,L,6,1.12491
12,-1,1790910024859,800000004,700000003,900000002,3,0,EXT,L,6,1.12743
12,-1,1790911803698,800000005,9005,900000003,0,0,ENT,L,6,1.12383
12,-1,1790912323175,800000006,9002,900000004,0,0,EXT,S,0,1.12359
12,-1,1790912324207,800000007,700000007,900000001,3,0,ENT,S,0,1.12359
12,-1,1790912324207,800000008,700000007,900000004,3,1,EXT,S,0,1.12459
12,-1,1790915683586,800000009,9007,900000005,0,0,ENT,L,7,1.12323
12,-1,1790917641851,800000010,9009,900000006,0,1,EXT,L,7,1.12423
12,-1,1790917644688,800000011,700000011,900000005,3,1,ENT,L,7,1.12423
12,-1,1790917644688,800000012,700000011,900000006,3,0,EXT,L,7,1.12323
12,-1,1790919098654,800000013,9008,900000007,0,1,ENT,S,0,1.12426
13,-1,1790921933362,800000001,1981329208,900000001,0,1,EXT,L,6,1.12484
13,-1,1790921938816,800000002,700000002,1981009389,3,1,ENT,L,6,1.12484
13,-1,1790921938816,800000003,700000002,900000001,3,0,EXT,L,6,1.12384
13,-1,1790922322327,800000004,1981380746,900000002,0,1,ENT,S,1,1.12486
13,-1,1790926328331,800000005,9003,900000003,0,1,ENT,S,2,1.12546
13,-1,1790926337573,800000006,9000,900000004,0,1,EXT,L,5,1.12551
13,-1,1790926338615,800000007,700000007,1979688111,3,1,ENT,L,5,1.12551
13,-1,1790926338615,800000008,700000007,900000004,3,0,EXT,L,5,1.12803
13,-1,1790934571956,800000009,9005,900000005,0,1,ENT,S,3,1.12606
13,-1,1790934969035,800000010,9006,900000006,0,1,EXT,L,4,1.12611
13,-1,1790934969477,800000011,700000011,1979634190,3,1,ENT,L,4,1.12611
13,-1,1790934969477,800000012,700000011,900000006,3,0,EXT,L,4,1.12863
13,-1,1790936802743,800000013,9009,900000007,0,1,ENT,S,4,1.12666
13,-1,1790937848430,800000014,9012,900000008,0,0,EXT,S,4,1.12566
13,-1,1790937848866,800000015,700000015,900000007,3,0,ENT,S,4,1.12566
13,-1,1790937848866,800000016,700000015,900000008,3,1,EXT,S,4,1.12666
13,-1,1790939277051,800000017,9015,900000009,0,1,ENT,S,4,1.12666
13,-1,1790939277422,800000018,9010,900000010,0,1,EXT,L,3,1.12671
13,-1,1790939277962,800000019,700000019,1979299035,3,1,ENT,L,3,1.12671
13,-1,1790939277962,800000020,700000019,900000010,3,0,EXT,L,3,1.12922
13,-1,1790939915059,800000021,9016,900000011,0,0,EXT,S,4,1.12566
13,-1,1790939915893,800000022,700000022,900000009,3,0,ENT,S,4,1.12566
13,-1,1790939915893,800000023,700000022,900000011,3,1,EXT,S,4,1.12666
13,-1,1790939916667,800000024,9019,900000012,0,0,ENT,L,3,1.12563
13,-1,1790941331367,800000025,9020,900000013,0,0,EXT,S,3,1.12506
13,-1,1790941331801,800000026,700000026,900000005,3,0,ENT,S,3,1.12506
13,-1,1790941331801,800000027,700000026,900000013,3,1,EXT,S,3,1.12606
13,-1,1790941410710,800000028,9022,900000014,0,0,ENT,L,4,1.12503
13,-1,1790946653903,800000029,9024,900000015,0,0,EXT,S,2,1.12446
13,-1,1790946655944,800000030,700000030,900000003,3,0,ENT,S,2,1.12446
13,-1,1790946655944,800000031,700000030,900000015,3,1,EXT,S,2,1.12546
13,-1,1790946678666,800000032,9027,900000016,0,0,ENT,L,5,1.12443
13,-1,1790946930201,800000033,9028,900000017,0,0,EXT,S,1,1.12386
13,-1,1790946931243,800000034,700000034,900000002,3,0,ENT,S,1,1.12386
13,-1,1790946931243,800000035,700000034,900000017,3,1,EXT,S,1,1.12486
13,-1,1790946933625,800000036,9031,900000018,0,0,ENT,L,6,1.12383
13,-1,1790947243631,800000037,1981380736,900000019,0,0,EXT,S,0,1.12326
13,-1,1790947243821,800000038,9034,900000020,0,0,ENT,L,7,1.12323
13,-1,1790947244387,800000039,700000039,1981098955,3,0,ENT,S,0,1.12326
13,-1,1790947244387,800000040,700000039,900000019,3,1,EXT,S,0,1.12426
13,-1,1790947829277,800000041,9036,900000021,0,1,ENT,S,0,1.12388
13,-1,1790949812035,800000042,9037,900000022,0,0,EXT,S,0,1.12288
13,-1,1790949812871,800000043,700000043,900000021,3,0,ENT,S,0,1.12288
13,-1,1790949812871,800000044,700000043,900000022,3,1,EXT,S,0,1.12388
13,-1,1790950585967,800000045,9039,900000023,0,1,ENT,S,0,1.12356
13,-1,1790951112561,800000046,9041,900000024,0,1,ENT,S,1,1.12416
13,-1,1790952262403,800000047,9035,900000025,0,1,EXT,L,7,1.12423
13,-1,1790952262837,800000048,700000048,900000020,3,1,ENT,L,7,1.12423
13,-1,1790952262837,800000049,700000048,900000025,3,0,EXT,L,7,1.12323
13,-1,1790952789838,800000050,9045,900000026,0,0,ENT,L,7,1.12323
13,-1,1790952797862,800000051,9042,900000027,0,0,EXT,S,1,1.12316
13,-1,1790952798302,800000052,700000052,900000024,3,0,ENT,S,1,1.12316
13,-1,1790952798302,800000053,700000052,900000027,3,1,EXT,S,1,1.12416
13,-1,1790953608019,800000054,9040,900000028,0,0,EXT,S,0,1.12256
13,-1,1790953608443,800000055,700000055,900000023,3,0,ENT,S,0,1.12256
13,-1,1790953608443,800000056,700000055,900000028,3,1,EXT,S,0,1.12356
13,-1,1790954738684,800000057,9049,900000029,0,1,ENT,S,0,1.12283
13,-1,1790955002322,800000058,9048,900000030,0,1,EXT,L,3,1.12363
13,-1,1790955002322,800000059,9051,900000031,0,1,ENT,S,1,1.12343
13,-1,1790955003760,800000060,700000060,900000012,3,1,ENT,L,3,1.12363
13,-1,1790955003760,800000061,700000060,900000030,3,0,EXT,L,3,1.12563
13,-1,1790955004130,800000062,9053,900000032,0,1,ENT,S,2,1.12579
13,-1,1790955005731,800000063,9054,900000033,0,1,EXT,L,7,1.12575
13,-1,1790955006966,800000064,700000064,900000026,3,1,ENT,L,7,1.12575
13,-1,1790955006966,800000065,700000064,900000033,3,0,EXT,L,7,1.12323
13,-1,1790955010946,800000066,9056,900000034,0,0,EXT,S,2,1.12479
13,-1,1790955011582,800000067,700000067,900000032,3,0,ENT,S,2,1.12479
13,-1,1790955011582,800000068,700000067,900000034,3,1,EXT,S,2,1.12579
13,-1,1790955014358,800000069,9061,900000035,0,1,ENT,S,2,1.12443
13,-1,1790955072955,800000070,9063,900000036,0,1,ENT,S,3,1.12503
13,-1,1790955148637,800000071,9065,900000037,0,1,ENT,S,4,1.12563
13,-1,1790955212090,800000072,9066,900000038,0,0,EXT,S,4,1.12463
13,-1,1790955212725,800000073,700000073,900000037,3,0,ENT,S,4,1.12463
13,-1,1790955212725,800000074,700000073,900000038,3,1,EXT,S,4,1.12563
13,-1,1790955232965,800000075,9068,900000039,0,0,EXT,S,3,1.12403
13,-1,1790955233402,800000076,700000076,900000036,3,0,ENT,S,3,1.12403
13,-1,1790955233402,800000077,700000076,900000039,3,1,EXT,S,3,1.12503
13,-1,1790955466024,800000078,9071,900000040,0,1,ENT,S,3,1.12503
13,-1,1790955714377,800000079,9072,900000041,0,0,EXT,S,3,1.12403
13,-1,1790955714813,800000080,700000080,900000040,3,0,ENT,S,3,1.12403
13,-1,1790955714813,800000081,700000080,900000041,3,1,EXT,S,3,1.12503
13,-1,1790956226739,800000082,9075,900000042,0,1,ENT,S,3,1.12503
13,-1,1790956482140,800000083,9077,900000043,0,1,ENT,S,4,1.12563
13,-1,1790956508874,800000084,9058,900000044,0,1,EXT,L,6,1.12585
13,-1,1790956509311,800000085,700000085,900000018,3,1,ENT,L,6,1.12585
13,-1,1790956509311,800000086,700000085,900000044,3,0,EXT,L,6,1.12383
13,-1,1790956511888,800000087,9080,900000045,0,1,EXT,L,5,1.12585
13,-1,1790956512326,800000088,700000088,900000016,3,1,ENT,L,5,1.12585
13,-1,1790956512326,800000089,700000088,900000045,3,0,EXT,L,5,1.12443
13,-1,1790956547048,800000090,9082,900000046,0,1,EXT,L,4,1.12603
13,-1,1790956547685,800000091,700000091,900000014,3,1,ENT,L,4,1.12603
13,-1,1790956547685,800000092,700000091,900000046,3,0,EXT,L,4,1.12503
13,-1,1790956713835,800000093,9079,900000047,0,1,ENT,S,5,1.12623
13,-1,1790957145047,800000094,9085,900000048,0,0,ENT,L,3,1.12563
13,-1,1790957294759,800000095,9086,900000049,0,0,EXT,S,5,1.12523
13,-1,1790957297198,800000096,700000096,900000047,3,0,ENT,S,5,1.12523
13,-1,1790957297198,800000097,700000096,900000049,3,1,EXT,S,5,1.12623
13,-1,1790957384747,800000098,9089,900000050,0,0,ENT,L,4,1.12503
13,-1,1790957688769,800000099,9090,900000051,0,0,EXT,S,4,1.12463
13,-1,1790957691620,800000100,700000100,900000043,3,0,ENT,S,4,1.12463
13,-1,1790957691620,800000101,700000100,900000051,3,1,EXT,S,4,1.12563
13,-1,1790958101755,800000102,9093,900000052,0,0,ENT,L,5,1.12443
13,-1,1790959433156,800000103,9096,900000053,0,1,EXT,L,5,1.12543
13,-1,1790959433599,800000104,700000104,900000052,3,1,ENT,L,5,1.12543
13,-1,1790959433599,800000105,700000104,900000053,3,0,EXT,L,5,1.12443
13,-1,1790959508844,800000106,9095,900000054,0,1,ENT,S,4,1.12563
13,-1,1790959652690,800000107,9098,900000055,0,1,EXT,L,4,1.12603
13,-1,1790959653125,800000108,700000108,900000050,3,1,ENT,L,4,1.12603
13,-1,1790959653125,800000109,700000108,900000055,3,0,EXT,L,4,1.12503
13,-1,1790959760779,800000110,9101,900000056,0,1,ENT,S,5,1.12623
13,-1,1790959801962,800000111,9102,900000057,0,1,EXT,L,3,1.12663
13,-1,1790959803200,800000112,700000112,900000048,3,1,ENT,L,3,1.12663
13,-1,1790959803200,800000113,700000112,900000057,3,0,EXT,L,3,1.12563
13,-1,1790959855801,800000114,9105,900000058,0,1,ENT,S,6,1.12683
13,-1,1790960281700,800000115,9106,900000059,0,1,EXT,L,2,1.12731
13,-1,1790960282133,800000116,700000116,1979255056,3,1,ENT,L,2,1.12731
13,-1,1790960282133,800000117,700000116,900000059,3,0,EXT,L,2,1.12984
13,-1,1790960283302,800000118,9109,900000060,0,1,ENT,S,7,1.12743
13,-1,1790960283903,800000119,9111,900000061,0,0,ENT,L,2,1.12744
13,-1,1790960912851,800000120,9113,900000062,0,1,EXT,L,2,1.12844
13,-1,1790960913484,800000121,700000121,900000061,3,1,ENT,L,2,1.12844
13,-1,1790960913484,800000122,700000121,900000062,3,0,EXT,L,2,1.12744
13,-1,1790960914857,800000123,9117,900000063,0,0,ENT,L,2,1.12842
13,-1,1790961082853,800000124,9119,900000064,0,0,ENT,L,3,1.12782
14,-1,1790964242756,800000001,1983447980,900000001,0,0,ENT,L,4,1.12714
14,-1,1790964275522,800000002,1983407004,900000002,0,0,EXT,S,7,1.12696
14,-1,1790964276157,800000003,700000003,1983359935,3,0,ENT,S,7,1.12696
14,-1,1790964276157,800000004,700000003,900000002,3,1,EXT,S,7,1.12796
14,-1,1790964470084,800000005,9001,900000003,0,0,ENT,L,5,1.12654
14,-1,1790965144883,800000006,9002,900000004,0,0,EXT,S,6,1.12628
14,-1,1790965145320,800000007,700000007,1983313959,3,0,ENT,S,6,1.12628
14,-1,1790965145320,800000008,700000007,900000004,3,1,EXT,S,6,1.12728
14,-1,1790965457408,800000009,9005,900000005,0,0,ENT,L,6,1.12594
14,-1,1790965481300,800000010,9006,900000006,0,0,EXT,S,5,1.12567
14,-1,1790965481733,800000011,700000011,1983299166,3,0,ENT,S,5,1.12567
14,-1,1790965481733,800000012,700000011,900000006,3,1,EXT,S,5,1.12667
14,-1,1790968318437,800000013,9009,900000007,0,0,ENT,L,7,1.12534
14,-1,1790969155183,800000014,9010,900000008,0,0,EXT,S,4,1.12506
14,-1,1790969155819,800000015,700000015,1983273548,3,0,ENT,S,4,1.12506
14,-1,1790969155819,800000016,700000015,900000008,3,1,EXT,S,4,1.12606
14,-1,1790970510820,800000017,9014,900000009,0,1,ENT,S,4,1.12603
14,-1,1790976272666,800000018,9015,900000010,0,0,EXT,S,4,1.12503
14,-1,1790976274507,800000019,700000019,900000009,3,0,ENT,S,4,1.12503
14,-1,1790976274507,800000020,700000019,900000010,3,1,EXT,S,4,1.12603
14,-1,1791164991985,800000021,9018,900000011,0,1,ENT,S,4,1.12603
14,-1,1791169951313,800000022,9019,900000012,0,0,EXT,S,4,1.12503
14,-1,1791169954186,800000023,700000023,900000011,3,0,ENT,S,4,1.12503
14,-1,1791169954186,800000024,700000023,900000012,3,1,EXT,S,4,1.12603
14,-1,1791171948702,800000025,9021,900000013,0,0,EXT,S,3,1.12443
14,-1,1791171949132,800000026,700000026,1983146288,3,0,ENT,S,3,1.12443
14,-1,1791171949132,800000027,700000026,900000013,3,1,EXT,S,3,1.12543
14,-1,1791173365104,800000028,9024,900000014,0,0,EXT,S,2,1.12383
14,-1,1791173365535,800000029,700000029,1982924166,3,0,ENT,S,2,1.12383
14,-1,1791173365535,800000030,700000029,900000014,3,1,EXT,S,2,1.12483
14,-1,1791175564460,800000031,9027,900000015,0,0,EXT,S,1,1.12319
14,-1,1791175566893,800000032,700000032,1982823951,3,0,ENT,S,1,1.12319
14,-1,1791175566893,800000033,700000032,900000015,3,1,EXT,S,1,1.12419
14,-1,1791177541623,800000034,1982763985,900000016,0,0,EXT,S,0,1.12187
14,-1,1791177542056,800000035,700000035,1982703072,3,0,ENT,S,0,1.12187
14,-1,1791177542056,800000036,700000035,900000016,3,1,EXT,S,0,1.12287
14,-1,1791179453027,800000037,9033,900000017,0,1,ENT,S,0,1.11945
14,-1,1791179689687,800000038,9035,900000018,0,0,EXT,S,0,1.11845
14,-1,1791179690327,800000039,700000039,900000017,3,0,ENT,S,0,1.11845
14,-1,1791179690327,800000040,700000039,900000018,3,1,EXT,S,0,1.11945
14,-1,1791179889575,800000041,9037,900000019,0,1,ENT,S,0,1.11737
14,-1,1791180084564,800000042,9039,900000020,0,1,ENT,S,1,1.11797
14,-1,1791180382730,800000043,9040,900000021,0,0,EXT,S,1,1.11697
14,-1,1791180383160,800000044,700000044,900000020,3,0,ENT,S,1,1.11697
14,-1,1791180383160,800000045,700000044,900000021,3,1,EXT,S,1,1.11797
14,-1,1791180432858,800000046,9038,900000022,0,0,EXT,S,0,1.11637
14,-1,1791180433291,800000047,700000047,900000019,3,0,ENT,S,0,1.11637
14,-1,1791180433291,800000048,700000047,900000022,3,1,EXT,S,0,1.11737
14,-1,1791180564659,800000049,9043,900000023,0,1,ENT,S,0,1.11695
14,-1,1791180700024,800000050,9045,900000024,0,1,ENT,S,1,1.11755
14,-1,1791181036049,800000051,9047,900000025,0,1,ENT,S,2,1.11815
14,-1,1791182623034,800000052,9048,900000026,0,0,EXT,S,2,1.11715
14,-1,1791182623471,800000053,700000053,900000025,3,0,ENT,S,2,1.11715
14,-1,1791182623471,800000054,700000053,900000026,3,1,EXT,S,2,1.11815
14,-1,1791183607517,800000055,9050,900000027,0,0,EXT,S,1,1.11655
14,-1,1791183607950,800000056,700000056,900000024,3,0,ENT,S,1,1.11655
14,-1,1791183607950,800000057,700000056,900000027,3,1,EXT,S,1,1.11755
14,-1,1791186099030,800000058,9052,900000028,0,1,ENT,S,1,1.11755
14,-1,1791187130251,800000059,9054,900000029,0,1,ENT,S,2,1.11815
14,-1,1791188557879,800000060,9056,900000030,0,1,ENT,S,3,1.11875
14,-1,1791190853150,800000061,9058,900000031,0,1,ENT,S,4,1.11935
14,-1,1791192703807,800000062,9059,900000032,0,0,EXT,S,4,1.11835
14,-1,1791192704243,800000063,700000063,900000031,3,0,ENT,S,4,1.11835
14,-1,1791192704243,800000064,700000063,900000032,3,1,EXT,S,4,1.11935
14,-1,1791192844750,800000065,9061,900000033,0,0,EXT,S,3,1.11775
14,-1,1791192845376,800000066,700000066,900000030,3,0,ENT,S,3,1.11775
14,-1,1791192845376,800000067,700000066,900000033,3,1,EXT,S,3,1.11875
14,-1,1791192940912,800000068,9063,900000034,0,0,EXT,S,2,1.11715
14,-1,1791192941344,800000069,700000069,900000029,3,0,ENT,S,2,1.11715
14,-1,1791192941344,800000070,700000069,900000034,3,1,EXT,S,2,1.11815
14,-1,1791193372788,800000071,9066,900000035,0,1,ENT,S,2,1.11815
14,-1,1791194102041,800000072,9068,900000036,0,1,ENT,S,3,1.11875
14,-1,1791194897206,800000073,9070,900000037,0,1,ENT,S,4,1.11935
14,-1,1791196553396,800000074,9072,900000038,0,1,ENT,S,5,1.11995
14,-1,1791196949054,800000075,9074,900000039,0,1,ENT,S,6,1.12055
14,-1,1791198499719,800000076,9075,900000040,0,0,EXT,S,6,1.11955
14,-1,1791198500155,800000077,700000077,900000039,3,0,ENT,S,6,1.11955
14,-1,1791198500155,800000078,700000077,900000040,3,1,EXT,S,6,1.12055
14,-1,1791198885951,800000079,9078,900000041,0,1,ENT,S,6,1.12055
14,-1,1791200829773,800000080,9080,900000042,0,1,ENT,S,7,1.12115
14,-1,1791204294569,800000081,9044,900000043,0,0,EXT,S,0,1.12075
14,-1,1791204295204,800000082,700000082,900000023,3,0,ENT,S,0,1.12075
14,-1,1791204295204,800000083,700000082,900000043,3,1,EXT,S,0,1.11695
14,-1,1791206375802,800000084,9083,900000044,0,0,EXT,S,7,1.12015
14,-1,1791206377029,800000085,700000085,900000042,3,0,ENT,S,7,1.12015
14,-1,1791206377029,800000086,700000085,900000044,3,1,EXT,S,7,1.12115
14,-1,1791210519566,800000087,9086,900000045,0,1,ENT,S,7,1.12115
14,-1,1791213194322,800000088,9087,900000046,0,0,EXT,S,7,1.12015
14,-1,1791213194761,800000089,700000089,900000045,3,0,ENT,S,7,1.12015
14,-1,1791213194761,800000090,700000089,900000046,3,1,EXT,S,7,1.12115
14,-1,1791214249365,800000091,9090,900000047,0,1,ENT,S,7,1.12115
14,-1,1791217002103,800000092,9091,900000048,0,0,EXT,S,7,1.12015
14,-1,1791217002955,800000093,700000093,900000047,3,0,ENT,S,7,1.12015
14,-1,1791217002955,800000094,700000093,900000048,3,1,EXT,S,7,1.12115
14,-1,1791218162147,800000095,9093,900000049,0,0,EXT,S,6,1.11955
14,-1,1791218163383,800000096,700000096,900000041,3,0,ENT,S,6,1.11955
14,-1,1791218163383,800000097,700000096,900000049,3,1,EXT,S,6,1.12055
14,-1,1791218749479,800000098,9095,900000050,0,0,EXT,S,5,1.11895
14,-1,1791218749909,800000099,700000099,900000038,3,0,ENT,S,5,1.11895
14,-1,1791218749909,800000100,700000099,900000050,3,1,EXT,S,5,1.11995
14,-1,1791222083982,800000101,9098,900000051,0,1,ENT,S,5,1.11995
14,-1,1791222790876,800000102,9100,900000052,0,1,ENT,S,6,1.12055
14,-1,1791223449188,800000103,9102,900000053,0,1,ENT,S,7,1.12115
14,-1,1791228362434,800000104,9103,900000054,0,0,EXT,S,7,1.12015
14,-1,1791228363272,800000105,700000105,900000053,3,0,ENT,S,7,1.12015
14,-1,1791228363272,800000106,700000105,900000054,3,1,EXT,S,7,1.12115
14,-1,1791234003795,800000107,9106,900000055,0,1,ENT,S,7,1.12115
14,-1,1791238759074,800000108,9108,900000056,0,1,ENT,S,8,1.12175
16,-1,1791253040726,800000001,9007,900000001,0,1,EXT,L,0,1.12195
16,-1,1791253041558,800000002,700000002,1975880673,3,1,ENT,L,0,1.12195
16,-1,1791253041558,800000003,700000002,900000001,3,0,EXT,L,0,1.13670
16,-1,1791253073321,800000004,9009,900000002,0,1,EXT,L,7,1.12196
16,-1,1791253077373,800000005,700000005,1983760582,3,1,ENT,L,7,1.12196
16,-1,1791253077373,800000006,700000005,900000002,3,0,EXT,L,7,1.12537
16,-1,1791253097271,800000007,9011,900000003,0,1,EXT,L,6,1.12199
16,-1,1791253099505,800000008,700000008,1983699077,3,1,ENT,L,6,1.12199
16,-1,1791253099505,800000009,700000008,900000003,3,0,EXT,L,6,1.12597
16,-1,1791253111329,800000010,9013,900000004,0,1,EXT,L,5,1.12201
16,-1,1791253112164,800000011,700000011,1983680771,3,1,ENT,L,5,1.12201
16,-1,1791253112164,800000012,700000011,900000004,3,0,EXT,L,5,1.12657
16,-1,1791253432920,800000013,9015,900000005,0,1,EXT,L,4,1.12202
16,-1,1791253434364,800000014,700000014,1983447980,3,1,ENT,L,4,1.12202
16,-1,1791253434364,800000015,700000014,900000005,3,0,EXT,L,4,1.12717
16,-1,1791253469913,800000016,9008,900000006,0,1,EXT,L,1,1.12206
16,-1,1791253469913,800000017,9017,900000007,0,1,EXT,L,3,1.12206
16,-1,1791253471605,800000018,700000018,1975959171,3,1,ENT,L,1,1.12206
16,-1,1791253471605,800000019,700000018,900000006,3,0,EXT,L,1,1.13600
16,-1,1791253471892,800000020,700000020,1983434147,3,1,ENT,L,3,1.12206
16,-1,1791253471892,800000021,700000020,900000007,3,0,EXT,L,3,1.12774
16,-1,1791253890238,800000022,9019,900000008,0,1,EXT,L,2,1.12207
16,-1,1791253891481,800000023,700000023,1983434019,3,1,ENT,L,2,1.12207
16,-1,1791253891481,800000024,700000023,900000008,3,0,EXT,L,2,1.12835
16,-1,1791256016769,800000025,9021,900000009,0,0,ENT,L,0,1.12139
16,-1,1791259209647,800000026,9022,900000010,0,1,EXT,L,0,1.12239
16,-1,1791259210269,800000027,700000027,900000009,3,1,ENT,L,0,1.12239
16,-1,1791259210269,800000028,700000027,900000010,3,0,EXT,L,0,1.12139
16,-1,1791262328035,800000029,9024,900000011,0,0,ENT,L,0,1.12221
16,-1,1791262495799,800000030,1988240215,900000012,0,0,EXT,S,2,1.12194
16,-1,1791262497243,800000031,700000031,1986169985,3,0,ENT,S,2,1.12194
16,-1,1791262497243,800000032,700000031,900000012,3,1,EXT,S,2,1.11813
16,-1,1791263398858,800000033,9027,900000013,0,0,ENT,L,1,1.12161
16,-1,1791264898509,800000034,9028,900000014,0,0,EXT,S,1,1.12134
16,-1,1791264898943,800000035,700000035,1985808617,3,0,ENT,S,1,1.12134
16,-1,1791264898943,800000036,700000035,900000014,3,1,EXT,S,1,1.11744
17,-1,1791268984344,800000001,1988656572,900000001,0,1,ENT,S,9,1.12233
17,-1,1791276619906,800000002,9000,900000002,0,0,EXT,S,9,1.12133
17,-1,1791276620553,800000003,700000003,900000001,3,0,ENT,S,9,1.12133
17,-1,1791276620553,800000004,700000003,900000002,3,1,EXT,S,9,1.12233
17,-1,1791277520857,800000005,1988684397,900000003,0,0,ENT,L,2,1.12101
17,-1,1791277597316,800000006,9002,900000004,0,0,EXT,S,8,1.12074
17,-1,1791277597949,800000007,700000007,1988011961,3,0,ENT,S,8,1.12074
17,-1,1791277597949,800000008,700000007,900000004,3,1,EXT,S,8,1.12173
17,-1,1791277872415,800000009,9005,900000005,0,0,ENT,L,3,1.12041
17,-1,1791281695094,800000010,9008,900000006,0,1,EXT,L,3,1.12141
17,-1,1791281695535,800000011,700000011,900000005,3,1,ENT,L,3,1.12141
17,-1,1791281695535,800000012,700000011,900000006,3,0,EXT,L,3,1.12041
17,-1,1791281709382,800000013,9007,900000007,0,1,ENT,S,8,1.12174
17,-1,1791281807471,800000014,9010,900000008,0,1,EXT,L,2,1.12201
17,-1,1791281808106,800000015,700000015,900000003,3,1,ENT,L,2,1.12201
17,-1,1791281808106,800000016,700000015,900000008,3,0,EXT,L,2,1.12101
17,-1,1791282864262,800000017,9013,900000009,0,1,ENT,S,9,1.12234
17,-1,1791283190081,800000018,9014,900000010,0,1,EXT,L,1,1.12261
17,-1,1791283190533,800000019,700000019,1988651297,3,1,ENT,L,1,1.12261
17,-1,1791283190533,800000020,700000019,900000010,3,0,EXT,L,1,1.12161
17,-1,1791283219849,800000021,9017,900000011,0,1,ENT,S,10,1.12294
17,-1,1791283864937,800000022,1988651286,900000012,0,1,EXT,L,0,1.12321
17,-1,1791283866995,800000023,700000023,1988536463,3,1,ENT,L,0,1.12321
17,-1,1791283866995,800000024,700000023,900000012,3,0,EXT,L,0,1.12221
17,-1,1791284073226,800000025,9020,900000013,0,0,ENT,L,0,1.12354
17,-1,1791284855676,800000026,9021,900000014,0,0,EXT,S,4,1.12315
17,-1,1791284856512,800000027,700000027,1986209324,3,0,ENT,S,4,1.12315
17,-1,1791284856512,800000028,700000027,900000014,3,1,EXT,S,4,1.11933
17,-1,1791284902270,800000029,9023,900000015,0,0,ENT,L,1,1.12294
17,-1,1791286628649,800000030,9027,900000016,0,1,EXT,L,1,1.12394
17,-1,1791286629285,800000031,700000031,900000015,3,1,ENT,L,1,1.12394
17,-1,1791286629285,800000032,700000031,900000016,3,0,EXT,L,1,1.12294
17,-1,1791286700371,800000033,9026,900000017,0,1,ENT,S,11,1.12414
17,-1,1791286878212,800000034,9022,900000018,0,1,EXT,L,0,1.12454
17,-1,1791286878650,800000035,700000035,900000013,3,1,ENT,L,0,1.12454
17,-1,1791286878650,800000036,700000035,900000018,3,0,EXT,L,0,1.12354
17,-1,1791286908645,800000037,9031,900000019,0,0,ENT,L,0,1.12438
17,-1,1791288688191,800000038,9033,900000020,0,0,ENT,L,1,1.12378
17,-1,1791291111880,800000039,9034,900000021,0,1,EXT,L,1,1.12478
17,-1,1791291112531,800000040,700000040,900000020,3,1,ENT,L,1,1.12478
17,-1,1791291112531,800000041,700000040,900000021,3,0,EXT,L,1,1.12378
17,-1,1791296133110,800000042,9032,900000022,0,1,EXT,L,0,1.12538
17,-1,1791296133545,800000043,700000043,900000019,3,1,ENT,L,0,1.12538
17,-1,1791296133545,800000044,700000043,900000022,3,0,EXT,L,0,1.12438
17,-1,1791296790873,800000045,9039,900000023,0,0,ENT,L,0,1.12634
17,-1,1791298984817,800000046,9041,900000024,0,1,EXT,L,0,1.12734
17,-1,1791298985447,800000047,700000047,900000023,3,1,ENT,L,0,1.12734
17,-1,1791298985447,800000048,700000047,900000024,3,0,EXT,L,0,1.12634
17,-1,1791299116992,800000049,9045,900000025,0,0,ENT,L,0,1.12737
17,-1,1791299190021,800000050,9047,900000026,0,0,ENT,L,1,1.12677
17,-1,1791301324236,800000051,9049,900000027,0,0,ENT,L,2,1.12617
17,-1,1791301324439,800000052,9043,900000028,0,0,EXT,S,9,1.12614
17,-1,1791301325147,800000053,700000053,900000009,3,0,ENT,S,9,1.12614
17,-1,1791301325147,800000054,700000053,900000028,3,1,EXT,S,9,1.12234
17,-1,1791303804714,800000055,9051,900000029,0,0,ENT,L,3,1.12557
17,-1,1791303809149,800000056,9052,900000030,0,0,EXT,S,8,1.12554
17,-1,1791303809582,800000057,700000057,900000007,3,0,ENT,S,8,1.12554
17,-1,1791303809582,800000058,700000057,900000030,3,1,EXT,S,8,1.12174
17,-1,1791304768428,800000059,9055,900000031,0,0,ENT,L,4,1.12497
17,-1,1791304768428,800000060,9056,900000032,0,0,EXT,S,7,1.12495
17,-1,1791304769339,800000061,700000061,1987827917,3,0,ENT,S,7,1.12495
17,-1,1791304769339,800000062,700000061,900000032,3,1,EXT,S,7,1.12114
17,-1,1791310001526,800000063,9053,900000033,0,1,ENT,S,12,1.12594
17,-1,1791310006759,800000064,9057,900000034,0,1,EXT,L,4,1.12597
17,-1,1791310008211,800000065,700000065,900000031,3,1,ENT,L,4,1.12597
17,-1,1791310008211,800000066,700000065,900000034,3,0,EXT,L,4,1.12497
17,-1,1791311102255,800000067,9061,900000035,0,1,ENT,S,13,1.12654
17,-1,1791311102255,800000068,9062,900000036,0,1,EXT,L,3,1.12657
17,-1,1791311104098,800000069,700000069,900000029,3,1,ENT,L,3,1.12657
17,-1,1791311104098,800000070,700000069,900000036,3,0,EXT,L,3,1.12557
17,-1,1791315307029,800000071,9067,900000037,0,0,ENT,L,3,1.12557
17,-1,1791315464176,800000072,9064,900000038,0,0,EXT,S,13,1.12554
17,-1,1791315465417,800000073,700000073,900000035,3,0,ENT,S,13,1.12554
17,-1,1791315465417,800000074,700000073,900000038,3,1,EXT,S,13,1.12654
17,-1,1791343819333,800000075,9070,900000039,0,0,EXT,S,12,1.12498
17,-1,1791343821184,800000076,700000076,900000033,3,0,ENT,S,12,1.12498
17,-1,1791343821184,800000077,700000076,900000039,3,1,EXT,S,12,1.12594
17,-1,1791343870601,800000078,9069,900000040,0,0,ENT,L,4,1.12497
17,-1,1791346887672,800000079,9072,900000041,0,0,EXT,S,6,1.12439
17,-1,1791346888513,800000080,700000080,1987529553,3,0,ENT,S,6,1.12439
17,-1,1791346888513,800000081,700000080,900000041,3,1,EXT,S,6,1.12056
17,-1,1791346888885,800000082,9075,900000042,0,0,ENT,L,5,1.12437
17,-1,1791349379931,800000083,9076,900000043,0,0,EXT,S,5,1.12379
17,-1,1791349380358,800000084,700000084,1987309445,3,0,ENT,S,5,1.12379
17,-1,1791349380358,800000085,700000084,900000043,3,1,EXT,S,5,1.11996
17,-1,1791349411648,800000086,9078,900000044,0,0,ENT,L,6,1.12377
19,-1,1791357550557,800000001,1991677746,900000001,0,0,EXT,S,12,1.12332
19,-1,1791357556402,800000002,700000002,1989599443,3,0,ENT,S,12,1.12332
19,-1,1791357556402,800000003,700000002,900000001,3,1,EXT,S,12,1.12428
19,-1,1791358027408,800000004,1991706517,900000002,0,0,ENT,L,7,1.12307
19,-1,1791363708937,800000005,9000,900000003,0,0,EXT,S,11,1.12272
19,-1,1791363709574,800000006,700000006,1989521715,3,0,ENT,S,11,1.12272
19,-1,1791363709574,800000007,700000006,900000003,3,1,EXT,S,11,1.12368
19,-1,1791368126097,800000008,1990101682,900000004,0,0,EXT,S,10,1.12212
19,-1,1791368126718,800000009,700000009,1989438379,3,0,ENT,S,10,1.12212
19,-1,1791368126718,800000010,700000009,900000004,3,1,EXT,S,10,1.12308
19,-1,1791368416510,800000011,9005,900000005,0,1,ENT,S,0,1.12173
19,-1,1791369373040,800000012,9007,900000006,0,0,EXT,S,0,1.12073
19,-1,1791369373877,800000013,700000013,900000005,3,0,ENT,S,0,1.12073
19,-1,1791369373877,800000014,700000013,900000006,3,1,EXT,S,0,1.12173
19,-1,1791369746175,800000015,9010,900000007,0,1,ENT,S,0,1.12071
19,-1,1791370357019,800000016,9012,900000008,0,0,EXT,S,0,1.11971
19,-1,1791370357855,800000017,700000017,900000007,3,0,ENT,S,0,1.11971
19,-1,1791370357855,800000018,700000017,900000008,3,1,EXT,S,0,1.12071
19,-1,1791370479932,800000019,9015,900000009,0,1,ENT,S,0,1.11930
19,-1,1791370599597,800000020,9017,900000010,0,0,EXT,S,0,1.11830
19,-1,1791370600031,800000021,700000021,900000009,3,0,ENT,S,0,1.11830
19,-1,1791370600031,800000022,700000021,900000010,3,1,EXT,S,0,1.11930
19,-1,1791370611886,800000023,9021,900000011,0,1,ENT,S,0,1.11843
19,-1,1791370752069,800000024,9023,900000012,0,1,ENT,S,1,1.11903
19,-1,1791371031251,800000025,9019,900000013,0,1,EXT,L,7,1.11927
19,-1,1791371032289,800000026,700000026,900000002,3,1,ENT,L,7,1.11927
19,-1,1791371032289,800000027,700000026,900000013,3,0,EXT,L,7,1.12307
19,-1,1791371734470,800000028,9027,900000014,0,0,ENT,L,7,1.11827
19,-1,1791371849612,800000029,9024,900000015,0,0,EXT,S,1,1.11803
19,-1,1791371850064,800000030,700000030,900000012,3,0,ENT,S,1,1.11803
19,-1,1791371850064,800000031,700000030,900000015,3,1,EXT,S,1,1.11903
19,-1,1791372011676,800000032,9029,900000016,0,1,ENT,S,1,1.11903
19,-1,1791372098331,800000033,9028,900000017,0,1,EXT,L,7,1.11927
19,-1,1791372098784,800000034,700000034,900000014,3,1,ENT,L,7,1.11927
19,-1,1791372098784,800000035,700000034,900000017,3,0,EXT,L,7,1.11827
19,-1,1791372193039,800000036,9031,900000018,0,1,ENT,S,2,1.11963
19,-1,1791373556208,800000037,9032,900000019,0,1,EXT,L,6,1.11987
19,-1,1791373556643,800000038,700000038,1991618499,3,1,ENT,L,6,1.11987
19,-1,1791373556643,800000039,700000038,900000019,3,0,EXT,L,6,1.12367
19,-1,1791374545133,800000040,9035,900000020,0,1,ENT,S,3,1.12023
19,-1,1791375512141,800000041,9038,900000021,0,0,EXT,S,3,1.11923
19,-1,1791375512774,800000042,700000042,900000020,3,0,ENT,S,3,1.11923
19,-1,1791375512774,800000043,700000042,900000021,3,1,EXT,S,3,1.12023
19,-1,1791376251074,800000044,9037,900000022,0,0,ENT,L,6,1.11887
19,-1,1791376337692,800000045,9040,900000023,0,0,EXT,S,2,1.11863
19,-1,1791376338128,800000046,700000046,900000018,3,0,ENT,S,2,1.11863
19,-1,1791376338128,800000047,700000046,900000023,3,1,EXT,S,2,1.11963
19,-1,1791377882019,800000048,9045,900000024,0,1,ENT,S,2,1.11963
19,-1,1791383141614,800000049,9046,900000025,0,0,EXT,S,2,1.11863
19,-1,1791383142048,800000050,700000050,900000024,3,0,ENT,S,2,1.11863
19,-1,1791383142048,800000051,700000050,900000025,3,1,EXT,S,2,1.11963
19,-1,1791383307765,800000052,9043,900000026,0,0,ENT,L,7,1.11827
19,-1,1791383985539,800000053,9048,900000027,0,0,EXT,S,1,1.11803
19,-1,1791383986577,800000054,700000054,900000016,3,0,ENT,S,1,1.11803
19,-1,1791383986577,800000055,700000054,900000027,3,1,EXT,S,1,1.11903
19,-1,1791385842100,800000056,9022,900000028,0,0,EXT,S,0,1.11743
19,-1,1791385843339,800000057,700000057,900000011,3,0,ENT,S,0,1.11743
19,-1,1791385843339,800000058,700000057,900000028,3,1,EXT,S,0,1.11843
19,-1,1791385901235,800000059,9053,900000029,0,1,ENT,S,0,1.11759
19,-1,1791386686391,800000060,9054,900000030,0,0,EXT,S,0,1.11659
19,-1,1791386687234,800000061,700000061,900000029,3,0,ENT,S,0,1.11659
19,-1,1791386687234,800000062,700000061,900000030,3,1,EXT,S,0,1.11759
19,-1,1791386711708,800000063,9057,900000031,0,1,ENT,S,0,1.11680
19,-1,1791387315728,800000064,9059,900000032,0,1,ENT,S,1,1.11740
19,-1,1791389197675,800000065,9061,900000033,0,1,ENT,S,2,1.11800
19,-1,1791389660336,800000066,9056,900000034,0,1,EXT,L,7,1.11807
19,-1,1791389661588,800000067,700000067,900000026,3,1,ENT,L,7,1.11807
19,-1,1791389661588,800000068,700000067,900000034,3,0,EXT,L,7,1.11827
19,-1,1791392034477,800000069,9063,900000035,0,1,ENT,S,3,1.11860
19,-1,1791392394940,800000070,9064,900000036,0,1,EXT,L,6,1.11867
19,-1,1791392395586,800000071,700000071,900000022,3,1,ENT,L,6,1.11867
19,-1,1791392395586,800000072,700000071,900000036,3,0,EXT,L,6,1.11887
19,-1,1791392409001,800000073,9069,900000037,0,0,ENT,L,6,1.11865
19,-1,1791392755899,800000074,9071,900000038,0,0,ENT,L,7,1.11805
19,-1,1791394805770,800000075,9072,900000039,0,1,EXT,L,7,1.11905
19,-1,1791394806205,800000076,700000076,900000038,3,1,ENT,L,7,1.11905
19,-1,1791394806205,800000077,700000076,900000039,3,0,EXT,L,7,1.11805
19,-1,1791395426149,800000078,9067,900000040,0,1,ENT,S,4,1.11920
19,-1,1791396795378,800000079,9073,900000041,0,1,EXT,L,6,1.11965
19,-1,1791396796004,800000080,700000080,900000037,3,1,ENT,L,6,1.11965
19,-1,1791396796004,800000081,700000080,900000041,3,0,EXT,L,6,1.11865
19,-1,1791396798179,800000082,9076,900000042,0,1,ENT,S,5,1.11980
19,-1,1791397231590,800000083,9078,900000043,0,0,ENT,L,6,1.11887
19,-1,1791397570134,800000084,9079,900000044,0,0,EXT,S,5,1.11880
19,-1,1791397573398,800000085,700000085,900000042,3,0,ENT,S,5,1.11880
19,-1,1791397573398,800000086,700000085,900000044,3,1,EXT,S,5,1.11980
19,-1,1791399186781,800000087,9082,900000045,0,0,ENT,L,7,1.11827
19,-1,1791400048143,800000088,9085,900000046,0,1,EXT,L,7,1.11927
19,-1,1791400048777,800000089,700000089,900000045,3,1,ENT,L,7,1.11927
19,-1,1791400048777,800000090,700000089,900000046,3,0,EXT,L,7,1.11827
19,-1,1791400790680,800000091,9084,900000047,0,1,ENT,S,5,1.11980
19,-1,1791403833218,800000092,9086,900000048,0,1,EXT,L,6,1.11987
19,-1,1791403836064,800000093,700000093,900000043,3,1,ENT,L,6,1.11987
19,-1,1791403836064,800000094,700000093,900000048,3,0,EXT,L,6,1.11887
19,-1,1791434487094,800000095,9089,900000049,0,1,ENT,S,6,1.12040
19,-1,1791434902648,800000096,9090,900000050,0,1,EXT,L,5,1.12055
19,-1,1791434903278,800000097,700000097,1991561135,3,1,ENT,L,5,1.12055
19,-1,1791434903278,800000098,700000097,900000050,3,0,EXT,L,5,1.12427
19,-1,1791436005232,800000099,9093,900000051,0,1,ENT,S,7,1.12100
19,-1,1791436502951,800000100,9094,900000052,0,1,EXT,L,4,1.12115
19,-1,1791436514646,800000101,700000101,1991419957,3,1,ENT,L,4,1.12115
19,-1,1791436514646,800000102,700000101,900000052,3,0,EXT,L,4,1.12489
19,-1,1791439307349,800000103,9098,900000053,0,0,ENT,L,4,1.12007
19,-1,1791439312986,800000104,9096,900000054,0,0,EXT,S,7,1.12000
19,-1,1791439315022,800000105,700000105,900000051,3,0,ENT,S,7,1.12000
19,-1,1791439315022,800000106,700000105,900000054,3,1,EXT,S,7,1.12100
19,-1,1791449592914,800000107,9100,900000055,0,0,ENT,L,5,1.11947
19,-1,1791449630899,800000108,9101,900000056,0,0,EXT,S,6,1.11940
19,-1,1791449631530,800000109,700000109,900000049,3,0,ENT,S,6,1.11940
19,-1,1791449631530,800000110,700000109,900000056,3,1,EXT,S,6,1.12040
19,-1,1791452485936,800000111,9106,900000057,0,1,ENT,S,6,1.12040
19,-1,1791453370713,800000112,9107,900000058,0,0,EXT,S,6,1.11940
19,-1,1791453371746,800000113,700000113,900000057,3,0,ENT,S,6,1.11940
19,-1,1791453371746,800000114,700000113,900000058,3,1,EXT,S,6,1.12040
19,-1,1791453626478,800000115,9104,900000059,0,0,ENT,L,6,1.11887
19,-1,1791453630508,800000116,9109,900000060,0,0,EXT,S,5,1.11881
19,-1,1791453631141,800000117,700000117,900000047,3,0,ENT,S,5,1.11881
19,-1,1791453631141,800000118,700000117,900000060,3,1,EXT,S,5,1.11980
19,-1,1791453997168,800000119,9112,900000061,0,0,ENT,L,7,1.11827
19,-1,1791454005195,800000120,9113,900000062,0,0,EXT,S,4,1.11821
19,-1,1791454005623,800000121,700000121,900000040,3,0,ENT,S,4,1.11821
19,-1,1791454005623,800000122,700000121,900000062,3,1,EXT,S,4,1.11920
19,-1,1791454426017,800000123,9117,900000063,0,1,ENT,S,4,1.11920
19,-1,1791454435072,800000124,9115,900000064,0,1,EXT,L,7,1.11927
19,-1,1791454435501,800000125,700000125,900000061,3,1,ENT,L,7,1.11927
19,-1,1791454435501,800000126,700000125,900000064,3,0,EXT,L,7,1.11827
19,-1,1791457569291,800000127,9119,900000065,0,1,ENT,S,5,1.11980
19,-1,1791458294443,800000128,9120,900000066,0,1,EXT,L,6,1.11987
19,-1,1791458295078,800000129,700000129,900000059,3,1,ENT,L,6,1.11987
19,-1,1791458295078,800000130,700000129,900000066,3,0,EXT,L,6,1.11887
19,-1,1791459271909,800000131,9125,900000067,0,0,ENT,L,6,1.11887
19,-1,1791459287193,800000132,9122,900000068,0,0,EXT,S,5,1.11880
19,-1,1791459287650,800000133,700000133,900000065,3,0,ENT,S,5,1.11880
19,-1,1791459287650,800000134,700000133,900000068,3,1,EXT,S,5,1.11980
19,-1,1791461557314,800000135,9127,900000069,0,0,ENT,L,7,1.11827
19,-1,1791461590704,800000136,9128,900000070,0,0,EXT,S,4,1.11820
19,-1,1791461591148,800000137,700000137,900000063,3,0,ENT,S,4,1.11820
19,-1,1791461591148,800000138,700000137,900000070,3,1,EXT,S,4,1.11920
19,-1,1791462936236,800000139,9132,900000071,0,1,ENT,S,4,1.11920
19,-1,1791464233205,800000140,9133,900000072,0,0,EXT,S,4,1.11820
19,-1,1791464234254,800000141,700000141,900000071,3,0,ENT,S,4,1.11820
19,-1,1791464234254,800000142,700000141,900000072,3,1,EXT,S,4,1.11920
19,-1,1791466469799,800000143,9135,900000073,0,0,EXT,S,3,1.11761
19,-1,1791466470236,800000144,700000144,900000035,3,0,ENT,S,3,1.11761
19,-1,1791466470236,800000145,700000144,900000073,3,1,EXT,S,3,1.11860
19,-1,1791467478118,800000146,9138,900000074,0,1,ENT,S,3,1.11860
19,-1,1791468394402,800000147,9139,900000075,0,0,EXT,S,3,1.11760
19,-1,1791468395037,800000148,700000148,900000074,3,0,ENT,S,3,1.11760
19,-1,1791468395037,800000149,700000148,900000075,3,1,EXT,S,3,1.11860
19,-1,1791471999972,800000150,9142,900000076,0,1,ENT,S,3,1.11860
19,-1,1791472779670,800000151,9144,900000077,0,1,ENT,S,4,1.11920
19,-1,1791473096596,800000152,9130,900000078,0,1,EXT,L,7,1.11927
19,-1,1791473097442,800000153,700000153,900000069,3,1,ENT,L,7,1.11927
19,-1,1791473097442,800000154,700000153,900000078,3,0,EXT,L,7,1.11827
19,-1,1791473346871,800000155,9146,900000079,0,1,ENT,S,5,1.11980
19,-1,1791473361145,800000156,9147,900000080,0,1,EXT,L,6,1.11987
19,-1,1791473361567,800000157,700000157,900000067,3,1,ENT,L,6,1.11987
19,-1,1791473361567,800000158,700000157,900000080,3,0,EXT,L,6,1.11887
19,-1,1791474042101,800000159,9152,900000081,0,0,ENT,L,6,1.11887
19,-1,1791474070880,800000160,9149,900000082,0,0,EXT,S,5,1.11880
19,-1,1791474071325,800000161,700000161,900000079,3,0,ENT,S,5,1.11880
19,-1,1791474071325,800000162,700000161,900000082,3,1,EXT,S,5,1.11980
19,-1,1791474967489,800000163,9154,900000083,0,0,ENT,L,7,1.11827
19,-1,1791475014916,800000164,9155,900000084,0,0,EXT,S,4,1.11820
19,-1,1791475016557,800000165,700000165,900000077,3,0,ENT,S,4,1.11820
19,-1,1791475016557,800000166,700000165,900000084,3,1,EXT,S,4,1.11920
19,-1,1791475675875,800000167,9159,900000085,0,1,ENT,S,4,1.11920
19,-1,1791475687116,800000168,9157,900000086,0,1,EXT,L,7,1.11927
19,-1,1791475687547,800000169,700000169,900000083,3,1,ENT,L,7,1.11927
19,-1,1791475687547,800000170,700000169,900000086,3,0,EXT,L,7,1.11827
19,-1,1791478103420,800000171,9161,900000087,0,1,ENT,S,5,1.11980
19,-1,1791478106640,800000172,9162,900000088,0,1,EXT,L,6,1.11987
19,-1,1791478107071,800000173,700000173,900000081,3,1,ENT,L,6,1.11987
19,-1,1791478107071,800000174,700000173,900000088,3,0,EXT,L,6,1.11887
19,-1,1791479948704,800000175,9165,900000089,0,1,ENT,S,6,1.12040
19,-1,1791480067785,800000176,9166,900000090,0,1,EXT,L,5,1.12047
19,-1,1791480071025,800000177,700000177,900000055,3,1,ENT,L,5,1.12047
19,-1,1791480071025,800000178,700000177,900000090,3,0,EXT,L,5,1.11947
19,-1,1791480318655,800000179,9169,900000091,0,1,ENT,S,7,1.12100
19,-1,1791480323677,800000180,9170,900000092,0,1,EXT,L,4,1.12107
19,-1,1791480324316,800000181,700000181,900000053,3,1,ENT,L,4,1.12107
19,-1,1791480324316,800000182,700000181,900000092,3,0,EXT,L,4,1.12007
19,-1,1791480638480,800000183,9173,900000093,0,1,EXT,L,3,1.12175
19,-1,1791480638914,800000184,700000184,1991069591,3,1,ENT,L,3,1.12175
19,-1,1791480638914,800000185,700000184,900000093,3,0,EXT,L,3,1.12550
19,-1,1791480871697,800000186,9175,900000094,0,1,EXT,L,2,1.12243
19,-1,1791480872736,800000187,700000187,1990112560,3,1,ENT,L,2,1.12243
19,-1,1791480872736,800000188,700000187,900000094,3,0,EXT,L,2,1.12611
19,-1,1791481590119,800000189,9178,900000095,0,0,ENT,L,2,1.12127
19,-1,1791482525173,800000190,9180,900000096,0,0,ENT,L,3,1.12067
19,-1,1791483533693,800000191,9182,900000097,0,0,ENT,L,4,1.12007
19,-1,1791483542744,800000192,9172,900000098,0,0,EXT,S,7,1.12000
19,-1,1791483543184,800000193,700000193,900000091,3,0,ENT,S,7,1.12000
19,-1,1791483543184,800000194,700000193,900000098,3,1,EXT,S,7,1.12100
19,-1,1791485262823,800000195,9184,900000099,0,0,ENT,L,5,1.11947
19,-1,1791485264825,800000196,9185,900000100,0,0,EXT,S,6,1.11940
19,-1,1791485265472,800000197,700000197,900000089,3,0,ENT,S,6,1.11940
19,-1,1791485265472,800000198,700000197,900000100,3,1,EXT,S,6,1.12040
19,-1,1791486113086,800000199,9188,900000101,0,0,ENT,L,6,1.11887
19,-1,1791486207482,800000200,9189,900000102,0,0,EXT,S,5,1.11880
19,-1,1791486208117,800000201,700000201,900000087,3,0,ENT,S,5,1.11880
19,-1,1791486208117,800000202,700000201,900000102,3,1,EXT,S,5,1.11980
19,-1,1791487048300,800000203,9194,900000103,0,1,ENT,S,5,1.11980
19,-1,1791487048901,800000204,9191,900000104,0,1,EXT,L,6,1.11987
19,-1,1791487049211,800000205,700000205,900000101,3,1,ENT,L,6,1.11987
19,-1,1791487049211,800000206,700000205,900000104,3,0,EXT,L,6,1.11887
19,-1,1791487849231,800000207,9198,900000105,0,0,ENT,L,6,1.11887
19,-1,1791487853460,800000208,9195,900000106,0,0,EXT,S,5,1.11880
19,-1,1791487853908,800000209,700000209,900000103,3,0,ENT,S,5,1.11880
19,-1,1791487853908,800000210,700000209,900000106,3,1,EXT,S,5,1.11980
19,-1,1791489182195,800000211,9202,900000107,0,1,ENT,S,5,1.11980
19,-1,1791489668483,800000212,9199,900000108,0,1,EXT,L,6,1.11987
19,-1,1791489669118,800000213,700000213,900000105,3,1,ENT,L,6,1.11987
19,-1,1791489669118,800000214,700000213,900000108,3,0,EXT,L,6,1.11887
19,-1,1791490125624,800000215,9204,900000109,0,1,ENT,S,6,1.12040
19,-1,1791490343193,800000216,9205,900000110,0,1,EXT,L,5,1.12047
19,-1,1791490344434,800000217,700000217,900000099,3,1,ENT,L,5,1.12047
19,-1,1791490344434,800000218,700000217,900000110,3,0,EXT,L,5,1.11947
19,-1,1791490562471,800000219,9208,900000111,0,1,ENT,S,7,1.12100
19,-1,1791490562471,800000220,9209,900000112,0,1,EXT,L,4,1.12107
19,-1,1791490563101,800000221,700000221,900000097,3,1,ENT,L,4,1.12107
19,-1,1791490563101,800000222,700000221,900000112,3,0,EXT,L,4,1.12007
19,-1,1791490687244,800000223,9212,900000113,0,1,EXT,L,3,1.12167
19,-1,1791490687879,800000224,700000224,900000096,3,1,ENT,L,3,1.12167
19,-1,1791490687879,800000225,700000224,900000113,3,0,EXT,L,3,1.12067
19,-1,1791493624622,800000226,9215,900000114,0,0,ENT,L,3,1.12067
19,-1,1791500907957,800000227,9216,900000115,0,1,EXT,L,3,1.12167
19,-1,1791500909197,800000228,700000228,900000114,3,1,ENT,L,3,1.12167
19,-1,1791500909197,800000229,700000228,900000115,3,0,EXT,L,3,1.12067
