fleet,kind,seg,time_ms,side,role,layer,price,fill_price,near_dt_ms,near_dpts,category
eurusd_b,EXTRA,1,1790857300260,L,EXT,3,1.12994,1.12994,738,8,
eurusd_b,MISS,1,1790857300998,L,EXT,3,1.13002,1.13008,-738,-8,
eurusd_b,MISS,1,1790860062117,S,ENT,0,1.12741,1.12743,-3009154,251,
eurusd_b,EXTRA,1,1790861114899,L,EXT,5,1.12853,1.12853,110027,8,
eurusd_b,MISS,1,1790861224926,L,EXT,5,1.12861,1.12866,-110027,-8,
eurusd_b,EXTRA,1,1790861681243,L,EXT,4,1.12923,1.12923,17734,8,
eurusd_b,MISS,1,1790861698977,L,EXT,4,1.12931,1.12930,-17734,-8,
eurusd_b,EXTRA,1,1790866492094,L,EXT,2,1.13064,1.13064,5283,8,
eurusd_b,MISS,1,1790866497377,L,EXT,2,1.13072,1.13076,-5283,-8,
eurusd_b,EXTRA,1,1790868365033,S,EXT,4,1.12925,1.12925,-327,0,
eurusd_b,EXTRA,1,1790877065722,S,EXT,0,1.12643,1.12643,-950,0,
eurusd_b,EXTRA,1,1790879955762,S,ENT,1,1.12463,1.12463,-19231403,350,
eurusd_b,EXTRA,1,1790880323216,S,EXT,1,1.12363,1.12363,-3680081,351,
eurusd_b,EXTRA,1,1790880593134,L,ENT,13,1.12322,1.12322,,,
eurusd_b,EXTRA,1,1790880687773,L,ENT,13,1.12290,1.12290,,,
eurusd_b,EXTRA,1,1790881050406,S,ENT,0,1.12290,1.12290,-1234311,101,
eurusd_b,EXTRA,1,1790881146303,L,EXT,12,1.12320,1.12320,,,
eurusd_b,EXTRA,1,1790881549738,S,ENT,1,1.12360,1.12360,-20825379,453,
eurusd_b,EXTRA,1,1790882155590,L,EXT,13,1.12390,1.12390,,,
eurusd_b,EXTRA,1,1790882787455,S,ENT,2,1.12430,1.12430,-21422036,454,
eurusd_b,EXTRA,1,1790883136443,S,EXT,2,1.12330,1.12330,-6544595,455,
eurusd_b,EXTRA,1,1790883217286,L,ENT,11,1.12322,1.12322,-6591855,423,
eurusd_b,EXTRA,1,1790883654413,S,EXT,1,1.12260,1.12260,-7011278,454,
eurusd_b,EXTRA,1,1790883659640,L,ENT,12,1.12252,1.12252,-6843275,420,
eurusd_b,EXTRA,1,1790884283227,S,EXT,0,1.12190,1.12190,-3597789,103,
eurusd_b,EXTRA,1,1790885063200,S,ENT,0,1.12261,1.12261,-5247105,130,
eurusd_b,EXTRA,1,1790885880786,S,EXT,0,1.12161,1.12161,-5195348,132,
eurusd_b,EXTRA,1,1790886117965,S,ENT,0,1.12230,1.12230,-6301870,161,
eurusd_b,EXTRA,1,1790886293551,L,EXT,11,1.12282,1.12282,-6437446,140,
eurusd_b,EXTRA,1,1790886353154,S,ENT,1,1.12300,1.12300,-25628795,513,
eurusd_b,EXTRA,1,1790886604087,L,EXT,12,1.12352,1.12352,,,
eurusd_b,EXTRA,1,1790886610307,L,ENT,11,1.12322,1.12322,-9984876,423,
eurusd_b,EXTRA,1,1790886622771,S,ENT,2,1.12370,1.12370,-25257352,514,
eurusd_b,EXTRA,1,1790888057456,S,EXT,2,1.12270,1.12270,-11465608,515,
eurusd_b,EXTRA,1,1790888097445,L,ENT,12,1.12252,1.12252,-11281080,420,
eurusd_b,EXTRA,1,1790890495594,L,EXT,12,1.12352,1.12352,,,
eurusd_b,EXTRA,1,1790890968046,S,ENT,2,1.12370,1.12370,-29602627,514,
eurusd_b,EXTRA,1,1790893801456,L,EXT,11,1.12422,1.12422,-13945351,0,
eurusd_b,EXTRA,1,1790893898471,S,ENT,3,1.12440,1.12440,-20200822,515,
eurusd_b,EXTRA,2,1790910024154,L,EXT,10,1.12492,1.12492,,,
eurusd_b,EXTRA,2,1790911788954,L,ENT,13,1.12392,1.12392,3895639,-70,
eurusd_b,MISS,2,1790915684593,L,ENT,13,1.12322,1.12323,-3895639,70,
eurusd_b,EXTRA,3,1790922323278,L,EXT,10,1.12492,1.12492,168827,8,
eurusd_b,EXTRA,3,1790932028959,L,EXT,9,1.12562,1.12562,275517,8,
eurusd_b,EXTRA,3,1790932290341,L,EXT,9,1.12568,1.12568,14135,2,
eurusd_b,EXTRA,3,1790936040432,L,EXT,8,1.12632,1.12632,35069,8,
eurusd_b,MISS,3,1790936075501,L,EXT,8,1.12640,1.12643,530,6,
eurusd_b,EXTRA,3,1790936076031,L,EXT,8,1.12646,1.12646,-530,-6,
eurusd_b,EXTRA,3,1790955002061,L,EXT,12,1.12347,1.12347,7891,8,
eurusd_b,EXTRA,3,1790955002061,S,ENT,1,1.12357,1.12357,7846,222,
eurusd_b,EXTRA,3,1790955003869,S,ENT,2,1.12579,1.12579,75327,-45,
eurusd_b,EXTRA,3,1790955003869,L,EXT,16,1.12579,1.12579,23434,-127,
eurusd_b,MISS,3,1790955009907,S,ENT,1,1.12579,1.12512,-7846,-222,
eurusd_b,MISS,3,1790955009952,L,EXT,12,1.12355,1.12512,-7891,-8,
eurusd_b,EXTRA,3,1790955018109,S,ENT,1,1.12414,1.12414,-8202,165,
eurusd_b,EXTRA,3,1790955025730,S,ENT,1,1.12453,1.12453,4771,30,
eurusd_b,EXTRA,3,1790955028141,L,EXT,16,1.12480,1.12480,-838,-28,
eurusd_b,EXTRA,3,1790955028141,S,ENT,1,1.12476,1.12476,2360,7,
eurusd_b,MISS,3,1790955030501,S,ENT,1,1.12483,1.12464,-2360,-7,
eurusd_b,EXTRA,3,1790955072694,L,EXT,15,1.12498,1.12498,-308,-10,
eurusd_b,EXTRA,3,1790955149378,L,EXT,14,1.12563,1.12563,-736,-2,
eurusd_b,EXTRA,3,1790956168134,L,EXT,15,1.12490,1.12490,-1544,-6,
eurusd_b,EXTRA,3,1790956742530,L,EXT,13,1.12633,1.12633,-743,-2,
eurusd_b,MISS,3,1790957242333,L,ENT,8,1.12532,1.12533,,,
eurusd_b,EXTRA,3,1790960263185,L,EXT,7,1.12702,1.12702,843,8,
eurusd_b,EXTRA,3,1790960263988,L,ENT,2,1.12715,1.12715,19917,29,
eurusd_b,MISS,3,1790960264028,L,EXT,7,1.12710,1.12711,-843,-8,
eurusd_b,EXTRA,3,1790960265797,L,ENT,2,1.12702,1.12702,18108,42,
eurusd_b,MISS,3,1790960283905,L,ENT,2,1.12744,1.12746,-18108,-42,
eurusd_b,EXTRA,3,1790960950394,L,ENT,2,1.12846,1.12846,262,3,
eurusd_b,MISS,3,1790960950656,L,ENT,2,1.12849,1.12843,-262,-3,
eurusd_b,MISS,4,1790963698165,S,EXT,6,1.12722,1.12725,244746097,-715,
eurusd_b,EXTRA,4,1790965473018,S,EXT,4,1.12573,1.12573,-1351,5,
eurusd_b,MISS,4,1791169937614,S,EXT,3,1.12505,1.12505,22897202,-709,
eurusd_b,EXTRA,4,1791180380455,S,EXT,1,1.11704,1.11704,-233,13,
eurusd_b,MISS,4,1791210517773,L,EXT,7,1.12099,1.12104,-8223943,73,
eurusd_b,MISS,4,1791214197734,L,EXT,7,1.12101,1.12104,-11903904,71,
eurusd_b,MISS,4,1791223238871,L,EXT,7,1.12101,1.12097,-20945041,71,
eurusd_b,MISS,4,1791233856936,L,EXT,7,1.12100,1.12101,-31563106,72,
eurusd_b,MISS,6,1791255837804,S,EXT,0,1.12148,1.12148,,,
eurusd_b,EXTRA,7,1791281707715,L,EXT,7,1.12170,1.12170,-338,-1,
eurusd_b,EXTRA,7,1791283261435,L,EXT,5,1.12312,1.12312,738057,16,
eurusd_b,EXTRA,7,1791283853021,L,EXT,5,1.12313,1.12313,146471,15,
eurusd_b,MISS,7,1791283999492,L,EXT,5,1.12328,1.12327,2152,4,
eurusd_b,EXTRA,7,1791284001644,L,EXT,5,1.12332,1.12332,-2152,-4,
eurusd_b,EXTRA,7,1791284250129,L,EXT,4,1.12382,1.12382,20989,16,
eurusd_b,EXTRA,7,1791284256160,L,EXT,4,1.12382,1.12382,14958,16,
eurusd_b,MISS,7,1791284271118,L,EXT,4,1.12398,1.12398,-14958,-16,
eurusd_b,MISS,7,1791284913104,S,EXT,2,1.12287,1.12289,,,
eurusd_b,EXTRA,7,1791286877951,L,EXT,3,1.12452,1.12452,114788,16,
eurusd_b,MISS,7,1791286992739,L,EXT,3,1.12468,1.12468,-114788,-16,
eurusd_b,MISS,7,1791288851662,S,EXT,3,1.12357,1.12357,,,
eurusd_b,EXTRA,7,1791296039864,L,EXT,2,1.12522,1.12522,93248,16,
eurusd_b,EXTRA,7,1791296049140,L,ENT,2,1.12523,1.12523,99032,9,
eurusd_b,EXTRA,7,1791296131022,L,EXT,2,1.12528,1.12528,2090,10,
eurusd_b,MISS,7,1791296133112,L,EXT,2,1.12538,1.12540,-2090,-10,
eurusd_b,MISS,7,1791296148172,L,ENT,2,1.12532,1.12532,-99032,-9,
eurusd_b,EXTRA,7,1791296739094,L,ENT,2,1.12624,1.12624,28249,21,
eurusd_b,MISS,7,1791296767343,L,ENT,2,1.12645,1.12646,-28249,-21,
eurusd_b,MISS,7,1791300499255,S,EXT,7,1.12639,1.12639,-22954320,-562,
eurusd_b,EXTRA,7,1791301992680,S,EXT,6,1.12568,1.12568,-346,2,
eurusd_b,EXTRA,7,1791310558423,L,EXT,5,1.12636,1.12636,-746,-1,
eurusd_b,MISS,9,1791358042902,S,EXT,9,1.12290,1.12287,1712,-4,
eurusd_b,EXTRA,9,1791358044614,S,EXT,9,1.12286,1.12286,-1712,4,
eurusd_b,MISS,9,1791365153022,S,EXT,1,1.12221,1.12218,6628033,-403,
eurusd_b,MISS,9,1791368477214,S,EXT,8,1.12150,1.12150,,,
eurusd_b,EXTRA,9,1791370628732,S,EXT,0,1.11817,1.11817,-335,2,
eurusd_b,EXTRA,9,1791370641784,S,ENT,0,1.11838,1.11838,657,10,
eurusd_b,MISS,9,1791370642441,S,ENT,0,1.11848,1.11848,-657,-10,
eurusd_b,EXTRA,9,1791371048489,L,EXT,1,1.11937,1.11937,3489595,73,
eurusd_b,EXTRA,9,1791371379300,L,ENT,8,1.11837,1.11837,11890705,0,
eurusd_b,EXTRA,9,1791372123421,L,EXT,1,1.11937,1.11937,2414663,73,
eurusd_b,EXTRA,9,1791374119932,L,EXT,1,1.11992,1.11992,418152,18,
eurusd_b,EXTRA,9,1791374149097,L,EXT,0,1.12007,1.12007,60801758,65,
eurusd_b,MISS,9,1791374538084,L,EXT,1,1.12010,1.12013,-418152,-18,
eurusd_b,EXTRA,9,1791374544872,L,EXT,0,1.12015,1.12015,60405983,57,
eurusd_b,EXTRA,9,1791376191541,L,ENT,8,1.11907,1.11907,7078464,-70,
eurusd_b,EXTRA,9,1791383767701,S,EXT,1,1.11816,1.11816,-940,4,
eurusd_b,EXTRA,9,1791388903740,L,EXT,2,1.11798,1.11798,1038513,24,
eurusd_b,MISS,9,1791389942253,L,EXT,2,1.11822,1.11822,-1038513,-24,
eurusd_b,EXTRA,9,1791396806150,L,EXT,0,1.12007,1.12007,38144705,65,
eurusd_b,EXTRA,9,1791397075839,L,ENT,8,1.11907,1.11907,1900897,-70,
eurusd_b,EXTRA,9,1791400065565,L,EXT,8,1.11938,1.11938,-340,-3,
eurusd_b,EXTRA,9,1791406805047,L,EXT,0,1.12007,1.12007,28145808,65,
eurusd_b,EXTRA,9,1791434489844,L,EXT,0,1.12042,1.12042,461011,30,
eurusd_b,MISS,9,1791434950855,L,EXT,0,1.12072,1.12073,-461011,-30,
eurusd_b,EXTRA,9,1791439280932,S,EXT,6,1.12008,1.12008,-1148,1,
eurusd_b,EXTRA,9,1791487054860,L,EXT,8,1.12017,1.12017,-260,-17,
eurusd_c,EXTRA,11,1790848650954,S,ENT,0,1.13176,1.13176,2120373,-112,
eurusd_c,EXTRA,11,1790850219770,S,EXT,0,1.13076,1.13076,2911718,-112,
eurusd_c,MISS,11,1790850771327,S,ENT,0,1.13064,1.13064,-2120373,112,
eurusd_c,MISS,11,1790853983810,L,EXT,3,1.13032,1.13032,,,
eurusd_c,EXTRA,11,1790860077925,S,ENT,0,1.12745,1.12745,16333,3,
eurusd_c,MISS,11,1790860094258,S,ENT,0,1.12748,1.12749,-16333,-3,
eurusd_c,MISS,11,1790860504422,L,EXT,7,1.12782,1.12782,19351615,-359,
eurusd_c,EXTRA,11,1790861421069,L,EXT,5,1.12902,1.12902,41277,8,
eurusd_c,MISS,11,1790861462346,L,EXT,5,1.12910,1.12912,-41277,-8,
eurusd_c,EXTRA,11,1790862827561,L,EXT,4,1.12962,1.12962,21184,8,
eurusd_c,MISS,11,1790862848745,L,EXT,4,1.12970,1.12970,-21184,-8,
eurusd_c,EXTRA,11,1790866501325,L,EXT,2,1.13084,1.13084,2472,8,
eurusd_c,MISS,11,1790866503797,L,EXT,2,1.13092,1.13094,-2472,-8,
eurusd_c,EXTRA,11,1790868173461,S,EXT,5,1.12952,1.12952,-742,1,
eurusd_c,EXTRA,11,1790879949935,S,ENT,1,1.12453,1.12453,-19228797,356,
eurusd_c,EXTRA,11,1790880326232,S,EXT,1,1.12353,1.12353,-3539825,356,
eurusd_c,EXTRA,11,1790880591125,L,ENT,7,1.12323,1.12323,-3785023,360,
eurusd_c,EXTRA,11,1790880687773,L,ENT,7,1.12290,1.12290,-3881671,393,
eurusd_c,EXTRA,11,1790881050406,S,ENT,0,1.12290,1.12290,-1234309,101,
eurusd_c,EXTRA,11,1790881218485,L,EXT,7,1.12330,1.12330,-1362164,93,
eurusd_c,EXTRA,11,1790881283030,S,ENT,1,1.12350,1.12350,-20561892,459,
eurusd_c,EXTRA,11,1790881402491,L,ENT,7,1.12323,1.12323,-4596389,360,
eurusd_c,EXTRA,11,1790882313246,S,ENT,2,1.12410,1.12410,-21077681,459,
eurusd_c,EXTRA,11,1790882785242,L,EXT,7,1.12423,1.12423,-2928921,0,
eurusd_c,EXTRA,11,1790883216879,L,ENT,7,1.12323,1.12323,-6410777,360,
eurusd_c,EXTRA,11,1790883306599,S,EXT,2,1.12310,1.12310,-6711138,460,
eurusd_c,EXTRA,11,1790883659640,S,EXT,1,1.12250,1.12250,-6873233,459,
eurusd_c,EXTRA,11,1790884283227,S,EXT,0,1.12190,1.12190,-3597789,103,
eurusd_c,EXTRA,11,1790885063200,S,ENT,0,1.12261,1.12261,-5247103,130,
eurusd_c,EXTRA,11,1790885880786,S,EXT,0,1.12161,1.12161,-5195348,132,
eurusd_c,EXTRA,11,1790886117965,S,ENT,0,1.12230,1.12230,-6301868,161,
eurusd_c,EXTRA,11,1790886305043,S,ENT,1,1.12290,1.12290,-25583905,519,
eurusd_c,EXTRA,11,1790886602881,S,ENT,2,1.12350,1.12350,-25367316,519,
eurusd_c,EXTRA,11,1790886604087,L,EXT,7,1.12363,1.12363,-6747766,60,
eurusd_c,EXTRA,11,1790886609704,L,ENT,7,1.12323,1.12323,-9803602,360,
eurusd_c,EXTRA,11,1790886644482,S,ENT,3,1.12410,1.12410,-13315787,520,
eurusd_c,EXTRA,11,1790886781723,S,EXT,3,1.12310,1.12310,-10934540,521,
eurusd_c,EXTRA,11,1790888254006,S,EXT,2,1.12250,1.12250,-11658545,520,
eurusd_c,EXTRA,11,1790890495394,S,ENT,2,1.12350,1.12350,-29259829,519,
eurusd_c,EXTRA,11,1790890510861,L,EXT,7,1.12363,1.12363,-10654540,60,
eurusd_c,EXTRA,11,1790890721534,L,ENT,7,1.12323,1.12323,-13915432,360,
eurusd_c,EXTRA,11,1790893690747,S,ENT,3,1.12410,1.12410,-20362052,520,
eurusd_c,EXTRA,11,1790893803472,L,EXT,7,1.12423,1.12423,-13947151,0,
eurusd_c,EXTRA,12,1790909917420,L,EXT,6,1.12483,1.12483,107002,8,
eurusd_c,MISS,12,1790910024422,L,EXT,6,1.12491,1.12494,-107002,-8,
eurusd_c,MISS,12,1790911803698,L,ENT,6,1.12383,1.12384,,,
eurusd_c,EXTRA,13,1790924510023,L,EXT,5,1.12543,1.12543,1827579,8,
eurusd_c,EXTRA,13,1790934571695,L,EXT,4,1.12603,1.12603,397341,8,
eurusd_c,EXTRA,13,1790936112838,L,EXT,3,1.12663,1.12663,3164606,8,
eurusd_c,EXTRA,13,1790937855395,L,ENT,3,1.12563,1.12563,2061266,0,
eurusd_c,EXTRA,13,1790939276790,L,EXT,3,1.12663,1.12663,654,8,
eurusd_c,MISS,13,1790939277444,L,EXT,3,1.12671,1.12671,-654,-8,
eurusd_c,MISS,13,1790946662575,L,ENT,5,1.12444,1.12444,8552469,0,
eurusd_c,MISS,13,1790946933213,L,ENT,6,1.12384,1.12384,,,
eurusd_c,EXTRA,13,1790952262341,L,EXT,7,1.12425,1.12425,-344,-3,
eurusd_c,EXTRA,13,1790955003869,S,ENT,2,1.12579,1.12579,68082,-100,
eurusd_c,EXTRA,13,1790955003869,L,EXT,7,1.12579,1.12579,16114,-157,
eurusd_c,EXTRA,13,1790955010685,S,EXT,2,1.12479,1.12479,759752,-94,
eurusd_c,EXTRA,13,1790955014097,L,EXT,3,1.12453,1.12453,-2948,-91,
eurusd_c,MISS,13,1790955019983,L,EXT,7,1.12422,1.12448,-16114,157,
eurusd_c,EXTRA,13,1790955083326,L,EXT,5,1.12546,1.12546,-938,-2,
eurusd_c,EXTRA,13,1790955215445,S,EXT,3,1.12439,1.12439,-339,5,
eurusd_c,MISS,13,1790955774661,L,ENT,6,1.12383,1.12383,,,
eurusd_c,EXTRA,13,1790956166528,L,EXT,6,1.12494,1.12494,-535,-11,
eurusd_c,EXTRA,13,1790960276425,L,EXT,2,1.12723,1.12723,5285,8,
eurusd_c,EXTRA,13,1790960283041,L,EXT,2,1.12736,1.12736,-1331,-5,
eurusd_c,MISS,14,1791169937615,S,EXT,4,1.12505,1.12505,22834491,-682,
eurusd_c,EXTRA,14,1791180380455,S,EXT,1,1.11704,1.11704,-275,5,
eurusd_c,EXTRA,14,1791192866176,S,EXT,3,1.11761,1.11761,-2362,2,
eurusd_c,MISS,14,1791204284514,S,EXT,0,1.12078,1.12078,-20362830,-465,
eurusd_c,EXTRA,16,1791253040465,L,EXT,1,1.12196,1.12196,429443,10,
eurusd_c,EXTRA,16,1791253045886,L,EXT,1,1.12195,1.12195,424022,11,
eurusd_c,EXTRA,16,1791253073060,L,EXT,2,1.12196,1.12196,817170,11,
eurusd_c,EXTRA,16,1791253073060,L,EXT,6,1.12196,1.12196,24204,3,
eurusd_c,EXTRA,16,1791253097010,L,EXT,1,1.12199,1.12199,372898,7,
eurusd_c,EXTRA,16,1791253097010,L,EXT,5,1.12199,1.12199,14313,2,
eurusd_c,EXTRA,16,1791253111068,L,EXT,1,1.12201,1.12201,358840,5,
eurusd_c,EXTRA,16,1791253111068,L,EXT,4,1.12201,1.12201,321846,1,
eurusd_c,EXTRA,16,1791253432659,L,EXT,1,1.12202,1.12202,37249,4,
eurusd_c,EXTRA,16,1791253505547,L,EXT,2,1.12206,1.12206,384683,1,
eurusd_c,MISS,16,1791253890230,L,EXT,2,1.12207,1.12207,-384683,-1,
eurusd_c,MISS,16,1791256016782,L,ENT,0,1.12139,1.12139,6310992,82,
eurusd_c,MISS,16,1791262495809,S,EXT,2,1.12194,1.12189,,,
eurusd_c,MISS,16,1791264898504,S,EXT,1,1.12134,1.12135,,,
eurusd_c,EXTRA,17,1791277597854,S,EXT,8,1.12067,1.12067,-539,7,
eurusd_c,MISS,17,1791284821526,S,EXT,4,1.12329,1.12328,,,
eurusd_c,EXTRA,17,1791291111619,L,EXT,1,1.12474,1.12474,323,0,
eurusd_c,MISS,17,1791300556563,S,EXT,9,1.12628,1.12628,-23936918,-496,
eurusd_c,MISS,19,1791357550554,S,EXT,12,1.12332,1.12332,,,
eurusd_c,EXTRA,19,1791363708877,S,EXT,11,1.12268,1.12268,76,4,
eurusd_c,MISS,19,1791363708953,S,EXT,11,1.12272,1.12267,-76,-4,
eurusd_c,MISS,19,1791368126102,S,EXT,10,1.12212,1.12213,,,
eurusd_c,EXTRA,19,1791370628732,S,EXT,0,1.11817,1.11817,-338,2,
eurusd_c,EXTRA,19,1791370641784,S,ENT,0,1.11838,1.11838,8903,16,
eurusd_c,MISS,19,1791370650687,S,ENT,0,1.11854,1.11858,-8903,-16,
eurusd_c,EXTRA,19,1791383767701,S,EXT,1,1.11816,1.11816,-939,4,
eurusd_c,MISS,19,1791473089962,S,ENT,4,1.11923,1.11923,2594481,0,
eurusd_c,EXTRA,19,1791487048640,S,ENT,5,1.11983,1.11983,6647,24,
eurusd_c,EXTRA,19,1791487053055,L,EXT,6,1.12004,1.12004,-208,-18,
eurusd_c,EXTRA,19,1791487053855,S,ENT,5,1.12011,1.12011,1432,-4,
eurusd_c,MISS,19,1791487055287,S,ENT,5,1.12007,1.12016,-1432,4,
eurusd_d,MISS,21,1790847581629,L,ENT,0,1.13172,1.13171,,,
eurusd_d,EXTRA,21,1790850225580,S,EXT,0,1.13053,1.13053,-538,11,
eurusd_d,MISS,21,1790879813273,S,ENT,0,1.12388,1.12388,1241761,-87,
eurusd_d,EXTRA,21,1790879953952,S,ENT,1,1.12458,1.12458,6351401,-162,
eurusd_d,EXTRA,21,1790880280003,S,EXT,1,1.12368,1.12368,-3686140,408,
eurusd_d,EXTRA,21,1790880593134,L,ENT,8,1.12322,1.12322,2624002,0,
eurusd_d,EXTRA,21,1790880606591,L,ENT,8,1.12301,1.12301,2610545,21,
eurusd_d,EXTRA,21,1790881055034,S,ENT,0,1.12301,1.12301,-1241761,87,
eurusd_d,EXTRA,21,1790881146303,L,EXT,5,1.12321,1.12321,5460077,21,
eurusd_d,EXTRA,21,1790881643217,S,ENT,1,1.12371,1.12371,4662136,-75,
eurusd_d,EXTRA,21,1790882157006,L,EXT,8,1.12391,1.12391,11567786,21,
eurusd_d,EXTRA,21,1790882790472,S,ENT,2,1.12441,1.12441,3817238,-78,
eurusd_d,MISS,21,1790882791329,S,ENT,0,1.12451,1.12451,-1736295,-150,
eurusd_d,MISS,21,1790886041413,S,ENT,0,1.12224,1.12226,-4986379,77,
eurusd_d,EXTRA,22,1790909917420,L,EXT,3,1.12482,1.12482,107003,8,
eurusd_d,MISS,22,1790910024423,L,EXT,3,1.12490,1.12494,-107003,-8,
eurusd_d,MISS,22,1790913555461,S,EXT,3,1.12345,1.12345,,,
eurusd_d,MISS,22,1790915684592,L,ENT,9,1.12322,1.12323,,,
eurusd_d,MISS,22,1790919377082,S,ENT,3,1.12434,1.12434,,,
eurusd_d,EXTRA,23,1790926337312,L,EXT,2,1.12552,1.12552,5572696,8,
eurusd_d,EXTRA,23,1790931231497,L,ENT,8,1.12462,1.12462,9437905,70,
eurusd_d,EXTRA,23,1790931881220,L,EXT,8,1.12552,1.12552,-9947850,-70,
eurusd_d,MISS,23,1790931910008,L,EXT,2,1.12560,1.12559,-5572696,-8,
eurusd_d,EXTRA,23,1790936020890,L,EXT,1,1.12622,1.12622,14353,8,
eurusd_d,MISS,23,1790936035243,L,EXT,1,1.12630,1.12631,-14353,-8,
eurusd_d,EXTRA,23,1790939278967,L,EXT,0,1.12692,1.12692,20985076,8,
eurusd_d,EXTRA,23,1790939731746,L,ENT,8,1.12602,1.12602,937656,-70,
eurusd_d,MISS,23,1790949893875,S,EXT,2,1.12275,1.12277,3658224,-1,
eurusd_d,EXTRA,23,1790955003869,S,ENT,3,1.12579,1.12579,79718,-26,
eurusd_d,EXTRA,23,1790955003869,L,EXT,10,1.12579,1.12579,26190,-101,
eurusd_d,EXTRA,23,1790955016902,S,ENT,2,1.12412,1.12412,-6935,-49,
eurusd_d,EXTRA,23,1790955023122,S,ENT,2,1.12438,1.12438,4165,14,
eurusd_d,EXTRA,23,1790955026335,L,EXT,10,1.12478,1.12478,3724,0,
eurusd_d,MISS,23,1790955027287,S,ENT,2,1.12452,1.12483,-4165,-14,
eurusd_d,EXTRA,23,1790955028141,L,EXT,10,1.12480,1.12480,1918,-2,
eurusd_d,MISS,23,1790957242332,L,ENT,8,1.12532,1.12533,-16573194,0,
eurusd_d,EXTRA,23,1790957350297,S,EXT,5,1.12510,1.12510,-343,2,
eurusd_d,EXTRA,23,1790959498782,L,EXT,9,1.12559,1.12559,-722,-6,
eurusd_d,EXTRA,23,1790960262387,L,EXT,0,1.12692,1.12692,1656,8,
eurusd_d,MISS,23,1790960264043,L,EXT,0,1.12700,1.12711,-1656,-8,
eurusd_d,EXTRA,23,1790960562659,L,EXT,7,1.12762,1.12762,64317,8,
eurusd_d,MISS,23,1790960626976,L,EXT,7,1.12770,1.12772,-64317,-8,
eurusd_d,MISS,23,1790961082868,L,ENT,0,1.12782,1.12780,,,
eurusd_d,MISS,24,1790963544107,S,EXT,0,1.12732,1.12733,216139089,-872,
eurusd_d,EXTRA,24,1790965462566,S,EXT,6,1.12586,1.12586,-1740,2,
eurusd_d,EXTRA,24,1790979881398,L,EXT,4,1.12591,1.12591,-1150,-3,
eurusd_d,MISS,24,1791180137860,L,EXT,7,1.11817,1.11817,13234259,-6,
eurusd_d,MISS,24,1791180681715,L,EXT,7,1.11748,1.11749,12690404,63,
eurusd_d,MISS,24,1791186061157,L,EXT,7,1.11743,1.11743,7310962,68,
eurusd_d,EXTRA,24,1791210606804,L,EXT,2,1.12171,1.12171,-327,-4,
eurusd_d,MISS,24,1791214187687,L,EXT,3,1.12095,1.12095,-3675828,2,
eurusd_d,MISS,24,1791244201499,L,EXT,1,1.12237,1.12242,,,
eurusd_d,EXTRA,26,1791261128260,L,EXT,0,1.12307,1.12307,,,
eurusd_d,EXTRA,26,1791262214238,L,ENT,0,1.12237,1.12237,,,
eurusd_d,MISS,26,1791262509490,S,EXT,0,1.12175,1.12176,,,
eurusd_d,EXTRA,27,1791281717195,L,EXT,2,1.12181,1.12181,-941,-2,
eurusd_d,EXTRA,27,1791283999235,L,EXT,0,1.12327,1.12327,2714,16,
eurusd_d,MISS,27,1791284001949,L,EXT,0,1.12343,1.12350,706,10,
eurusd_d,EXTRA,27,1791284002655,L,EXT,0,1.12353,1.12353,-706,-10,
eurusd_d,MISS,27,1791284872167,S,EXT,2,1.12299,1.12299,,,
eurusd_d,MISS,27,1791297909406,L,ENT,0,1.12672,1.12672,-1292051,-95,
eurusd_d,MISS,27,1791300473144,S,EXT,7,1.12649,1.12649,-22945510,-565,
eurusd_d,MISS,27,1791304715189,S,EXT,5,1.12510,1.12510,,,
eurusd_d,MISS,29,1791349411661,S,EXT,3,1.12374,1.12374,132,-5,
eurusd_d,EXTRA,29,1791349411793,S,EXT,3,1.12369,1.12369,-132,5,
eurusd_d,MISS,29,1791358037238,S,EXT,9,1.12303,1.12303,,,
eurusd_d,MISS,29,1791364740441,S,EXT,1,1.12233,1.12233,19278815,-448,
eurusd_d,EXTRA,29,1791368229788,S,EXT,8,1.12158,1.12158,93,4,
eurusd_d,MISS,29,1791368229881,S,EXT,8,1.12162,1.12158,-93,-4,
eurusd_d,MISS,29,1791388904003,L,EXT,6,1.11798,1.11798,,,
eurusd_d,EXTRA,29,1791440083842,S,EXT,6,1.11983,1.11983,-3363,3,
eurusd_d,EXTRA,29,1791487054860,S,ENT,5,1.12017,1.12017,2822,0,
eurusd_d,EXTRA,29,1791489728860,L,EXT,11,1.12006,1.12006,-337,-1,
