seg_id,sync_idx,time_ms,stage,action,ticket,type,side,layer,role,price,old_price
1,-1,1790837932001,SEED,PLACE,1975959125,SELL_LIMIT,L,0,EXT,1.13778,0.00000
1,-1,1790837932001,SEED,PLACE,1977728136,SELL_LIMIT,L,6,EXT,1.13349,0.00000
1,-1,1790837932001,SEED,PLACE,1977728160,BUY_LIMIT,L,7,ENT,1.13179,0.00000
1,-1,1790837932001,SEED,PLACE,1977312355,BUY_LIMIT,S,0,EXT,1.13207,0.00000
1,-1,1790837932001,SEED,PLACE,1977312358,SELL_LIMIT,S,1,ENT,1.13376,0.00000
1,-1,1790839277477,DEAL,FILL,1977312355,BUY_LIMIT,S,0,EXT,1.13207,0.00000
1,-1,1790839279837,ENGINE,PLACE,9000,SELL_LIMIT,S,0,ENT,1.13276,0.00000
1,-1,1790839280374,ENGINE,REMOVE,1977312358,SELL_LIMIT,S,1,ENT,1.13376,0.00000
1,-1,1790841684319,DEAL,PLACE,9001,SELL_LIMIT,L,7,EXT,1.13274,0.00000
1,-1,1790841684856,DEAL,REMOVE,1977728136,SELL_LIMIT,L,6,EXT,1.13349,0.00000
1,-1,1790841684899,DEAL,FILL,1977728160,BUY_LIMIT,L,7,ENT,1.13179,0.00000
1,-1,1790847623386,ENGINE,MODIFY,9000,SELL_LIMIT,S,0,ENT,1.13206,1.13276
1,-1,1790847652134,LATTICE,MODIFY,1975959125,SELL_LIMIT,L,0,EXT,1.13212,1.13778
1,-1,1790847652672,LATTICE,PLACE,9002,SELL_LIMIT,L,1,EXT,1.13708,0.00000
1,-1,1790847653209,LATTICE,REMOVE,9001,SELL_LIMIT,L,7,EXT,1.13274,0.00000
1,-1,1790850220964,ENGINE,MODIFY,9000,SELL_LIMIT,S,0,ENT,1.13136,1.13206
1,-1,1790850665949,LATTICE,MODIFY,9002,SELL_LIMIT,L,1,EXT,1.13142,1.13708
1,-1,1790850666487,LATTICE,PLACE,9003,SELL_LIMIT,L,2,EXT,1.13638,0.00000
1,-1,1790850667024,LATTICE,REMOVE,1975959125,SELL_LIMIT,L,0,EXT,1.13212,0.00000
1,-1,1790850678396,ENGINE,MODIFY,9000,SELL_LIMIT,S,0,ENT,1.13064,1.13136
1,-1,1790850771328,DEAL,PLACE,9004,BUY_LIMIT,S,0,EXT,1.12964,0.00000
1,-1,1790850771865,DEAL,PLACE,9005,SELL_LIMIT,S,1,ENT,1.13134,0.00000
1,-1,1790850772402,DEAL,FILL,9000,SELL_LIMIT,S,0,ENT,1.13064,0.00000
1,-1,1790853131208,LATTICE,MODIFY,9003,SELL_LIMIT,L,2,EXT,1.13072,1.13638
1,-1,1790853131746,LATTICE,PLACE,9006,SELL_LIMIT,L,3,EXT,1.13568,0.00000
1,-1,1790853132283,LATTICE,REMOVE,9002,SELL_LIMIT,L,1,EXT,1.13142,0.00000
1,-1,1790853132326,DEAL,FILL,9004,BUY_LIMIT,S,0,EXT,1.12964,0.00000
1,-1,1790853132819,ENGINE,PLACE,9007,SELL_LIMIT,S,0,ENT,1.13025,0.00000
1,-1,1790853133356,ENGINE,REMOVE,9005,SELL_LIMIT,S,1,ENT,1.13134,0.00000
1,-1,1790853977775,DEAL,PLACE,9008,BUY_LIMIT,S,0,EXT,1.12925,0.00000
1,-1,1790853978312,DEAL,PLACE,9009,SELL_LIMIT,S,1,ENT,1.13095,0.00000
1,-1,1790853978849,DEAL,FILL,9007,SELL_LIMIT,S,0,ENT,1.13025,0.00000
1,-1,1790854742124,DEAL,FILL,9008,BUY_LIMIT,S,0,EXT,1.12925,0.00000
1,-1,1790854742870,ENGINE,PLACE,9010,SELL_LIMIT,S,0,ENT,1.12992,0.00000
1,-1,1790854743407,ENGINE,REMOVE,9009,SELL_LIMIT,S,1,ENT,1.13095,0.00000
1,-1,1790854775420,LATTICE,MODIFY,9006,SELL_LIMIT,L,3,EXT,1.13002,1.13568
1,-1,1790854775958,LATTICE,PLACE,9011,SELL_LIMIT,L,4,EXT,1.13497,0.00000
1,-1,1790854776495,LATTICE,REMOVE,9003,SELL_LIMIT,L,2,EXT,1.13072,0.00000
1,-1,1790857053224,DEAL,PLACE,9012,BUY_LIMIT,S,0,EXT,1.12892,0.00000
1,-1,1790857053761,DEAL,PLACE,9013,SELL_LIMIT,S,1,ENT,1.13062,0.00000
1,-1,1790857054298,DEAL,FILL,9010,SELL_LIMIT,S,0,ENT,1.12992,0.00000
1,-1,1790857300920,DEAL,FILL,9006,SELL_LIMIT,L,3,EXT,1.13002,0.00000
1,-1,1790857301552,CB_DONE,PLACE,9014,SELL_LIMIT,L,2,EXT,1.13072,0.00000
1,-1,1790857302089,ENGINE,PLACE,9015,BUY_LIMIT,L,8,ENT,1.12894,0.00000
1,-1,1790858429466,DEAL,PLACE,9016,SELL_LIMIT,L,8,EXT,1.12993,0.00000
1,-1,1790858430003,DEAL,REMOVE,9014,SELL_LIMIT,L,2,EXT,1.13072,0.00000
1,-1,1790858430046,DEAL,FILL,9015,BUY_LIMIT,L,8,ENT,1.12894,0.00000
1,-1,1790858430046,DEAL,FILL,9012,BUY_LIMIT,S,0,EXT,1.12892,0.00000
1,-1,1790858431422,ENGINE,PLACE,9017,SELL_LIMIT,S,0,ENT,1.12962,0.00000
1,-1,1790858431959,ENGINE,REMOVE,9013,SELL_LIMIT,S,1,ENT,1.13062,0.00000
1,-1,1790859258973,LATTICE,MODIFY,9011,SELL_LIMIT,L,4,EXT,1.12931,1.13497
1,-1,1790859259511,LATTICE,PLACE,9018,SELL_LIMIT,L,5,EXT,1.13427,0.00000
1,-1,1790859260048,LATTICE,REMOVE,9016,SELL_LIMIT,L,8,EXT,1.12993,0.00000
1,-1,1790859260985,ENGINE,MODIFY,9017,SELL_LIMIT,S,0,ENT,1.12891,1.12962
1,-1,1790859450886,LATTICE,MODIFY,9018,SELL_LIMIT,L,5,EXT,1.12861,1.13427
1,-1,1790859451424,LATTICE,PLACE,9019,SELL_LIMIT,L,6,EXT,1.13349,0.00000
1,-1,1790859451961,LATTICE,REMOVE,9011,SELL_LIMIT,L,4,EXT,1.12931,0.00000
1,-1,1790859452004,ENGINE,MODIFY,9017,SELL_LIMIT,S,0,ENT,1.12815,1.12891
1,-1,1790859610146,LATTICE,MODIFY,9019,SELL_LIMIT,L,6,EXT,1.12783,1.13349
1,-1,1790859610684,LATTICE,PLACE,9020,SELL_LIMIT,L,7,EXT,1.13274,0.00000
1,-1,1790859611221,LATTICE,REMOVE,9018,SELL_LIMIT,L,5,EXT,1.12861,0.00000
1,-1,1790859611264,ENGINE,MODIFY,9017,SELL_LIMIT,S,0,ENT,1.12741,1.12815
1,-1,1790860062122,DEAL,PLACE,9021,BUY_LIMIT,S,0,EXT,1.12643,0.00000
1,-1,1790860062659,DEAL,PLACE,9022,SELL_LIMIT,S,1,ENT,1.12813,0.00000
1,-1,1790860063196,DEAL,FILL,9017,SELL_LIMIT,S,0,ENT,1.12741,0.00000
1,-1,1790860504824,DEAL,FILL,9019,SELL_LIMIT,L,6,EXT,1.12783,0.00000
1,-1,1790860505458,CB_DONE,PLACE,9023,SELL_LIMIT,L,5,EXT,1.12861,0.00000
1,-1,1790860506773,ENGINE,PLACE,9024,BUY_LIMIT,L,9,ENT,1.12683,0.00000
1,-1,1790860724351,DEAL,PLACE,9025,BUY_LIMIT,S,1,EXT,1.12714,0.00000
1,-1,1790860724888,DEAL,PLACE,9026,SELL_LIMIT,S,2,ENT,1.12884,0.00000
1,-1,1790860725425,DEAL,FILL,9022,SELL_LIMIT,S,1,ENT,1.12813,0.00000
1,-1,1790861224918,DEAL,FILL,9023,SELL_LIMIT,L,5,EXT,1.12861,0.00000
1,-1,1790861225555,CB_DONE,PLACE,9027,SELL_LIMIT,L,4,EXT,1.12931,0.00000
1,-1,1790861226092,ENGINE,MODIFY,9024,BUY_LIMIT,L,9,ENT,1.12753,1.12683
1,-1,1790861365412,DEAL,PLACE,9028,BUY_LIMIT,S,2,EXT,1.12785,0.00000
1,-1,1790861365949,DEAL,PLACE,9029,SELL_LIMIT,S,3,ENT,1.12955,0.00000
1,-1,1790861366486,DEAL,REMOVE,9025,BUY_LIMIT,S,1,EXT,1.12714,0.00000
1,-1,1790861366529,DEAL,FILL,9026,SELL_LIMIT,S,2,ENT,1.12884,0.00000
1,-1,1790861698981,DEAL,FILL,9027,SELL_LIMIT,L,4,EXT,1.12931,0.00000
1,-1,1790861699418,CB_DONE,PLACE,9030,SELL_LIMIT,L,8,EXT,1.12993,0.00000
1,-1,1790861699955,ENGINE,MODIFY,9024,BUY_LIMIT,L,9,ENT,1.12823,1.12753
1,-1,1790862729244,DEAL,PLACE,9031,BUY_LIMIT,S,3,EXT,1.12857,0.00000
1,-1,1790862729781,DEAL,PLACE,9032,SELL_LIMIT,S,4,ENT,1.13027,0.00000
1,-1,1790862730318,DEAL,REMOVE,9028,BUY_LIMIT,S,2,EXT,1.12785,0.00000
1,-1,1790862730361,DEAL,FILL,9029,SELL_LIMIT,S,3,ENT,1.12955,0.00000
1,-1,1790864165493,DEAL,FILL,9031,BUY_LIMIT,S,3,EXT,1.12857,0.00000
1,-1,1790864166929,CB_DONE,PLACE,9033,BUY_LIMIT,S,2,EXT,1.12785,0.00000
1,-1,1790864167466,ENGINE,REMOVE,9032,SELL_LIMIT,S,4,ENT,1.13027,0.00000
1,-1,1790864167651,ENGINE,PLACE,9034,SELL_LIMIT,S,3,ENT,1.12955,0.00000
1,-1,1790864730641,DEAL,PLACE,9035,SELL_LIMIT,L,9,EXT,1.12921,0.00000
1,-1,1790864731178,DEAL,PLACE,9036,BUY_LIMIT,L,10,ENT,1.12751,0.00000
1,-1,1790864731715,DEAL,FILL,9024,BUY_LIMIT,L,9,ENT,1.12823,0.00000
1,-1,1790864731715,DEAL,REMOVE,9030,SELL_LIMIT,L,8,EXT,1.12993,0.00000
1,-1,1790865550516,DEAL,FILL,9035,SELL_LIMIT,L,9,EXT,1.12921,0.00000
1,-1,1790865551555,CB_DONE,PLACE,9037,SELL_LIMIT,L,8,EXT,1.12993,0.00000
1,-1,1790865552092,ENGINE,REMOVE,9036,BUY_LIMIT,L,10,ENT,1.12751,0.00000
1,-1,1790865553284,ENGINE,PLACE,9038,BUY_LIMIT,L,9,ENT,1.12823,0.00000
1,-1,1790865681996,DEAL,PLACE,9039,BUY_LIMIT,S,3,EXT,1.12855,0.00000
1,-1,1790865682533,DEAL,PLACE,9040,SELL_LIMIT,S,4,ENT,1.13025,0.00000
1,-1,1790865683070,DEAL,REMOVE,9033,BUY_LIMIT,S,2,EXT,1.12785,0.00000
1,-1,1790865683113,DEAL,FILL,9034,SELL_LIMIT,S,3,ENT,1.12955,0.00000
1,-1,1790865992515,DEAL,FILL,9037,SELL_LIMIT,L,8,EXT,1.12993,0.00000
1,-1,1790865992949,CB_DONE,PLACE,9041,SELL_LIMIT,L,2,EXT,1.13072,0.00000
1,-1,1790865993863,ENGINE,REMOVE,9038,BUY_LIMIT,L,9,ENT,1.12823,0.00000
1,-1,1790865994261,ENGINE,PLACE,9042,BUY_LIMIT,L,8,ENT,1.12894,0.00000
1,-1,1790866170431,DEAL,PLACE,9043,BUY_LIMIT,S,4,EXT,1.12925,0.00000
1,-1,1790866170968,DEAL,PLACE,9044,SELL_LIMIT,S,5,ENT,1.13095,0.00000
1,-1,1790866171505,DEAL,REMOVE,9039,BUY_LIMIT,S,3,EXT,1.12855,0.00000
1,-1,1790866171548,DEAL,FILL,9040,SELL_LIMIT,S,4,ENT,1.13025,0.00000
1,-1,1790866497376,DEAL,FILL,9041,SELL_LIMIT,L,2,EXT,1.13072,0.00000
1,-1,1790866497811,CB_DONE,PLACE,9045,SELL_LIMIT,L,1,EXT,1.13142,0.00000
1,-1,1790866498348,ENGINE,MODIFY,9042,BUY_LIMIT,L,8,ENT,1.12964,1.12894
1,-1,1790866506009,DEAL,PLACE,9046,BUY_LIMIT,S,5,EXT,1.12995,0.00000
1,-1,1790866506546,DEAL,PLACE,9047,SELL_LIMIT,S,6,ENT,1.13165,0.00000
1,-1,1790866507083,DEAL,REMOVE,9043,BUY_LIMIT,S,4,EXT,1.12925,0.00000
1,-1,1790866507126,DEAL,FILL,9044,SELL_LIMIT,S,5,ENT,1.13095,0.00000
1,-1,1790867382360,DEAL,FILL,9046,BUY_LIMIT,S,5,EXT,1.12995,0.00000
1,-1,1790867383405,CB_DONE,PLACE,9048,BUY_LIMIT,S,4,EXT,1.12925,0.00000
1,-1,1790867385315,ENGINE,REMOVE,9047,SELL_LIMIT,S,6,ENT,1.13165,0.00000
1,-1,1790867385515,ENGINE,PLACE,9049,SELL_LIMIT,S,5,ENT,1.13095,0.00000
1,-1,1790867801578,DEAL,PLACE,9050,SELL_LIMIT,L,8,EXT,1.13061,0.00000
1,-1,1790867802115,DEAL,PLACE,9051,BUY_LIMIT,L,9,ENT,1.12891,0.00000
1,-1,1790867802652,DEAL,FILL,9042,BUY_LIMIT,L,8,ENT,1.12964,0.00000
1,-1,1790867802652,DEAL,REMOVE,9045,SELL_LIMIT,L,1,EXT,1.13142,0.00000
1,-1,1790868364695,DEAL,FILL,9048,BUY_LIMIT,S,4,EXT,1.12925,0.00000
1,-1,1790868365132,CB_DONE,PLACE,9052,BUY_LIMIT,S,3,EXT,1.12855,0.00000
1,-1,1790868365669,ENGINE,REMOVE,9049,SELL_LIMIT,S,5,ENT,1.13095,0.00000
1,-1,1790868366040,ENGINE,PLACE,9053,SELL_LIMIT,S,4,ENT,1.13025,0.00000
1,-1,1790869671175,DEAL,PLACE,9054,SELL_LIMIT,L,9,EXT,1.12992,0.00000
1,-1,1790869671712,DEAL,PLACE,9055,BUY_LIMIT,L,10,ENT,1.12822,0.00000
1,-1,1790869672249,DEAL,REMOVE,9050,SELL_LIMIT,L,8,EXT,1.13061,0.00000
1,-1,1790869672292,DEAL,FILL,9051,BUY_LIMIT,L,9,ENT,1.12891,0.00000
1,-1,1790870219389,DEAL,FILL,9052,BUY_LIMIT,S,3,EXT,1.12855,0.00000
1,-1,1790870220227,CB_DONE,PLACE,9056,BUY_LIMIT,S,2,EXT,1.12785,0.00000
1,-1,1790870220764,ENGINE,REMOVE,9053,SELL_LIMIT,S,4,ENT,1.13025,0.00000
1,-1,1790870221534,ENGINE,PLACE,9057,SELL_LIMIT,S,3,ENT,1.12955,0.00000
1,-1,1790872854612,DEAL,PLACE,9058,SELL_LIMIT,L,10,EXT,1.12922,0.00000
1,-1,1790872855149,DEAL,PLACE,9059,BUY_LIMIT,L,11,ENT,1.12752,0.00000
1,-1,1790872855686,DEAL,REMOVE,9054,SELL_LIMIT,L,9,EXT,1.12992,0.00000
1,-1,1790872855729,DEAL,FILL,9055,BUY_LIMIT,L,10,ENT,1.12822,0.00000
1,-1,1790873251935,DEAL,FILL,9058,SELL_LIMIT,L,10,EXT,1.12922,0.00000
1,-1,1790873252970,CB_DONE,PLACE,9060,SELL_LIMIT,L,9,EXT,1.12992,0.00000
1,-1,1790873253884,ENGINE,REMOVE,9059,BUY_LIMIT,L,11,ENT,1.12752,0.00000
1,-1,1790873254087,ENGINE,PLACE,9061,BUY_LIMIT,L,10,ENT,1.12822,0.00000
1,-1,1790873697647,DEAL,PLACE,9062,BUY_LIMIT,S,3,EXT,1.12856,0.00000
1,-1,1790873698184,DEAL,PLACE,9063,SELL_LIMIT,S,4,ENT,1.13026,0.00000
1,-1,1790873698721,DEAL,REMOVE,9056,BUY_LIMIT,S,2,EXT,1.12785,0.00000
1,-1,1790873698764,DEAL,FILL,9057,SELL_LIMIT,S,3,ENT,1.12955,0.00000
1,-1,1790874324583,DEAL,FILL,9062,BUY_LIMIT,S,3,EXT,1.12856,0.00000
1,-1,1790874325620,CB_DONE,PLACE,9064,BUY_LIMIT,S,2,EXT,1.12785,0.00000
1,-1,1790874326157,ENGINE,REMOVE,9063,SELL_LIMIT,S,4,ENT,1.13026,0.00000
1,-1,1790874326729,ENGINE,PLACE,9065,SELL_LIMIT,S,3,ENT,1.12955,0.00000
1,-1,1790875895582,DEAL,PLACE,9066,SELL_LIMIT,L,10,EXT,1.12915,0.00000
1,-1,1790875896119,DEAL,PLACE,9067,BUY_LIMIT,L,11,ENT,1.12745,0.00000
1,-1,1790875896656,DEAL,REMOVE,9060,SELL_LIMIT,L,9,EXT,1.12992,0.00000
1,-1,1790875896699,DEAL,FILL,9061,BUY_LIMIT,L,10,ENT,1.12822,0.00000
1,-1,1790876591850,DEAL,FILL,9064,BUY_LIMIT,S,2,EXT,1.12785,0.00000
1,-1,1790876592489,CB_DONE,PLACE,9068,BUY_LIMIT,S,1,EXT,1.12714,0.00000
1,-1,1790876593026,ENGINE,REMOVE,9065,SELL_LIMIT,S,3,ENT,1.12955,0.00000
1,-1,1790876593197,ENGINE,PLACE,9069,SELL_LIMIT,S,2,ENT,1.12884,0.00000
1,-1,1790876625426,DEAL,PLACE,9070,SELL_LIMIT,L,11,EXT,1.12842,0.00000
1,-1,1790876625963,DEAL,PLACE,9071,BUY_LIMIT,L,12,ENT,1.12672,0.00000
1,-1,1790876626500,DEAL,REMOVE,9066,SELL_LIMIT,L,10,EXT,1.12915,0.00000
1,-1,1790876626543,DEAL,FILL,9067,BUY_LIMIT,L,11,ENT,1.12745,0.00000
1,-1,1790876643115,DEAL,FILL,9068,BUY_LIMIT,S,1,EXT,1.12714,0.00000
1,-1,1790876643664,ENGINE,REMOVE,9069,SELL_LIMIT,S,2,ENT,1.12884,0.00000
1,-1,1790876643866,ENGINE,PLACE,9072,SELL_LIMIT,S,1,ENT,1.12813,0.00000
1,-1,1790876816347,DEAL,PLACE,9073,SELL_LIMIT,L,12,EXT,1.12772,0.00000
1,-1,1790876816884,DEAL,REMOVE,9070,SELL_LIMIT,L,11,EXT,1.12842,0.00000
1,-1,1790876816927,DEAL,FILL,9071,BUY_LIMIT,L,12,ENT,1.12672,0.00000
1,-1,1790877064770,DEAL,FILL,9021,BUY_LIMIT,S,0,EXT,1.12643,0.00000
1,-1,1790877066126,ENGINE,PLACE,9074,SELL_LIMIT,S,0,ENT,1.12715,0.00000
1,-1,1790877066663,ENGINE,REMOVE,9072,SELL_LIMIT,S,1,ENT,1.12813,0.00000
1,-1,1790877913638,LATTICE,MODIFY,9020,SELL_LIMIT,L,7,EXT,1.12702,1.13274
1,-1,1790877914176,LATTICE,PLACE,9075,SELL_LIMIT,L,0,EXT,1.13212,0.00000
1,-1,1790877914713,LATTICE,REMOVE,9073,SELL_LIMIT,L,12,EXT,1.12772,0.00000
1,-1,1790877928111,ENGINE,MODIFY,9074,SELL_LIMIT,S,0,ENT,1.12644,1.12715
1,-1,1790877964489,LATTICE,PLACE,9076,SELL_LIMIT,L,8,EXT,1.12632,0.00000
1,-1,1790877965026,LATTICE,REMOVE,9020,SELL_LIMIT,L,7,EXT,1.12702,0.00000
1,-1,1790879405342,ENGINE,MODIFY,9074,SELL_LIMIT,S,0,ENT,1.12571,1.12644
1,-1,1790879435254,LATTICE,PLACE,9077,SELL_LIMIT,L,9,EXT,1.12562,0.00000
1,-1,1790879435791,LATTICE,REMOVE,9076,SELL_LIMIT,L,8,EXT,1.12632,0.00000
1,-1,1790879436257,LATTICE,PLACE,9078,SELL_LIMIT,L,10,EXT,1.12492,0.00000
1,-1,1790879436794,LATTICE,REMOVE,9077,SELL_LIMIT,L,9,EXT,1.12562,0.00000
1,-1,1790879436837,ENGINE,MODIFY,9074,SELL_LIMIT,S,0,ENT,1.12462,1.12571
1,-1,1790879661027,LATTICE,PLACE,9079,SELL_LIMIT,L,11,EXT,1.12422,0.00000
1,-1,1790879661564,LATTICE,REMOVE,9078,SELL_LIMIT,L,10,EXT,1.12492,0.00000
1,-1,1790879661607,ENGINE,MODIFY,9074,SELL_LIMIT,S,0,ENT,1.12389,1.12462
1,-1,1790879816092,DEAL,PLACE,9080,BUY_LIMIT,S,0,EXT,1.12293,0.00000
1,-1,1790879816629,DEAL,FILL,9074,SELL_LIMIT,S,0,ENT,1.12389,0.00000
1,-1,1790879856094,DEAL,FILL,9079,SELL_LIMIT,L,11,EXT,1.12422,0.00000
1,-1,1790879856530,CB_DONE,PLACE,9081,SELL_LIMIT,L,10,EXT,1.12492,0.00000
1,-1,1790880685428,DEAL,FILL,9080,BUY_LIMIT,S,0,EXT,1.12293,0.00000
1,-1,1790898652001,TIMER,MODIFY,9075,SELL_LIMIT,L,0,EXT,1.13237,1.13212
1,-1,1790898772001,TIMER,MODIFY,9081,SELL_LIMIT,L,10,EXT,1.12500,1.12492
2,-1,1790900826000,SEED,PLACE,1979967856,SELL_LIMIT,L,0,EXT,1.13237,0.00000
2,-1,1790900826000,SEED,PLACE,1980106039,SELL_LIMIT,L,10,EXT,1.12500,0.00000
2,-1,1790900843955,ENGINE,PLACE,9000,SELL_LIMIT,S,0,ENT,1.12536,0.00000
2,-1,1790900862116,ENGINE,PLACE,9001,BUY_LIMIT,L,13,ENT,1.12322,0.00000
2,-1,1790902256543,ENGINE,MODIFY,9000,SELL_LIMIT,S,0,ENT,1.12459,1.12536
2,-1,1790909138795,DEAL,PLACE,9002,BUY_LIMIT,S,0,EXT,1.12358,0.00000
2,-1,1790909139332,DEAL,PLACE,9003,SELL_LIMIT,S,1,ENT,1.12528,0.00000
2,-1,1790909139869,DEAL,FILL,9000,SELL_LIMIT,S,0,ENT,1.12459,0.00000
2,-1,1790912323373,DEAL,FILL,9002,BUY_LIMIT,S,0,EXT,1.12358,0.00000
2,-1,1790912326128,ENGINE,PLACE,9004,SELL_LIMIT,S,0,ENT,1.12426,0.00000
2,-1,1790912326665,ENGINE,REMOVE,9003,SELL_LIMIT,S,1,ENT,1.12528,0.00000
2,-1,1790915684595,DEAL,PLACE,9005,SELL_LIMIT,L,13,EXT,1.12423,0.00000
2,-1,1790915685132,DEAL,REMOVE,1980106039,SELL_LIMIT,L,10,EXT,1.12500,0.00000
2,-1,1790915685175,DEAL,FILL,9001,BUY_LIMIT,L,13,ENT,1.12322,0.00000
2,-1,1790917641851,DEAL,FILL,9005,SELL_LIMIT,L,13,EXT,1.12423,0.00000
2,-1,1790917644688,CB_DONE,PLACE,9006,SELL_LIMIT,L,10,EXT,1.12500,0.00000
2,-1,1790917645225,ENGINE,PLACE,9007,BUY_LIMIT,L,13,ENT,1.12322,0.00000
2,-1,1790919098654,DEAL,PLACE,9008,BUY_LIMIT,S,0,EXT,1.12326,0.00000
2,-1,1790919099191,DEAL,PLACE,9009,SELL_LIMIT,S,1,ENT,1.12496,0.00000
2,-1,1790919099728,DEAL,FILL,9004,SELL_LIMIT,S,0,ENT,1.12426,0.00000
3,-1,1790920576002,SEED,PLACE,1979967856,SELL_LIMIT,L,0,EXT,1.13237,0.00000
3,-1,1790920576002,SEED,PLACE,1981329207,SELL_LIMIT,L,10,EXT,1.12500,0.00000
3,-1,1790920576002,SEED,PLACE,1981329218,BUY_LIMIT,L,13,ENT,1.12322,0.00000
3,-1,1790920576002,SEED,PLACE,1981380735,BUY_LIMIT,S,0,EXT,1.12326,0.00000
3,-1,1790920576002,SEED,PLACE,1981380745,SELL_LIMIT,S,1,ENT,1.12496,0.00000
3,-1,1790922489265,DEAL,PLACE,9000,BUY_LIMIT,S,1,EXT,1.12398,0.00000
3,-1,1790922489802,DEAL,PLACE,9001,SELL_LIMIT,S,2,ENT,1.12568,0.00000
3,-1,1790922490339,DEAL,FILL,1981380745,SELL_LIMIT,S,1,ENT,1.12496,0.00000
3,-1,1790922492089,DEAL,FILL,1981329207,SELL_LIMIT,L,10,EXT,1.12500,0.00000
3,-1,1790922492512,CB_DONE,PLACE,9002,SELL_LIMIT,L,9,EXT,1.12570,0.00000
3,-1,1790922493049,ENGINE,MODIFY,1981329218,BUY_LIMIT,L,13,ENT,1.12392,1.12322
3,-1,1790932033051,DEAL,PLACE,9003,BUY_LIMIT,S,2,EXT,1.12469,0.00000
3,-1,1790932033588,DEAL,PLACE,9004,SELL_LIMIT,S,3,ENT,1.12639,0.00000
3,-1,1790932034125,DEAL,REMOVE,9000,BUY_LIMIT,S,1,EXT,1.12398,0.00000
3,-1,1790932034168,DEAL,FILL,9001,SELL_LIMIT,S,2,ENT,1.12568,0.00000
3,-1,1790932304476,DEAL,FILL,9002,SELL_LIMIT,L,9,EXT,1.12570,0.00000
3,-1,1790932305323,CB_DONE,PLACE,9005,SELL_LIMIT,L,8,EXT,1.12640,0.00000
3,-1,1790932306635,ENGINE,MODIFY,1981329218,BUY_LIMIT,L,13,ENT,1.12462,1.12392
3,-1,1790936075487,DEAL,PLACE,9006,BUY_LIMIT,S,3,EXT,1.12543,0.00000
3,-1,1790936076024,DEAL,PLACE,9007,SELL_LIMIT,S,4,ENT,1.12713,0.00000
3,-1,1790936076561,DEAL,REMOVE,9003,BUY_LIMIT,S,2,EXT,1.12469,0.00000
3,-1,1790936076604,DEAL,FILL,9004,SELL_LIMIT,S,3,ENT,1.12639,0.00000
3,-1,1790936076604,DEAL,FILL,9005,SELL_LIMIT,L,8,EXT,1.12640,0.00000
3,-1,1790936076898,CB_DONE,PLACE,9008,SELL_LIMIT,L,7,EXT,1.12710,0.00000
3,-1,1790936077645,ENGINE,MODIFY,1981329218,BUY_LIMIT,L,13,ENT,1.12532,1.12462
3,-1,1790940308652,DEAL,FILL,9006,BUY_LIMIT,S,3,EXT,1.12543,0.00000
3,-1,1790940311096,CB_DONE,PLACE,9009,BUY_LIMIT,S,2,EXT,1.12469,0.00000
3,-1,1790940312409,ENGINE,REMOVE,9007,SELL_LIMIT,S,4,ENT,1.12713,0.00000
3,-1,1790940312619,ENGINE,PLACE,9010,SELL_LIMIT,S,3,ENT,1.12639,0.00000
3,-1,1790940669399,DEAL,PLACE,9011,SELL_LIMIT,L,13,EXT,1.12631,0.00000
3,-1,1790940669936,DEAL,PLACE,9012,BUY_LIMIT,L,14,ENT,1.12461,0.00000
3,-1,1790940670473,DEAL,FILL,1981329218,BUY_LIMIT,L,13,ENT,1.12532,0.00000
3,-1,1790940670473,DEAL,REMOVE,9008,SELL_LIMIT,L,7,EXT,1.12710,0.00000
3,-1,1790941591639,DEAL,FILL,9009,BUY_LIMIT,S,2,EXT,1.12469,0.00000
3,-1,1790941592072,CB_DONE,PLACE,9013,BUY_LIMIT,S,1,EXT,1.12398,0.00000
3,-1,1790941592609,ENGINE,REMOVE,9010,SELL_LIMIT,S,3,ENT,1.12639,0.00000
3,-1,1790941593191,ENGINE,PLACE,9014,SELL_LIMIT,S,2,ENT,1.12568,0.00000
3,-1,1790941623225,DEAL,PLACE,9015,SELL_LIMIT,L,14,EXT,1.12561,0.00000
3,-1,1790941623762,DEAL,PLACE,9016,BUY_LIMIT,L,15,ENT,1.12391,0.00000
3,-1,1790941624299,DEAL,REMOVE,9011,SELL_LIMIT,L,13,EXT,1.12631,0.00000
3,-1,1790941624342,DEAL,FILL,9012,BUY_LIMIT,L,14,ENT,1.12461,0.00000
3,-1,1790946902437,DEAL,FILL,9013,BUY_LIMIT,S,1,EXT,1.12398,0.00000
3,-1,1790946903582,ENGINE,REMOVE,9014,SELL_LIMIT,S,2,ENT,1.12568,0.00000
3,-1,1790946903984,ENGINE,PLACE,9017,SELL_LIMIT,S,1,ENT,1.12496,0.00000
3,-1,1790946929193,DEAL,PLACE,9018,SELL_LIMIT,L,15,EXT,1.12488,0.00000
3,-1,1790946929730,DEAL,PLACE,9019,BUY_LIMIT,L,16,ENT,1.12318,0.00000
3,-1,1790946930267,DEAL,REMOVE,9015,SELL_LIMIT,L,14,EXT,1.12561,0.00000
3,-1,1790946930310,DEAL,FILL,9016,BUY_LIMIT,L,15,ENT,1.12391,0.00000
3,-1,1790947243631,DEAL,FILL,1981380735,BUY_LIMIT,S,0,EXT,1.12326,0.00000
3,-1,1790947244165,ENGINE,PLACE,9020,SELL_LIMIT,S,0,ENT,1.12388,0.00000
3,-1,1790947244702,ENGINE,REMOVE,9017,SELL_LIMIT,S,1,ENT,1.12496,0.00000
3,-1,1790947244745,DEAL,PLACE,9021,SELL_LIMIT,L,16,EXT,1.12418,0.00000
3,-1,1790947245282,DEAL,REMOVE,9018,SELL_LIMIT,L,15,EXT,1.12488,0.00000
3,-1,1790947245325,DEAL,FILL,9019,BUY_LIMIT,L,16,ENT,1.12318,0.00000
3,-1,1790947829277,DEAL,PLACE,9022,BUY_LIMIT,S,0,EXT,1.12287,0.00000
3,-1,1790947829814,DEAL,PLACE,9023,SELL_LIMIT,S,1,ENT,1.12457,0.00000
3,-1,1790947830351,DEAL,FILL,9020,SELL_LIMIT,S,0,ENT,1.12388,0.00000
3,-1,1790949812035,DEAL,FILL,9022,BUY_LIMIT,S,0,EXT,1.12287,0.00000
3,-1,1790949812977,ENGINE,PLACE,9024,SELL_LIMIT,S,0,ENT,1.12356,0.00000
3,-1,1790949813514,ENGINE,REMOVE,9023,SELL_LIMIT,S,1,ENT,1.12457,0.00000
3,-1,1790950585967,DEAL,PLACE,9025,BUY_LIMIT,S,0,EXT,1.12257,0.00000
3,-1,1790950586504,DEAL,PLACE,9026,SELL_LIMIT,S,1,ENT,1.12427,0.00000
3,-1,1790950587041,DEAL,FILL,9024,SELL_LIMIT,S,0,ENT,1.12356,0.00000
3,-1,1790951760216,DEAL,FILL,9021,SELL_LIMIT,L,16,EXT,1.12418,0.00000
3,-1,1790951760649,CB_DONE,PLACE,9027,SELL_LIMIT,L,15,EXT,1.12488,0.00000
3,-1,1790951761186,ENGINE,PLACE,9028,BUY_LIMIT,L,16,ENT,1.12318,0.00000
3,-1,1790952268628,DEAL,PLACE,9029,BUY_LIMIT,S,1,EXT,1.12327,0.00000
3,-1,1790952269165,DEAL,PLACE,9030,SELL_LIMIT,S,2,ENT,1.12497,0.00000
3,-1,1790952269702,DEAL,FILL,9026,SELL_LIMIT,S,1,ENT,1.12427,0.00000
3,-1,1790952785414,DEAL,FILL,9029,BUY_LIMIT,S,1,EXT,1.12327,0.00000
3,-1,1790952786355,ENGINE,REMOVE,9030,SELL_LIMIT,S,2,ENT,1.12497,0.00000
3,-1,1790952786959,ENGINE,PLACE,9031,SELL_LIMIT,S,1,ENT,1.12427,0.00000
3,-1,1790952797066,DEAL,PLACE,9032,SELL_LIMIT,L,16,EXT,1.12417,0.00000
3,-1,1790952797603,DEAL,REMOVE,9027,SELL_LIMIT,L,15,EXT,1.12488,0.00000
3,-1,1790952797646,DEAL,FILL,9028,BUY_LIMIT,L,16,ENT,1.12318,0.00000
3,-1,1790953608019,DEAL,FILL,9025,BUY_LIMIT,S,0,EXT,1.12257,0.00000
3,-1,1790953608549,ENGINE,PLACE,9033,SELL_LIMIT,S,0,ENT,1.12326,0.00000
3,-1,1790953609086,ENGINE,REMOVE,9031,SELL_LIMIT,S,1,ENT,1.12427,0.00000
3,-1,1790953711458,LATTICE,PLACE,9034,SELL_LIMIT,L,12,EXT,1.12355,0.00000
3,-1,1790953711995,LATTICE,REMOVE,9032,SELL_LIMIT,L,16,EXT,1.12417,0.00000
3,-1,1790954236546,ENGINE,MODIFY,9033,SELL_LIMIT,S,0,ENT,1.12283,1.12326
3,-1,1790954738684,DEAL,PLACE,9035,BUY_LIMIT,S,0,EXT,1.12187,0.00000
3,-1,1790954739221,DEAL,PLACE,9036,SELL_LIMIT,S,1,ENT,1.12357,0.00000
3,-1,1790954739758,DEAL,FILL,9033,SELL_LIMIT,S,0,ENT,1.12283,0.00000
3,-1,1790955002061,ENGINE,MODIFY,9036,SELL_LIMIT,S,1,ENT,1.12579,1.12357
3,-1,1790955002599,DEAL,FILL,9034,SELL_LIMIT,L,12,EXT,1.12355,0.00000
3,-1,1790955002599,DEAL,PLACE,9037,BUY_LIMIT,S,1,EXT,1.12473,0.00000
3,-1,1790955003136,DEAL,PLACE,9038,SELL_LIMIT,S,2,ENT,1.12643,0.00000
3,-1,1790955003673,DEAL,FILL,9036,SELL_LIMIT,S,1,ENT,1.12357,0.00000
3,-1,1790955003967,CB_DONE,PLACE,9039,SELL_LIMIT,L,16,EXT,1.12590,0.00000
3,-1,1790955005470,ENGINE,PLACE,9040,BUY_LIMIT,L,17,ENT,1.12247,0.00000
3,-1,1790955006007,DEAL,FILL,9039,SELL_LIMIT,L,16,EXT,1.12590,0.00000
3,-1,1790955006966,CB_DONE,PLACE,9041,SELL_LIMIT,L,15,EXT,1.12585,0.00000
3,-1,1790955007503,ENGINE,REMOVE,9040,BUY_LIMIT,L,17,ENT,1.12247,0.00000
3,-1,1790955007675,ENGINE,PLACE,9042,BUY_LIMIT,L,16,ENT,1.12318,0.00000
3,-1,1790955010946,DEAL,FILL,9037,BUY_LIMIT,S,1,EXT,1.12473,0.00000
3,-1,1790955011890,ENGINE,REMOVE,9038,SELL_LIMIT,S,2,ENT,1.12643,0.00000
3,-1,1790955013495,ENGINE,PLACE,9043,SELL_LIMIT,S,1,ENT,1.12443,0.00000
3,-1,1790955014358,DEAL,PLACE,9044,BUY_LIMIT,S,1,EXT,1.12355,0.00000
3,-1,1790955014895,DEAL,PLACE,9045,SELL_LIMIT,S,2,ENT,1.12525,0.00000
3,-1,1790955015432,DEAL,FILL,9043,SELL_LIMIT,S,1,ENT,1.12443,0.00000
3,-1,1790955075764,DEAL,PLACE,9046,BUY_LIMIT,S,2,EXT,1.12432,0.00000
3,-1,1790955076301,DEAL,PLACE,9047,SELL_LIMIT,S,3,ENT,1.12602,0.00000
3,-1,1790955076838,DEAL,REMOVE,9044,BUY_LIMIT,S,1,EXT,1.12355,0.00000
3,-1,1790955076881,DEAL,FILL,9045,SELL_LIMIT,S,2,ENT,1.12525,0.00000
3,-1,1790955218515,DEAL,FILL,9046,BUY_LIMIT,S,2,EXT,1.12432,0.00000
3,-1,1790955218950,CB_DONE,PLACE,9048,BUY_LIMIT,S,1,EXT,1.12355,0.00000
3,-1,1790955219487,ENGINE,REMOVE,9047,SELL_LIMIT,S,3,ENT,1.12602,0.00000
3,-1,1790955219661,ENGINE,PLACE,9049,SELL_LIMIT,S,2,ENT,1.12525,0.00000
3,-1,1790956236391,DEAL,PLACE,9050,BUY_LIMIT,S,2,EXT,1.12428,0.00000
3,-1,1790956236928,DEAL,PLACE,9051,SELL_LIMIT,S,3,ENT,1.12598,0.00000
3,-1,1790956237465,DEAL,REMOVE,9048,BUY_LIMIT,S,1,EXT,1.12355,0.00000
3,-1,1790956237508,DEAL,FILL,9049,SELL_LIMIT,S,2,ENT,1.12525,0.00000
3,-1,1790956508874,DEAL,FILL,9041,SELL_LIMIT,L,15,EXT,1.12585,0.00000
3,-1,1790956509311,CB_DONE,PLACE,9052,SELL_LIMIT,L,14,EXT,1.12585,0.00000
3,-1,1790956510021,ENGINE,REMOVE,9042,BUY_LIMIT,L,16,ENT,1.12318,0.00000
3,-1,1790956510421,ENGINE,PLACE,9053,BUY_LIMIT,L,15,ENT,1.12391,0.00000
3,-1,1790956511888,DEAL,FILL,9052,SELL_LIMIT,L,14,EXT,1.12585,0.00000
3,-1,1790956512326,CB_DONE,PLACE,9054,SELL_LIMIT,L,13,EXT,1.12631,0.00000
3,-1,1790956512863,ENGINE,REMOVE,9053,BUY_LIMIT,L,15,ENT,1.12391,0.00000
3,-1,1790956513644,ENGINE,PLACE,9055,BUY_LIMIT,L,14,ENT,1.12461,0.00000
3,-1,1790956517714,DEAL,PLACE,9056,BUY_LIMIT,S,3,EXT,1.12500,0.00000
3,-1,1790956518251,DEAL,PLACE,9057,SELL_LIMIT,S,4,ENT,1.12670,0.00000
3,-1,1790956518788,DEAL,REMOVE,9050,BUY_LIMIT,S,2,EXT,1.12428,0.00000
3,-1,1790956518831,DEAL,FILL,9051,SELL_LIMIT,S,3,ENT,1.12598,0.00000
3,-1,1790956741785,DEAL,FILL,9054,SELL_LIMIT,L,13,EXT,1.12631,0.00000
3,-1,1790956742622,CB_DONE,PLACE,9058,SELL_LIMIT,L,7,EXT,1.12710,0.00000
3,-1,1790956743732,ENGINE,REMOVE,9055,BUY_LIMIT,L,14,ENT,1.12461,0.00000
3,-1,1790956743935,ENGINE,PLACE,9059,BUY_LIMIT,L,8,ENT,1.12532,0.00000
3,-1,1790957242326,DEAL,PLACE,9060,SELL_LIMIT,L,8,EXT,1.12633,0.00000
3,-1,1790957242863,DEAL,PLACE,9061,BUY_LIMIT,L,9,ENT,1.12463,0.00000
3,-1,1790957243400,DEAL,REMOVE,9058,SELL_LIMIT,L,7,EXT,1.12710,0.00000
3,-1,1790957243443,DEAL,FILL,9059,BUY_LIMIT,L,8,ENT,1.12532,0.00000
3,-1,1790957405684,DEAL,FILL,9056,BUY_LIMIT,S,3,EXT,1.12500,0.00000
3,-1,1790957406327,CB_DONE,PLACE,9062,BUY_LIMIT,S,2,EXT,1.12428,0.00000
3,-1,1790957406864,ENGINE,REMOVE,9057,SELL_LIMIT,S,4,ENT,1.12670,0.00000
3,-1,1790957407232,ENGINE,PLACE,9063,SELL_LIMIT,S,3,ENT,1.12598,0.00000
3,-1,1790957688769,DEAL,PLACE,9064,SELL_LIMIT,L,9,EXT,1.12563,0.00000
3,-1,1790957689306,DEAL,PLACE,9065,BUY_LIMIT,L,10,ENT,1.12393,0.00000
3,-1,1790957689843,DEAL,REMOVE,9060,SELL_LIMIT,L,8,EXT,1.12633,0.00000
3,-1,1790957689886,DEAL,FILL,9061,BUY_LIMIT,L,9,ENT,1.12463,0.00000
3,-1,1790958138134,DEAL,FILL,9062,BUY_LIMIT,S,2,EXT,1.12428,0.00000
3,-1,1790958138970,CB_DONE,PLACE,9066,BUY_LIMIT,S,1,EXT,1.12355,0.00000
3,-1,1790958139507,ENGINE,REMOVE,9063,SELL_LIMIT,S,3,ENT,1.12598,0.00000
3,-1,1790958139881,ENGINE,PLACE,9067,SELL_LIMIT,S,2,ENT,1.12525,0.00000
3,-1,1790958559186,DEAL,PLACE,9068,BUY_LIMIT,S,2,EXT,1.12425,0.00000
3,-1,1790958559723,DEAL,PLACE,9069,SELL_LIMIT,S,3,ENT,1.12595,0.00000
3,-1,1790958560260,DEAL,REMOVE,9066,BUY_LIMIT,S,1,EXT,1.12355,0.00000
3,-1,1790958560303,DEAL,FILL,9067,SELL_LIMIT,S,2,ENT,1.12525,0.00000
3,-1,1790959508844,DEAL,FILL,9064,SELL_LIMIT,L,9,EXT,1.12563,0.00000
3,-1,1790959509284,CB_DONE,PLACE,9070,SELL_LIMIT,L,8,EXT,1.12633,0.00000
3,-1,1790959510597,ENGINE,REMOVE,9065,BUY_LIMIT,L,10,ENT,1.12393,0.00000
3,-1,1790959510996,ENGINE,PLACE,9071,BUY_LIMIT,L,9,ENT,1.12463,0.00000
3,-1,1790959628768,DEAL,PLACE,9072,BUY_LIMIT,S,3,EXT,1.12497,0.00000
3,-1,1790959629305,DEAL,PLACE,9073,SELL_LIMIT,S,4,ENT,1.12667,0.00000
3,-1,1790959629842,DEAL,REMOVE,9068,BUY_LIMIT,S,2,EXT,1.12425,0.00000
3,-1,1790959629885,DEAL,FILL,9069,SELL_LIMIT,S,3,ENT,1.12595,0.00000
3,-1,1790959762583,DEAL,FILL,9070,SELL_LIMIT,L,8,EXT,1.12633,0.00000
3,-1,1790959765025,CB_DONE,PLACE,9074,SELL_LIMIT,L,7,EXT,1.12710,0.00000
3,-1,1790959765562,ENGINE,REMOVE,9071,BUY_LIMIT,L,9,ENT,1.12463,0.00000
3,-1,1790959765739,ENGINE,PLACE,9075,BUY_LIMIT,L,8,ENT,1.12532,0.00000
3,-1,1790959803167,DEAL,PLACE,9076,BUY_LIMIT,S,4,EXT,1.12567,0.00000
3,-1,1790959803704,DEAL,PLACE,9077,SELL_LIMIT,S,5,ENT,1.12737,0.00000
3,-1,1790959804241,DEAL,REMOVE,9072,BUY_LIMIT,S,3,EXT,1.12497,0.00000
3,-1,1790959804284,DEAL,FILL,9073,SELL_LIMIT,S,4,ENT,1.12667,0.00000
3,-1,1790960263446,DEAL,FILL,9074,SELL_LIMIT,L,7,EXT,1.12710,0.00000
3,-1,1790960263881,CB_DONE,PLACE,9078,SELL_LIMIT,L,1,EXT,1.13167,0.00000
3,-1,1790960264418,ENGINE,REMOVE,9075,BUY_LIMIT,L,8,ENT,1.12532,0.00000
3,-1,1790960264589,ENGINE,PLACE,9079,BUY_LIMIT,L,2,ENT,1.12708,0.00000
3,-1,1790960265450,DEAL,PLACE,9080,SELL_LIMIT,L,2,EXT,1.12803,0.00000
3,-1,1790960265987,DEAL,PLACE,9081,BUY_LIMIT,L,3,ENT,1.12633,0.00000
3,-1,1790960266524,DEAL,REMOVE,9078,SELL_LIMIT,L,1,EXT,1.13167,0.00000
3,-1,1790960266567,DEAL,FILL,9079,BUY_LIMIT,L,2,ENT,1.12708,0.00000
3,-1,1790960283302,DEAL,PLACE,9082,BUY_LIMIT,S,5,EXT,1.12643,0.00000
3,-1,1790960283839,DEAL,PLACE,9083,SELL_LIMIT,S,6,ENT,1.12813,0.00000
3,-1,1790960284376,DEAL,REMOVE,9076,BUY_LIMIT,S,4,EXT,1.12567,0.00000
3,-1,1790960284419,DEAL,FILL,9077,SELL_LIMIT,S,5,ENT,1.12737,0.00000
3,-1,1790960692443,DEAL,FILL,9080,SELL_LIMIT,L,2,EXT,1.12803,0.00000
3,-1,1790960693678,CB_DONE,PLACE,9084,SELL_LIMIT,L,1,EXT,1.13167,0.00000
3,-1,1790960694388,ENGINE,REMOVE,9081,BUY_LIMIT,L,3,ENT,1.12633,0.00000
3,-1,1790960694586,ENGINE,PLACE,9085,BUY_LIMIT,L,2,ENT,1.12806,0.00000
3,-1,1790960695661,DEAL,PLACE,9086,SELL_LIMIT,L,2,EXT,1.12907,0.00000
3,-1,1790960696198,DEAL,PLACE,9087,BUY_LIMIT,L,3,ENT,1.12737,0.00000
3,-1,1790960696735,DEAL,REMOVE,9084,SELL_LIMIT,L,1,EXT,1.13167,0.00000
3,-1,1790960696778,DEAL,FILL,9085,BUY_LIMIT,L,2,ENT,1.12806,0.00000
3,-1,1790960700686,DEAL,PLACE,9088,BUY_LIMIT,S,6,EXT,1.12713,0.00000
3,-1,1790960701223,DEAL,PLACE,9089,SELL_LIMIT,S,7,ENT,1.12883,0.00000
3,-1,1790960701760,DEAL,REMOVE,9082,BUY_LIMIT,S,5,EXT,1.12643,0.00000
3,-1,1790960701803,DEAL,FILL,9083,SELL_LIMIT,S,6,ENT,1.12813,0.00000
4,-1,1790961652001,SEED,PLACE,1979967856,SELL_LIMIT,L,0,EXT,1.13237,0.00000
4,-1,1790961652001,SEED,PLACE,1983449557,SELL_LIMIT,L,3,EXT,1.12873,0.00000
4,-1,1790961652001,SEED,PLACE,1983449572,BUY_LIMIT,L,4,ENT,1.12703,0.00000
4,-1,1790961652001,SEED,PLACE,1982764022,BUY_LIMIT,S,0,EXT,1.12187,0.00000
4,-1,1790961652001,SEED,PLACE,1983413278,BUY_LIMIT,S,6,EXT,1.12722,0.00000
4,-1,1790961652001,SEED,PLACE,1983413349,SELL_LIMIT,S,7,ENT,1.12892,0.00000
4,-1,1790963698169,DEAL,FILL,1983413278,BUY_LIMIT,S,6,EXT,1.12722,0.00000
4,-1,1790963698604,CB_DONE,PLACE,9000,BUY_LIMIT,S,5,EXT,1.12651,0.00000
4,-1,1790963699141,ENGINE,REMOVE,1983413349,SELL_LIMIT,S,7,ENT,1.12892,0.00000
4,-1,1790963700124,ENGINE,PLACE,9001,SELL_LIMIT,S,6,ENT,1.12821,0.00000
4,-1,1790964258231,DEAL,PLACE,9002,SELL_LIMIT,L,4,EXT,1.12802,0.00000
4,-1,1790964258768,DEAL,PLACE,9003,BUY_LIMIT,L,5,ENT,1.12632,0.00000
4,-1,1790964259305,DEAL,REMOVE,1983449557,SELL_LIMIT,L,3,EXT,1.12873,0.00000
4,-1,1790964259348,DEAL,FILL,1983449572,BUY_LIMIT,L,4,ENT,1.12703,0.00000
4,-1,1790964651983,DEAL,FILL,9000,BUY_LIMIT,S,5,EXT,1.12651,0.00000
4,-1,1790964653224,CB_DONE,PLACE,9004,BUY_LIMIT,S,4,EXT,1.12578,0.00000
4,-1,1790964654339,ENGINE,REMOVE,9001,SELL_LIMIT,S,6,ENT,1.12821,0.00000
4,-1,1790964654542,ENGINE,PLACE,9005,SELL_LIMIT,S,5,ENT,1.12748,0.00000
4,-1,1790964945240,DEAL,PLACE,9006,SELL_LIMIT,L,5,EXT,1.12732,0.00000
4,-1,1790964945777,DEAL,PLACE,9007,BUY_LIMIT,L,6,ENT,1.12562,0.00000
4,-1,1790964946314,DEAL,REMOVE,9002,SELL_LIMIT,L,4,EXT,1.12802,0.00000
4,-1,1790964946357,DEAL,FILL,9003,BUY_LIMIT,L,5,ENT,1.12632,0.00000
4,-1,1790965471664,DEAL,FILL,9004,BUY_LIMIT,S,4,EXT,1.12578,0.00000
4,-1,1790965473105,CB_DONE,PLACE,9008,BUY_LIMIT,S,3,EXT,1.12506,0.00000
4,-1,1790965474618,ENGINE,REMOVE,9005,SELL_LIMIT,S,5,ENT,1.12748,0.00000
4,-1,1790965474813,ENGINE,PLACE,9009,SELL_LIMIT,S,4,ENT,1.12676,0.00000
4,-1,1790965492541,DEAL,PLACE,9010,SELL_LIMIT,L,6,EXT,1.12662,0.00000
4,-1,1790965493078,DEAL,PLACE,9011,BUY_LIMIT,L,7,ENT,1.12492,0.00000
4,-1,1790965493615,DEAL,REMOVE,9006,SELL_LIMIT,L,5,EXT,1.12732,0.00000
4,-1,1790965493658,DEAL,FILL,9007,BUY_LIMIT,L,6,ENT,1.12562,0.00000
4,-1,1790969155183,DEAL,FILL,9008,BUY_LIMIT,S,3,EXT,1.12506,0.00000
4,-1,1790969155819,CB_DONE,PLACE,9012,BUY_LIMIT,S,2,EXT,1.12435,0.00000
4,-1,1790969156356,ENGINE,REMOVE,9009,SELL_LIMIT,S,4,ENT,1.12676,0.00000
4,-1,1790969160140,ENGINE,PLACE,9013,SELL_LIMIT,S,3,ENT,1.12605,0.00000
4,-1,1790970510820,DEAL,PLACE,9014,BUY_LIMIT,S,3,EXT,1.12509,0.00000
4,-1,1790970511357,DEAL,PLACE,9015,SELL_LIMIT,S,4,ENT,1.12679,0.00000
4,-1,1790970511894,DEAL,REMOVE,9012,BUY_LIMIT,S,2,EXT,1.12435,0.00000
4,-1,1790970511937,DEAL,FILL,9013,SELL_LIMIT,S,3,ENT,1.12605,0.00000
4,-1,1790976201287,DEAL,FILL,9014,BUY_LIMIT,S,3,EXT,1.12509,0.00000
4,-1,1790976202728,CB_DONE,PLACE,9016,BUY_LIMIT,S,2,EXT,1.12435,0.00000
4,-1,1790976203265,ENGINE,REMOVE,9015,SELL_LIMIT,S,4,ENT,1.12679,0.00000
4,-1,1790976203446,ENGINE,PLACE,9017,SELL_LIMIT,S,3,ENT,1.12605,0.00000
4,-1,1790978098546,DEAL,PLACE,9018,SELL_LIMIT,L,7,EXT,1.12592,0.00000
4,-1,1790978099083,DEAL,REMOVE,9010,SELL_LIMIT,L,6,EXT,1.12662,0.00000
4,-1,1790978099126,DEAL,FILL,9011,BUY_LIMIT,L,7,ENT,1.12492,0.00000
4,-1,1790979887701,DEAL,FILL,9018,SELL_LIMIT,L,7,EXT,1.12592,0.00000
4,-1,1790979888142,CB_DONE,PLACE,9019,SELL_LIMIT,L,6,EXT,1.12662,0.00000
4,-1,1790979888679,ENGINE,PLACE,9020,BUY_LIMIT,L,7,ENT,1.12492,0.00000
4,-1,1791071452001,TIMER,MODIFY,1979967856,SELL_LIMIT,L,0,EXT,1.13245,1.13237
4,-1,1791071632001,TIMER,MODIFY,1982764022,BUY_LIMIT,S,0,EXT,1.12189,1.12187
4,-1,1791071632539,TIMER,MODIFY,9019,SELL_LIMIT,L,6,EXT,1.12670,1.12662
4,-1,1791071692001,TIMER,MODIFY,9016,BUY_LIMIT,S,2,EXT,1.12437,1.12435
4,-1,1791164991985,DEAL,PLACE,9021,BUY_LIMIT,S,3,EXT,1.12505,0.00000
4,-1,1791164992522,DEAL,PLACE,9022,SELL_LIMIT,S,4,ENT,1.12675,0.00000
4,-1,1791164993059,DEAL,REMOVE,9016,BUY_LIMIT,S,2,EXT,1.12437,0.00000
4,-1,1791164993102,DEAL,FILL,9017,SELL_LIMIT,S,3,ENT,1.12605,0.00000
4,-1,1791169937617,DEAL,FILL,9021,BUY_LIMIT,S,3,EXT,1.12505,0.00000
4,-1,1791169938249,CB_DONE,PLACE,9023,BUY_LIMIT,S,2,EXT,1.12437,0.00000
4,-1,1791169938786,ENGINE,REMOVE,9022,SELL_LIMIT,S,4,ENT,1.12675,0.00000
4,-1,1791169938959,ENGINE,PLACE,9024,SELL_LIMIT,S,3,ENT,1.12605,0.00000
4,-1,1791170006874,DEAL,PLACE,9025,SELL_LIMIT,L,7,EXT,1.12592,0.00000
4,-1,1791170007411,DEAL,REMOVE,9019,SELL_LIMIT,L,6,EXT,1.12670,0.00000
4,-1,1791170007454,DEAL,FILL,9020,BUY_LIMIT,L,7,ENT,1.12492,0.00000
4,-1,1791171968619,DEAL,FILL,9023,BUY_LIMIT,S,2,EXT,1.12437,0.00000
4,-1,1791171970455,CB_DONE,PLACE,9026,BUY_LIMIT,S,1,EXT,1.12366,0.00000
4,-1,1791171970992,ENGINE,REMOVE,9024,SELL_LIMIT,S,3,ENT,1.12605,0.00000
4,-1,1791171971169,ENGINE,PLACE,9027,SELL_LIMIT,S,2,ENT,1.12534,0.00000
4,-1,1791172290867,LATTICE,PLACE,9028,SELL_LIMIT,L,2,EXT,1.12530,0.00000
4,-1,1791172291404,LATTICE,REMOVE,9025,SELL_LIMIT,L,7,EXT,1.12592,0.00000
4,-1,1791173717396,DEAL,FILL,9026,BUY_LIMIT,S,1,EXT,1.12366,0.00000
4,-1,1791173717937,ENGINE,REMOVE,9027,SELL_LIMIT,S,2,ENT,1.12534,0.00000
4,-1,1791173718140,ENGINE,PLACE,9029,SELL_LIMIT,S,1,ENT,1.12369,0.00000
4,-1,1791173970785,DEAL,PLACE,9030,BUY_LIMIT,S,1,EXT,1.12270,0.00000
4,-1,1791173971322,DEAL,PLACE,9031,SELL_LIMIT,S,2,ENT,1.12440,0.00000
4,-1,1791173971859,DEAL,FILL,9029,SELL_LIMIT,S,1,ENT,1.12369,0.00000
4,-1,1791174084826,LATTICE,PLACE,9032,SELL_LIMIT,L,3,EXT,1.12460,0.00000
4,-1,1791174085363,LATTICE,REMOVE,9028,SELL_LIMIT,L,2,EXT,1.12530,0.00000
4,-1,1791176898045,LATTICE,PLACE,9033,SELL_LIMIT,L,4,EXT,1.12390,0.00000
4,-1,1791176898582,LATTICE,REMOVE,9032,SELL_LIMIT,L,3,EXT,1.12460,0.00000
4,-1,1791177006726,DEAL,FILL,9030,BUY_LIMIT,S,1,EXT,1.12270,0.00000
4,-1,1791177007482,ENGINE,REMOVE,9031,SELL_LIMIT,S,2,ENT,1.12440,0.00000
4,-1,1791177009266,ENGINE,PLACE,9034,SELL_LIMIT,S,1,ENT,1.12357,0.00000
4,-1,1791177439237,LATTICE,PLACE,9035,SELL_LIMIT,L,5,EXT,1.12320,0.00000
4,-1,1791177439774,LATTICE,REMOVE,9033,SELL_LIMIT,L,4,EXT,1.12390,0.00000
4,-1,1791177541623,DEAL,FILL,1982764022,BUY_LIMIT,S,0,EXT,1.12189,0.00000
4,-1,1791177542956,ENGINE,PLACE,9036,SELL_LIMIT,S,0,ENT,1.12252,0.00000
4,-1,1791177543493,ENGINE,REMOVE,9034,SELL_LIMIT,S,1,ENT,1.12357,0.00000
4,-1,1791177556843,LATTICE,PLACE,9037,SELL_LIMIT,L,6,EXT,1.12250,0.00000
4,-1,1791177557380,LATTICE,REMOVE,9035,SELL_LIMIT,L,5,EXT,1.12320,0.00000
4,-1,1791177557423,ENGINE,MODIFY,9036,SELL_LIMIT,S,0,ENT,1.12208,1.12252
4,-1,1791177667813,ENGINE,MODIFY,9036,SELL_LIMIT,S,0,ENT,1.12168,1.12208
4,-1,1791178588481,LATTICE,PLACE,9038,SELL_LIMIT,L,7,EXT,1.12172,0.00000
4,-1,1791178589018,LATTICE,REMOVE,9037,SELL_LIMIT,L,6,EXT,1.12250,0.00000
4,-1,1791179003065,ENGINE,MODIFY,9036,SELL_LIMIT,S,0,ENT,1.12115,1.12168
4,-1,1791179347916,ENGINE,MODIFY,9036,SELL_LIMIT,S,0,ENT,1.12068,1.12115
4,-1,1791179348711,ENGINE,MODIFY,9036,SELL_LIMIT,S,0,ENT,1.12014,1.12068
4,-1,1791179375721,ENGINE,MODIFY,9036,SELL_LIMIT,S,0,ENT,1.11945,1.12014
4,-1,1791179453027,DEAL,PLACE,9039,BUY_LIMIT,S,0,EXT,1.11850,0.00000
4,-1,1791179453564,DEAL,PLACE,9040,SELL_LIMIT,S,1,ENT,1.12020,0.00000
4,-1,1791179454101,DEAL,FILL,9036,SELL_LIMIT,S,0,ENT,1.11945,0.00000
4,-1,1791179685063,DEAL,FILL,9039,BUY_LIMIT,S,0,EXT,1.11850,0.00000
4,-1,1791179686002,ENGINE,PLACE,9041,SELL_LIMIT,S,0,ENT,1.11921,0.00000
4,-1,1791179686539,ENGINE,REMOVE,9040,SELL_LIMIT,S,1,ENT,1.12020,0.00000
4,-1,1791179704503,ENGINE,MODIFY,9041,SELL_LIMIT,S,0,ENT,1.11874,1.11921
4,-1,1791179731069,ENGINE,MODIFY,9041,SELL_LIMIT,S,0,ENT,1.11833,1.11874
4,-1,1791179835334,ENGINE,MODIFY,9041,SELL_LIMIT,S,0,ENT,1.11787,1.11833
4,-1,1791179847009,ENGINE,MODIFY,9041,SELL_LIMIT,S,0,ENT,1.11737,1.11787
4,-1,1791179889575,DEAL,PLACE,9042,BUY_LIMIT,S,0,EXT,1.11649,0.00000
4,-1,1791179890112,DEAL,PLACE,9043,SELL_LIMIT,S,1,ENT,1.11819,0.00000
4,-1,1791179890649,DEAL,FILL,9041,SELL_LIMIT,S,0,ENT,1.11737,0.00000
4,-1,1791180137856,DEAL,PLACE,9044,BUY_LIMIT,S,1,EXT,1.11717,0.00000
4,-1,1791180138393,DEAL,PLACE,9045,SELL_LIMIT,S,2,ENT,1.11887,0.00000
4,-1,1791180138930,DEAL,FILL,9043,SELL_LIMIT,S,1,ENT,1.11819,0.00000
4,-1,1791180380115,DEAL,FILL,9044,BUY_LIMIT,S,1,EXT,1.11717,0.00000
4,-1,1791180380861,ENGINE,REMOVE,9045,SELL_LIMIT,S,2,ENT,1.11887,0.00000
4,-1,1791180381255,ENGINE,PLACE,9046,SELL_LIMIT,S,1,ENT,1.11819,0.00000
4,-1,1791180431446,DEAL,FILL,9042,BUY_LIMIT,S,0,EXT,1.11649,0.00000
4,-1,1791180431994,ENGINE,PLACE,9047,SELL_LIMIT,S,0,ENT,1.11712,0.00000
4,-1,1791180432531,ENGINE,REMOVE,9046,SELL_LIMIT,S,1,ENT,1.11819,0.00000
4,-1,1791180566871,DEAL,PLACE,9048,BUY_LIMIT,S,0,EXT,1.11613,0.00000
4,-1,1791180567408,DEAL,PLACE,9049,SELL_LIMIT,S,1,ENT,1.11783,0.00000
4,-1,1791180567945,DEAL,FILL,9047,SELL_LIMIT,S,0,ENT,1.11712,0.00000
4,-1,1791180730981,DEAL,PLACE,9050,BUY_LIMIT,S,1,EXT,1.11683,0.00000
4,-1,1791180731518,DEAL,PLACE,9051,SELL_LIMIT,S,2,ENT,1.11853,0.00000
4,-1,1791180732055,DEAL,FILL,9049,SELL_LIMIT,S,1,ENT,1.11783,0.00000
4,-1,1791181609406,DEAL,PLACE,9052,BUY_LIMIT,S,2,EXT,1.11752,0.00000
4,-1,1791181609943,DEAL,PLACE,9053,SELL_LIMIT,S,3,ENT,1.11922,0.00000
4,-1,1791181610480,DEAL,REMOVE,9050,BUY_LIMIT,S,1,EXT,1.11683,0.00000
4,-1,1791181610523,DEAL,FILL,9051,SELL_LIMIT,S,2,ENT,1.11853,0.00000
4,-1,1791182366608,DEAL,FILL,9052,BUY_LIMIT,S,2,EXT,1.11752,0.00000
4,-1,1791182367445,CB_DONE,PLACE,9054,BUY_LIMIT,S,1,EXT,1.11683,0.00000
4,-1,1791182367982,ENGINE,REMOVE,9053,SELL_LIMIT,S,3,ENT,1.11922,0.00000
4,-1,1791182368146,ENGINE,PLACE,9055,SELL_LIMIT,S,2,ENT,1.11853,0.00000
4,-1,1791183130915,DEAL,FILL,9054,BUY_LIMIT,S,1,EXT,1.11683,0.00000
4,-1,1791183131444,ENGINE,REMOVE,9055,SELL_LIMIT,S,2,ENT,1.11853,0.00000
4,-1,1791183131847,ENGINE,PLACE,9056,SELL_LIMIT,S,1,ENT,1.11783,0.00000
4,-1,1791183921945,DEAL,FILL,9048,BUY_LIMIT,S,0,EXT,1.11613,0.00000
4,-1,1791183924087,ENGINE,PLACE,9057,SELL_LIMIT,S,0,ENT,1.11684,0.00000
4,-1,1791183924624,ENGINE,REMOVE,9056,SELL_LIMIT,S,1,ENT,1.11783,0.00000
4,-1,1791183998991,DEAL,PLACE,9058,BUY_LIMIT,S,0,EXT,1.11584,0.00000
4,-1,1791183999528,DEAL,PLACE,9059,SELL_LIMIT,S,1,ENT,1.11754,0.00000
4,-1,1791184000065,DEAL,FILL,9057,SELL_LIMIT,S,0,ENT,1.11684,0.00000
4,-1,1791186098834,DEAL,PLACE,9060,BUY_LIMIT,S,1,EXT,1.11655,0.00000
4,-1,1791186099371,DEAL,PLACE,9061,SELL_LIMIT,S,2,ENT,1.11825,0.00000
4,-1,1791186099908,DEAL,FILL,9059,SELL_LIMIT,S,1,ENT,1.11754,0.00000
4,-1,1791187188989,DEAL,PLACE,9062,BUY_LIMIT,S,2,EXT,1.11726,0.00000
4,-1,1791187189526,DEAL,PLACE,9063,SELL_LIMIT,S,3,ENT,1.11896,0.00000
4,-1,1791187190063,DEAL,REMOVE,9060,BUY_LIMIT,S,1,EXT,1.11655,0.00000
4,-1,1791187190106,DEAL,FILL,9061,SELL_LIMIT,S,2,ENT,1.11825,0.00000
4,-1,1791189972052,DEAL,PLACE,9064,BUY_LIMIT,S,3,EXT,1.11796,0.00000
4,-1,1791189972589,DEAL,PLACE,9065,SELL_LIMIT,S,4,ENT,1.11966,0.00000
4,-1,1791189973126,DEAL,REMOVE,9062,BUY_LIMIT,S,2,EXT,1.11726,0.00000
4,-1,1791189973169,DEAL,FILL,9063,SELL_LIMIT,S,3,ENT,1.11896,0.00000
4,-1,1791191194196,DEAL,PLACE,9066,BUY_LIMIT,S,4,EXT,1.11866,0.00000
4,-1,1791191194733,DEAL,PLACE,9067,SELL_LIMIT,S,5,ENT,1.12036,0.00000
4,-1,1791191195270,DEAL,REMOVE,9064,BUY_LIMIT,S,3,EXT,1.11796,0.00000
4,-1,1791191195313,DEAL,FILL,9065,SELL_LIMIT,S,4,ENT,1.11966,0.00000
4,-1,1791192511702,DEAL,FILL,9066,BUY_LIMIT,S,4,EXT,1.11866,0.00000
4,-1,1791192512135,CB_DONE,PLACE,9068,BUY_LIMIT,S,3,EXT,1.11796,0.00000
4,-1,1791192512844,ENGINE,REMOVE,9067,SELL_LIMIT,S,5,ENT,1.12036,0.00000
4,-1,1791192513251,ENGINE,PLACE,9069,SELL_LIMIT,S,4,ENT,1.11966,0.00000
4,-1,1791192835077,DEAL,FILL,9068,BUY_LIMIT,S,3,EXT,1.11796,0.00000
4,-1,1791192836117,CB_DONE,PLACE,9070,BUY_LIMIT,S,2,EXT,1.11726,0.00000
4,-1,1791192836654,ENGINE,REMOVE,9069,SELL_LIMIT,S,4,ENT,1.11966,0.00000
4,-1,1791192838077,ENGINE,PLACE,9071,SELL_LIMIT,S,3,ENT,1.11896,0.00000
4,-1,1791192923971,DEAL,FILL,9070,BUY_LIMIT,S,2,EXT,1.11726,0.00000
4,-1,1791192924808,CB_DONE,PLACE,9072,BUY_LIMIT,S,1,EXT,1.11655,0.00000
4,-1,1791192925345,ENGINE,REMOVE,9071,SELL_LIMIT,S,3,ENT,1.11896,0.00000
4,-1,1791192925529,ENGINE,PLACE,9073,SELL_LIMIT,S,2,ENT,1.11825,0.00000
4,-1,1791193378006,DEAL,PLACE,9074,BUY_LIMIT,S,2,EXT,1.11724,0.00000
4,-1,1791193378543,DEAL,PLACE,9075,SELL_LIMIT,S,3,ENT,1.11894,0.00000
4,-1,1791193379080,DEAL,REMOVE,9072,BUY_LIMIT,S,1,EXT,1.11655,0.00000
4,-1,1791193379123,DEAL,FILL,9073,SELL_LIMIT,S,2,ENT,1.11825,0.00000
4,-1,1791194117752,DEAL,PLACE,9076,BUY_LIMIT,S,3,EXT,1.11794,0.00000
4,-1,1791194118289,DEAL,PLACE,9077,SELL_LIMIT,S,4,ENT,1.11964,0.00000
4,-1,1791194118826,DEAL,REMOVE,9074,BUY_LIMIT,S,2,EXT,1.11724,0.00000
4,-1,1791194118869,DEAL,FILL,9075,SELL_LIMIT,S,3,ENT,1.11894,0.00000
4,-1,1791196358909,DEAL,PLACE,9078,BUY_LIMIT,S,4,EXT,1.11864,0.00000
4,-1,1791196359446,DEAL,PLACE,9079,SELL_LIMIT,S,5,ENT,1.12034,0.00000
4,-1,1791196359983,DEAL,REMOVE,9076,BUY_LIMIT,S,3,EXT,1.11794,0.00000
4,-1,1791196360026,DEAL,FILL,9077,SELL_LIMIT,S,4,ENT,1.11964,0.00000
4,-1,1791196874602,DEAL,PLACE,9080,BUY_LIMIT,S,5,EXT,1.11937,0.00000
4,-1,1791196875139,DEAL,PLACE,9081,SELL_LIMIT,S,6,ENT,1.12107,0.00000
4,-1,1791196875676,DEAL,REMOVE,9078,BUY_LIMIT,S,4,EXT,1.11864,0.00000
4,-1,1791196875719,DEAL,FILL,9079,SELL_LIMIT,S,5,ENT,1.12034,0.00000
4,-1,1791200784945,DEAL,PLACE,9082,BUY_LIMIT,S,6,EXT,1.12007,0.00000
4,-1,1791200785482,DEAL,PLACE,9083,SELL_LIMIT,S,7,ENT,1.12177,0.00000
4,-1,1791200786019,DEAL,REMOVE,9080,BUY_LIMIT,S,5,EXT,1.11937,0.00000
4,-1,1791200786062,DEAL,FILL,9081,SELL_LIMIT,S,6,ENT,1.12107,0.00000
4,-1,1791202294091,DEAL,FILL,9038,SELL_LIMIT,L,7,EXT,1.12172,0.00000
4,-1,1791202295128,CB_DONE,PLACE,9084,SELL_LIMIT,L,6,EXT,1.12250,0.00000
4,-1,1791202295665,ENGINE,PLACE,9085,BUY_LIMIT,L,7,ENT,1.12072,0.00000
4,-1,1791202299531,DEAL,PLACE,9086,BUY_LIMIT,S,7,EXT,1.12074,0.00000
4,-1,1791202300068,DEAL,REMOVE,9082,BUY_LIMIT,S,6,EXT,1.12007,0.00000
4,-1,1791202300111,DEAL,FILL,9083,SELL_LIMIT,S,7,ENT,1.12177,0.00000
4,-1,1791204295375,DEAL,FILL,9086,BUY_LIMIT,S,7,EXT,1.12074,0.00000
4,-1,1791204296615,CB_DONE,PLACE,9087,BUY_LIMIT,S,6,EXT,1.12007,0.00000
4,-1,1791204297152,ENGINE,PLACE,9088,SELL_LIMIT,S,7,ENT,1.12177,0.00000
4,-1,1791204301596,DEAL,PLACE,9089,SELL_LIMIT,L,7,EXT,1.12169,0.00000
4,-1,1791204302133,DEAL,REMOVE,9084,SELL_LIMIT,L,6,EXT,1.12250,0.00000
4,-1,1791204302176,DEAL,FILL,9085,BUY_LIMIT,L,7,ENT,1.12072,0.00000
4,-1,1791208444523,DEAL,FILL,9087,BUY_LIMIT,S,6,EXT,1.12007,0.00000
4,-1,1791208446180,CB_DONE,PLACE,9090,BUY_LIMIT,S,5,EXT,1.11937,0.00000
4,-1,1791208447496,ENGINE,REMOVE,9088,SELL_LIMIT,S,7,ENT,1.12177,0.00000
4,-1,1791208448287,ENGINE,PLACE,9091,SELL_LIMIT,S,6,ENT,1.12107,0.00000
4,-1,1791208481504,LATTICE,MODIFY,9089,SELL_LIMIT,L,7,EXT,1.12099,1.12169
4,-1,1791210517759,DEAL,FILL,9089,SELL_LIMIT,L,7,EXT,1.12099,0.00000
4,-1,1791210518396,DEAL,PLACE,9092,BUY_LIMIT,S,6,EXT,1.12008,0.00000
4,-1,1791210518933,DEAL,PLACE,9093,SELL_LIMIT,S,7,ENT,1.12178,0.00000
4,-1,1791210519470,DEAL,REMOVE,9090,BUY_LIMIT,S,5,EXT,1.11937,0.00000
4,-1,1791210519513,DEAL,FILL,9091,SELL_LIMIT,S,6,ENT,1.12107,0.00000
4,-1,1791210519513,CB_DONE,PLACE,9094,SELL_LIMIT,L,6,EXT,1.12250,0.00000
4,-1,1791210520050,ENGINE,PLACE,9095,BUY_LIMIT,L,7,ENT,1.12072,0.00000
4,-1,1791211010921,DEAL,PLACE,9096,SELL_LIMIT,L,7,EXT,1.12171,0.00000
4,-1,1791211011458,DEAL,REMOVE,9094,SELL_LIMIT,L,6,EXT,1.12250,0.00000
4,-1,1791211011501,DEAL,FILL,9095,BUY_LIMIT,L,7,ENT,1.12072,0.00000
4,-1,1791213743890,DEAL,FILL,9092,BUY_LIMIT,S,6,EXT,1.12008,0.00000
4,-1,1791213744525,CB_DONE,PLACE,9097,BUY_LIMIT,S,5,EXT,1.11937,0.00000
4,-1,1791213745236,ENGINE,REMOVE,9093,SELL_LIMIT,S,7,ENT,1.12178,0.00000
4,-1,1791213745838,ENGINE,PLACE,9098,SELL_LIMIT,S,6,ENT,1.12107,0.00000
4,-1,1791213772567,LATTICE,MODIFY,9096,SELL_LIMIT,L,7,EXT,1.12101,1.12171
4,-1,1791214197738,DEAL,FILL,9096,SELL_LIMIT,L,7,EXT,1.12101,0.00000
4,-1,1791214200389,CB_DONE,PLACE,9099,SELL_LIMIT,L,6,EXT,1.12250,0.00000
4,-1,1791214200926,ENGINE,PLACE,9100,BUY_LIMIT,L,7,ENT,1.12072,0.00000
4,-1,1791214201965,DEAL,PLACE,9101,BUY_LIMIT,S,6,EXT,1.12009,0.00000
4,-1,1791214202502,DEAL,PLACE,9102,SELL_LIMIT,S,7,ENT,1.12179,0.00000
4,-1,1791214203039,DEAL,REMOVE,9097,BUY_LIMIT,S,5,EXT,1.11937,0.00000
4,-1,1791214203082,DEAL,FILL,9098,SELL_LIMIT,S,6,ENT,1.12107,0.00000
4,-1,1791214808297,DEAL,PLACE,9103,SELL_LIMIT,L,7,EXT,1.12171,0.00000
4,-1,1791214808834,DEAL,REMOVE,9099,SELL_LIMIT,L,6,EXT,1.12250,0.00000
4,-1,1791214808877,DEAL,FILL,9100,BUY_LIMIT,L,7,ENT,1.12072,0.00000
4,-1,1791217701664,DEAL,FILL,9101,BUY_LIMIT,S,6,EXT,1.12009,0.00000
4,-1,1791217702103,CB_DONE,PLACE,9104,BUY_LIMIT,S,5,EXT,1.11937,0.00000
4,-1,1791217702640,ENGINE,REMOVE,9102,SELL_LIMIT,S,7,ENT,1.12179,0.00000
4,-1,1791217703013,ENGINE,PLACE,9105,SELL_LIMIT,S,6,ENT,1.12107,0.00000
4,-1,1791217864500,LATTICE,MODIFY,9103,SELL_LIMIT,L,7,EXT,1.12101,1.12171
4,-1,1791218176811,DEAL,FILL,9104,BUY_LIMIT,S,5,EXT,1.11937,0.00000
4,-1,1791218178039,CB_DONE,PLACE,9106,BUY_LIMIT,S,4,EXT,1.11864,0.00000
4,-1,1791218178576,ENGINE,REMOVE,9105,SELL_LIMIT,S,6,ENT,1.12107,0.00000
4,-1,1791218178948,ENGINE,PLACE,9107,SELL_LIMIT,S,5,ENT,1.12034,0.00000
4,-1,1791222467788,DEAL,PLACE,9108,BUY_LIMIT,S,5,EXT,1.11936,0.00000
4,-1,1791222468325,DEAL,PLACE,9109,SELL_LIMIT,S,6,ENT,1.12106,0.00000
4,-1,1791222468862,DEAL,REMOVE,9106,BUY_LIMIT,S,4,EXT,1.11864,0.00000
4,-1,1791222468905,DEAL,FILL,9107,SELL_LIMIT,S,5,ENT,1.12034,0.00000
4,-1,1791223238876,DEAL,FILL,9103,SELL_LIMIT,L,7,EXT,1.12101,0.00000
4,-1,1791223239722,CB_DONE,PLACE,9110,SELL_LIMIT,L,6,EXT,1.12250,0.00000
4,-1,1791223242635,ENGINE,PLACE,9111,BUY_LIMIT,L,7,ENT,1.12072,0.00000
4,-1,1791223268813,DEAL,PLACE,9112,BUY_LIMIT,S,6,EXT,1.12006,0.00000
4,-1,1791223269350,DEAL,PLACE,9113,SELL_LIMIT,S,7,ENT,1.12176,0.00000
4,-1,1791223269887,DEAL,REMOVE,9108,BUY_LIMIT,S,5,EXT,1.11936,0.00000
4,-1,1791223269930,DEAL,FILL,9109,SELL_LIMIT,S,6,ENT,1.12106,0.00000
4,-1,1791227168650,DEAL,PLACE,9114,SELL_LIMIT,L,7,EXT,1.12170,0.00000
4,-1,1791227169187,DEAL,REMOVE,9110,SELL_LIMIT,L,6,EXT,1.12250,0.00000
4,-1,1791227169230,DEAL,FILL,9111,BUY_LIMIT,L,7,ENT,1.12072,0.00000
4,-1,1791230703568,DEAL,FILL,9112,BUY_LIMIT,S,6,EXT,1.12006,0.00000
4,-1,1791230704001,CB_DONE,PLACE,9115,BUY_LIMIT,S,5,EXT,1.11936,0.00000
4,-1,1791230704538,ENGINE,REMOVE,9113,SELL_LIMIT,S,7,ENT,1.12176,0.00000
4,-1,1791230704711,ENGINE,PLACE,9116,SELL_LIMIT,S,6,ENT,1.12106,0.00000
4,-1,1791230724399,LATTICE,MODIFY,9114,SELL_LIMIT,L,7,EXT,1.12100,1.12170
4,-1,1791233856935,DEAL,FILL,9114,SELL_LIMIT,L,7,EXT,1.12100,0.00000
4,-1,1791233857364,CB_DONE,PLACE,9117,SELL_LIMIT,L,6,EXT,1.12250,0.00000
4,-1,1791233857901,ENGINE,PLACE,9118,BUY_LIMIT,L,7,ENT,1.12072,0.00000
4,-1,1791233997350,DEAL,PLACE,9119,BUY_LIMIT,S,6,EXT,1.12006,0.00000
4,-1,1791233997887,DEAL,PLACE,9120,SELL_LIMIT,S,7,ENT,1.12176,0.00000
4,-1,1791233998424,DEAL,REMOVE,9115,BUY_LIMIT,S,5,EXT,1.11936,0.00000
4,-1,1791233998467,DEAL,FILL,9116,SELL_LIMIT,S,6,ENT,1.12106,0.00000
4,-1,1791238759074,DEAL,PLACE,9121,BUY_LIMIT,S,7,EXT,1.12077,0.00000
4,-1,1791238759611,DEAL,REMOVE,9119,BUY_LIMIT,S,6,EXT,1.12006,0.00000
4,-1,1791238759654,DEAL,FILL,9120,SELL_LIMIT,S,7,ENT,1.12176,0.00000
4,-1,1791244209366,LATTICE,MODIFY,9058,BUY_LIMIT,S,0,EXT,1.12147,1.11584
4,-1,1791244209904,LATTICE,PLACE,9122,BUY_LIMIT,S,1,EXT,1.11655,0.00000
4,-1,1791244210441,LATTICE,REMOVE,9121,BUY_LIMIT,S,7,EXT,1.12077,0.00000
4,-1,1791244252001,TIMER,MODIFY,1979967856,SELL_LIMIT,L,0,EXT,1.13253,1.13245
4,-1,1791244432001,TIMER,MODIFY,9058,BUY_LIMIT,S,0,EXT,1.12148,1.12147
4,-1,1791244432539,TIMER,MODIFY,9117,SELL_LIMIT,L,6,EXT,1.12258,1.12250
4,-1,1791244492001,TIMER,MODIFY,9122,BUY_LIMIT,S,1,EXT,1.11656,1.11655
5,-1,1791252994001,SEED,PLACE,1979967856,SELL_LIMIT,L,0,EXT,1.13253,0.00000
5,-1,1791252994001,SEED,PLACE,1988240417,SELL_LIMIT,L,5,EXT,1.12328,0.00000
5,-1,1791252994001,SEED,PLACE,1988240492,BUY_LIMIT,L,6,ENT,1.12142,0.00000
5,-1,1791252994001,SEED,PLACE,1985808612,BUY_LIMIT,S,0,EXT,1.12148,0.00000
5,-1,1791252994001,SEED,PLACE,1988240941,BUY_LIMIT,S,1,EXT,1.11656,0.00000
6,-1,1791253193000,SEED,PLACE,1979967856,SELL_LIMIT,L,0,EXT,1.13253,0.00000
6,-1,1791253193000,SEED,PLACE,1988240417,SELL_LIMIT,L,5,EXT,1.12328,0.00000
6,-1,1791253193000,SEED,PLACE,1988240492,BUY_LIMIT,L,6,ENT,1.12142,0.00000
6,-1,1791253193000,SEED,PLACE,1985808612,BUY_LIMIT,S,0,EXT,1.12148,0.00000
6,-1,1791253193000,SEED,PLACE,1988240941,BUY_LIMIT,S,1,EXT,1.11656,0.00000
6,-1,1791255837811,DEAL,FILL,1985808612,BUY_LIMIT,S,0,EXT,1.12148,0.00000
6,-1,1791255839053,CB_DONE,PLACE,9000,BUY_LIMIT,S,7,EXT,1.12078,0.00000
6,-1,1791255840176,ENGINE,PLACE,9001,SELL_LIMIT,S,8,ENT,1.12247,0.00000
6,-1,1791255959116,DEAL,PLACE,9002,SELL_LIMIT,L,6,EXT,1.12243,0.00000
6,-1,1791255959653,DEAL,PLACE,9003,BUY_LIMIT,L,7,ENT,1.12073,0.00000
6,-1,1791255960190,DEAL,REMOVE,1988240417,SELL_LIMIT,L,5,EXT,1.12328,0.00000
6,-1,1791255960233,DEAL,FILL,1988240492,BUY_LIMIT,L,6,ENT,1.12142,0.00000
6,-1,1791259212872,DEAL,FILL,9002,SELL_LIMIT,L,6,EXT,1.12243,0.00000
6,-1,1791259216339,CB_DONE,PLACE,9004,SELL_LIMIT,L,5,EXT,1.12328,0.00000
6,-1,1791259216876,ENGINE,REMOVE,9003,BUY_LIMIT,L,7,ENT,1.12073,0.00000
6,-1,1791259222457,ENGINE,PLACE,9005,BUY_LIMIT,L,6,ENT,1.12142,0.00000
6,-1,1791259222994,DEAL,PLACE,9006,BUY_LIMIT,S,8,EXT,1.12147,0.00000
6,-1,1791259223531,DEAL,REMOVE,9000,BUY_LIMIT,S,7,EXT,1.12078,0.00000
6,-1,1791259223574,DEAL,FILL,9001,SELL_LIMIT,S,8,ENT,1.12247,0.00000
6,-1,1791263686798,DEAL,FILL,9006,BUY_LIMIT,S,8,EXT,1.12147,0.00000
6,-1,1791263700333,CB_DONE,PLACE,9007,BUY_LIMIT,S,7,EXT,1.12078,0.00000
6,-1,1791263701247,ENGINE,PLACE,9008,SELL_LIMIT,S,8,ENT,1.12247,0.00000
6,-1,1791263834655,DEAL,PLACE,9009,SELL_LIMIT,L,6,EXT,1.12241,0.00000
6,-1,1791263835192,DEAL,PLACE,9010,BUY_LIMIT,L,7,ENT,1.12071,0.00000
6,-1,1791263835729,DEAL,REMOVE,9004,SELL_LIMIT,L,5,EXT,1.12328,0.00000
6,-1,1791263835772,DEAL,FILL,9005,BUY_LIMIT,L,6,ENT,1.12142,0.00000
7,-1,1791268423001,SEED,PLACE,1979967856,SELL_LIMIT,L,0,EXT,1.13253,0.00000
7,-1,1791268423001,SEED,PLACE,1988697118,SELL_LIMIT,L,6,EXT,1.12241,0.00000
7,-1,1791268423001,SEED,PLACE,1988697123,BUY_LIMIT,L,7,ENT,1.12071,0.00000
7,-1,1791268423001,SEED,PLACE,1988240941,BUY_LIMIT,S,1,EXT,1.11656,0.00000
7,-1,1791268423001,SEED,PLACE,1988692978,BUY_LIMIT,S,7,EXT,1.12078,0.00000
7,-1,1791268423001,SEED,PLACE,1988693327,SELL_LIMIT,S,8,ENT,1.12247,0.00000
7,-1,1791269033744,DEAL,FILL,1988697118,SELL_LIMIT,L,6,EXT,1.12241,0.00000
7,-1,1791269034180,CB_DONE,PLACE,9000,SELL_LIMIT,L,5,EXT,1.12328,0.00000
7,-1,1791269034717,ENGINE,REMOVE,1988697123,BUY_LIMIT,L,7,ENT,1.12071,0.00000
7,-1,1791269035304,ENGINE,PLACE,9001,BUY_LIMIT,L,6,ENT,1.12142,0.00000
7,-1,1791269141530,DEAL,PLACE,9002,BUY_LIMIT,S,8,EXT,1.12147,0.00000
7,-1,1791269142067,DEAL,REMOVE,1988692978,BUY_LIMIT,S,7,EXT,1.12078,0.00000
7,-1,1791269142110,DEAL,FILL,1988693327,SELL_LIMIT,S,8,ENT,1.12247,0.00000
7,-1,1791275237990,DEAL,FILL,9002,BUY_LIMIT,S,8,EXT,1.12147,0.00000
7,-1,1791275239625,CB_DONE,PLACE,9003,BUY_LIMIT,S,7,EXT,1.12078,0.00000
7,-1,1791275240162,ENGINE,PLACE,9004,SELL_LIMIT,S,8,ENT,1.12247,0.00000
7,-1,1791275248823,DEAL,PLACE,9005,SELL_LIMIT,L,6,EXT,1.12242,0.00000
7,-1,1791275249360,DEAL,PLACE,9006,BUY_LIMIT,L,7,ENT,1.12072,0.00000
7,-1,1791275249897,DEAL,REMOVE,9000,SELL_LIMIT,L,5,EXT,1.12328,0.00000
7,-1,1791275249940,DEAL,FILL,9001,BUY_LIMIT,L,6,ENT,1.12142,0.00000
7,-1,1791277545196,DEAL,FILL,9003,BUY_LIMIT,S,7,EXT,1.12078,0.00000
7,-1,1791277545829,CB_DONE,PLACE,9007,BUY_LIMIT,S,6,EXT,1.12007,0.00000
7,-1,1791277546366,ENGINE,REMOVE,9004,SELL_LIMIT,S,8,ENT,1.12247,0.00000
7,-1,1791277548359,ENGINE,PLACE,9008,SELL_LIMIT,S,7,ENT,1.12176,0.00000
7,-1,1791277597316,DEAL,PLACE,9009,SELL_LIMIT,L,7,EXT,1.12169,0.00000
7,-1,1791277597853,DEAL,REMOVE,9005,SELL_LIMIT,L,6,EXT,1.12242,0.00000
7,-1,1791277597896,DEAL,FILL,9006,BUY_LIMIT,L,7,ENT,1.12072,0.00000
7,-1,1791281707371,DEAL,FILL,9009,SELL_LIMIT,L,7,EXT,1.12169,0.00000
7,-1,1791281707809,CB_DONE,PLACE,9010,SELL_LIMIT,L,6,EXT,1.12242,0.00000
7,-1,1791281708346,ENGINE,PLACE,9011,BUY_LIMIT,L,7,ENT,1.12072,0.00000
7,-1,1791281714834,DEAL,PLACE,9012,BUY_LIMIT,S,7,EXT,1.12076,0.00000
7,-1,1791281715371,DEAL,PLACE,9013,SELL_LIMIT,S,8,ENT,1.12246,0.00000
7,-1,1791281715908,DEAL,REMOVE,9007,BUY_LIMIT,S,6,EXT,1.12007,0.00000
7,-1,1791281715951,DEAL,FILL,9008,SELL_LIMIT,S,7,ENT,1.12176,0.00000
7,-1,1791282942497,DEAL,FILL,9010,SELL_LIMIT,L,6,EXT,1.12242,0.00000
7,-1,1791282942936,CB_DONE,PLACE,9014,SELL_LIMIT,L,5,EXT,1.12328,0.00000
7,-1,1791282943473,ENGINE,REMOVE,9011,BUY_LIMIT,L,7,ENT,1.12072,0.00000
7,-1,1791282943861,ENGINE,PLACE,9015,BUY_LIMIT,L,6,ENT,1.12142,0.00000
7,-1,1791282975094,DEAL,PLACE,9016,BUY_LIMIT,S,8,EXT,1.12146,0.00000
7,-1,1791282975631,DEAL,REMOVE,9012,BUY_LIMIT,S,7,EXT,1.12076,0.00000
7,-1,1791282975674,DEAL,FILL,9013,SELL_LIMIT,S,8,ENT,1.12246,0.00000
7,-1,1791283853206,LATTICE,MODIFY,1988240941,BUY_LIMIT,S,1,EXT,1.12217,1.11656
7,-1,1791283853744,LATTICE,PLACE,9017,BUY_LIMIT,S,2,EXT,1.11725,0.00000
7,-1,1791283854281,LATTICE,REMOVE,9016,BUY_LIMIT,S,8,EXT,1.12146,0.00000
7,-1,1791283999496,DEAL,FILL,9014,SELL_LIMIT,L,5,EXT,1.12328,0.00000
7,-1,1791284001739,CB_DONE,PLACE,9018,SELL_LIMIT,L,4,EXT,1.12398,0.00000
7,-1,1791284002276,ENGINE,REMOVE,9015,BUY_LIMIT,L,6,ENT,1.12142,0.00000
7,-1,1791284002453,ENGINE,PLACE,9019,BUY_LIMIT,L,5,ENT,1.12212,0.00000
7,-1,1791284256160,LATTICE,MODIFY,9017,BUY_LIMIT,S,2,EXT,1.12287,1.11725
7,-1,1791284256698,LATTICE,PLACE,9020,BUY_LIMIT,S,3,EXT,1.11795,0.00000
7,-1,1791284257235,LATTICE,REMOVE,1988240941,BUY_LIMIT,S,1,EXT,1.12217,0.00000
7,-1,1791284271123,DEAL,FILL,9018,SELL_LIMIT,L,4,EXT,1.12398,0.00000
7,-1,1791284271974,CB_DONE,PLACE,9021,SELL_LIMIT,L,3,EXT,1.12468,0.00000
7,-1,1791284272511,ENGINE,REMOVE,9019,BUY_LIMIT,L,5,ENT,1.12212,0.00000
7,-1,1791284272677,ENGINE,PLACE,9022,BUY_LIMIT,L,4,ENT,1.12282,0.00000
7,-1,1791284913107,DEAL,FILL,9017,BUY_LIMIT,S,2,EXT,1.12287,0.00000
7,-1,1791284913751,CB_DONE,PLACE,9023,BUY_LIMIT,S,1,EXT,1.12217,0.00000
7,-1,1791284914288,ENGINE,PLACE,9024,SELL_LIMIT,S,9,ENT,1.12386,0.00000
7,-1,1791285372782,DEAL,PLACE,9025,SELL_LIMIT,L,4,EXT,1.12382,0.00000
7,-1,1791285373319,DEAL,PLACE,9026,BUY_LIMIT,L,5,ENT,1.12212,0.00000
7,-1,1791285373856,DEAL,REMOVE,9021,SELL_LIMIT,L,3,EXT,1.12468,0.00000
7,-1,1791285373899,DEAL,FILL,9022,BUY_LIMIT,L,4,ENT,1.12282,0.00000
7,-1,1791286623033,DEAL,FILL,9025,SELL_LIMIT,L,4,EXT,1.12382,0.00000
7,-1,1791286624282,DEAL,PLACE,9027,BUY_LIMIT,S,9,EXT,1.12286,0.00000
7,-1,1791286624819,DEAL,REMOVE,9023,BUY_LIMIT,S,1,EXT,1.12217,0.00000
7,-1,1791286624862,DEAL,FILL,9024,SELL_LIMIT,S,9,ENT,1.12386,0.00000
7,-1,1791286624862,CB_DONE,PLACE,9028,SELL_LIMIT,L,3,EXT,1.12468,0.00000
7,-1,1791286625399,ENGINE,REMOVE,9026,BUY_LIMIT,L,5,ENT,1.12212,0.00000
7,-1,1791286626779,ENGINE,PLACE,9029,BUY_LIMIT,L,4,ENT,1.12282,0.00000
7,-1,1791286877951,LATTICE,MODIFY,9020,BUY_LIMIT,S,3,EXT,1.12357,1.11795
7,-1,1791286878489,LATTICE,PLACE,9030,BUY_LIMIT,S,4,EXT,1.11865,0.00000
7,-1,1791286879026,LATTICE,REMOVE,9027,BUY_LIMIT,S,9,EXT,1.12286,0.00000
7,-1,1791286992742,DEAL,FILL,9028,SELL_LIMIT,L,3,EXT,1.12468,0.00000
7,-1,1791286994189,CB_DONE,PLACE,9031,SELL_LIMIT,L,2,EXT,1.12538,0.00000
7,-1,1791286994726,ENGINE,REMOVE,9029,BUY_LIMIT,L,4,ENT,1.12282,0.00000
7,-1,1791286997125,ENGINE,PLACE,9032,BUY_LIMIT,L,3,ENT,1.12352,0.00000
7,-1,1791288851668,DEAL,FILL,9020,BUY_LIMIT,S,3,EXT,1.12357,0.00000
7,-1,1791288852911,CB_DONE,PLACE,9033,BUY_LIMIT,S,9,EXT,1.12286,0.00000
7,-1,1791288854027,ENGINE,PLACE,9034,SELL_LIMIT,S,10,ENT,1.12456,0.00000
7,-1,1791289255989,DEAL,PLACE,9035,SELL_LIMIT,L,3,EXT,1.12447,0.00000
7,-1,1791289256526,DEAL,PLACE,9036,BUY_LIMIT,L,4,ENT,1.12277,0.00000
7,-1,1791289257063,DEAL,REMOVE,9031,SELL_LIMIT,L,2,EXT,1.12538,0.00000
7,-1,1791289257106,DEAL,FILL,9032,BUY_LIMIT,L,3,ENT,1.12352,0.00000
7,-1,1791290041865,DEAL,FILL,9035,SELL_LIMIT,L,3,EXT,1.12447,0.00000
7,-1,1791290042704,CB_DONE,PLACE,9037,SELL_LIMIT,L,2,EXT,1.12538,0.00000
7,-1,1791290043241,ENGINE,REMOVE,9036,BUY_LIMIT,L,4,ENT,1.12277,0.00000
7,-1,1791290043832,ENGINE,PLACE,9038,BUY_LIMIT,L,3,ENT,1.12352,0.00000
7,-1,1791290066008,DEAL,PLACE,9039,BUY_LIMIT,S,10,EXT,1.12359,0.00000
7,-1,1791290066545,DEAL,REMOVE,9033,BUY_LIMIT,S,9,EXT,1.12286,0.00000
7,-1,1791290066588,DEAL,FILL,9034,SELL_LIMIT,S,10,ENT,1.12456,0.00000
7,-1,1791296131224,LATTICE,MODIFY,9030,BUY_LIMIT,S,4,EXT,1.12430,1.11865
7,-1,1791296131762,LATTICE,PLACE,9040,BUY_LIMIT,S,5,EXT,1.11937,0.00000
7,-1,1791296132299,LATTICE,REMOVE,9039,BUY_LIMIT,S,10,EXT,1.12359,0.00000
7,-1,1791296133110,DEAL,FILL,9037,SELL_LIMIT,L,2,EXT,1.12538,0.00000
7,-1,1791296133545,CB_DONE,PLACE,9041,SELL_LIMIT,L,1,EXT,1.13183,0.00000
7,-1,1791296134082,ENGINE,REMOVE,9038,BUY_LIMIT,L,3,ENT,1.12352,0.00000
7,-1,1791296134657,ENGINE,PLACE,9042,BUY_LIMIT,L,2,ENT,1.12532,0.00000
7,-1,1791296148176,DEAL,PLACE,9043,SELL_LIMIT,L,2,EXT,1.12632,0.00000
7,-1,1791296148713,DEAL,PLACE,9044,BUY_LIMIT,L,3,ENT,1.12462,0.00000
7,-1,1791296149250,DEAL,REMOVE,9041,SELL_LIMIT,L,1,EXT,1.13183,0.00000
7,-1,1791296149293,DEAL,FILL,9042,BUY_LIMIT,L,2,ENT,1.12532,0.00000
7,-1,1791296731783,LATTICE,MODIFY,9040,BUY_LIMIT,S,5,EXT,1.12500,1.11937
7,-1,1791296732321,LATTICE,PLACE,9045,BUY_LIMIT,S,6,EXT,1.12007,0.00000
7,-1,1791296732858,LATTICE,REMOVE,9030,BUY_LIMIT,S,4,EXT,1.12430,0.00000
7,-1,1791296737539,DEAL,FILL,9043,SELL_LIMIT,L,2,EXT,1.12632,0.00000
7,-1,1791296737976,CB_DONE,PLACE,9046,SELL_LIMIT,L,1,EXT,1.13183,0.00000
7,-1,1791296738513,ENGINE,REMOVE,9044,BUY_LIMIT,L,3,ENT,1.12462,0.00000
7,-1,1791296738889,ENGINE,PLACE,9047,BUY_LIMIT,L,2,ENT,1.12624,0.00000
7,-1,1791296766478,ENGINE,MODIFY,9047,BUY_LIMIT,L,2,ENT,1.12645,1.12624
7,-1,1791296767350,DEAL,PLACE,9048,SELL_LIMIT,L,2,EXT,1.12746,0.00000
7,-1,1791296767887,DEAL,PLACE,9049,BUY_LIMIT,L,3,ENT,1.12576,0.00000
7,-1,1791296768424,DEAL,REMOVE,9046,SELL_LIMIT,L,1,EXT,1.13183,0.00000
7,-1,1791296768467,DEAL,FILL,9047,BUY_LIMIT,L,2,ENT,1.12645,0.00000
7,-1,1791297649831,LATTICE,MODIFY,9045,BUY_LIMIT,S,6,EXT,1.12570,1.12007
7,-1,1791297650369,LATTICE,PLACE,9050,BUY_LIMIT,S,7,EXT,1.12076,0.00000
7,-1,1791297650906,LATTICE,REMOVE,9040,BUY_LIMIT,S,5,EXT,1.12500,0.00000
7,-1,1791298994203,LATTICE,MODIFY,9050,BUY_LIMIT,S,7,EXT,1.12639,1.12076
7,-1,1791298994741,LATTICE,PLACE,9051,BUY_LIMIT,S,8,EXT,1.12146,0.00000
7,-1,1791298995278,LATTICE,REMOVE,9045,BUY_LIMIT,S,6,EXT,1.12570,0.00000
7,-1,1791299001104,DEAL,FILL,9048,SELL_LIMIT,L,2,EXT,1.12746,0.00000
7,-1,1791299002342,CB_DONE,PLACE,9052,SELL_LIMIT,L,1,EXT,1.13183,0.00000
7,-1,1791299002879,ENGINE,REMOVE,9049,BUY_LIMIT,L,3,ENT,1.12576,0.00000
7,-1,1791299003069,ENGINE,PLACE,9053,BUY_LIMIT,L,2,ENT,1.12746,0.00000
7,-1,1791299003922,DEAL,PLACE,9054,SELL_LIMIT,L,2,EXT,1.12846,0.00000
7,-1,1791299004459,DEAL,PLACE,9055,BUY_LIMIT,L,3,ENT,1.12676,0.00000
7,-1,1791299004996,DEAL,REMOVE,9052,SELL_LIMIT,L,1,EXT,1.13183,0.00000
7,-1,1791299005039,DEAL,FILL,9053,BUY_LIMIT,L,2,ENT,1.12746,0.00000
7,-1,1791299190021,DEAL,PLACE,9056,SELL_LIMIT,L,3,EXT,1.12776,0.00000
7,-1,1791299190558,DEAL,PLACE,9057,BUY_LIMIT,L,4,ENT,1.12606,0.00000
7,-1,1791299191095,DEAL,REMOVE,9054,SELL_LIMIT,L,2,EXT,1.12846,0.00000
7,-1,1791299191138,DEAL,FILL,9055,BUY_LIMIT,L,3,ENT,1.12676,0.00000
7,-1,1791300499262,DEAL,FILL,9050,BUY_LIMIT,S,7,EXT,1.12639,0.00000
7,-1,1791300502506,CB_DONE,PLACE,9058,BUY_LIMIT,S,6,EXT,1.12570,0.00000
7,-1,1791300507265,ENGINE,PLACE,9059,SELL_LIMIT,S,11,ENT,1.12739,0.00000
7,-1,1791301504768,DEAL,PLACE,9060,SELL_LIMIT,L,4,EXT,1.12705,0.00000
7,-1,1791301505305,DEAL,PLACE,9061,BUY_LIMIT,L,5,ENT,1.12535,0.00000
7,-1,1791301505842,DEAL,REMOVE,9056,SELL_LIMIT,L,3,EXT,1.12776,0.00000
7,-1,1791301505885,DEAL,FILL,9057,BUY_LIMIT,L,4,ENT,1.12606,0.00000
7,-1,1791301992329,DEAL,FILL,9058,BUY_LIMIT,S,6,EXT,1.12570,0.00000
7,-1,1791301992767,CB_DONE,PLACE,9062,BUY_LIMIT,S,5,EXT,1.12500,0.00000
7,-1,1791301993304,ENGINE,MODIFY,9059,SELL_LIMIT,S,11,ENT,1.12669,1.12739
7,-1,1791303973244,DEAL,PLACE,9063,SELL_LIMIT,L,5,EXT,1.12635,0.00000
7,-1,1791303973781,DEAL,PLACE,9064,BUY_LIMIT,L,6,ENT,1.12465,0.00000
7,-1,1791303974318,DEAL,REMOVE,9060,SELL_LIMIT,L,4,EXT,1.12705,0.00000
7,-1,1791303974361,DEAL,FILL,9061,BUY_LIMIT,L,5,ENT,1.12535,0.00000
7,-1,1791304768428,DEAL,FILL,9062,BUY_LIMIT,S,5,EXT,1.12500,0.00000
7,-1,1791304768860,CB_DONE,PLACE,9065,BUY_LIMIT,S,4,EXT,1.12430,0.00000
7,-1,1791304769397,ENGINE,MODIFY,9059,SELL_LIMIT,S,11,ENT,1.12599,1.12669
7,-1,1791308458943,DEAL,PLACE,9066,SELL_LIMIT,L,6,EXT,1.12562,0.00000
7,-1,1791308459480,DEAL,PLACE,9067,BUY_LIMIT,L,7,ENT,1.12392,0.00000
7,-1,1791308460017,DEAL,REMOVE,9063,SELL_LIMIT,L,5,EXT,1.12635,0.00000
7,-1,1791308460060,DEAL,FILL,9064,BUY_LIMIT,L,6,ENT,1.12465,0.00000
7,-1,1791309218117,DEAL,FILL,9066,SELL_LIMIT,L,6,EXT,1.12562,0.00000
7,-1,1791309219165,CB_DONE,PLACE,9068,SELL_LIMIT,L,5,EXT,1.12635,0.00000
7,-1,1791309219702,ENGINE,REMOVE,9067,BUY_LIMIT,L,7,ENT,1.12392,0.00000
7,-1,1791309222896,ENGINE,PLACE,9069,BUY_LIMIT,L,6,ENT,1.12465,0.00000
7,-1,1791310020250,DEAL,PLACE,9070,BUY_LIMIT,S,11,EXT,1.12504,0.00000
7,-1,1791310020787,DEAL,PLACE,9071,SELL_LIMIT,S,12,ENT,1.12674,0.00000
7,-1,1791310021324,DEAL,FILL,9059,SELL_LIMIT,S,11,ENT,1.12599,0.00000
7,-1,1791310021324,DEAL,REMOVE,9065,BUY_LIMIT,S,4,EXT,1.12430,0.00000
7,-1,1791310557680,DEAL,FILL,9068,SELL_LIMIT,L,5,EXT,1.12635,0.00000
7,-1,1791310558316,CB_DONE,PLACE,9072,SELL_LIMIT,L,4,EXT,1.12705,0.00000
7,-1,1791310558853,ENGINE,REMOVE,9069,BUY_LIMIT,L,6,ENT,1.12465,0.00000
7,-1,1791310560046,ENGINE,PLACE,9073,BUY_LIMIT,L,5,ENT,1.12535,0.00000
7,-1,1791311763855,DEAL,PLACE,9074,BUY_LIMIT,S,12,EXT,1.12578,0.00000
7,-1,1791311764392,DEAL,PLACE,9075,SELL_LIMIT,S,13,ENT,1.12748,0.00000
7,-1,1791311764929,DEAL,REMOVE,9070,BUY_LIMIT,S,11,EXT,1.12504,0.00000
7,-1,1791311764972,DEAL,FILL,9071,SELL_LIMIT,S,12,ENT,1.12674,0.00000
7,-1,1791313873521,DEAL,FILL,9074,BUY_LIMIT,S,12,EXT,1.12578,0.00000
7,-1,1791313874164,CB_DONE,PLACE,9076,BUY_LIMIT,S,11,EXT,1.12504,0.00000
7,-1,1791313875680,ENGINE,REMOVE,9075,SELL_LIMIT,S,13,ENT,1.12748,0.00000
7,-1,1791313876492,ENGINE,PLACE,9077,SELL_LIMIT,S,12,ENT,1.12674,0.00000
7,-1,1791330643001,TIMER,MODIFY,1979967856,SELL_LIMIT,L,0,EXT,1.13277,1.13253
7,-1,1791330763001,TIMER,MODIFY,9072,SELL_LIMIT,L,4,EXT,1.12729,1.12705
7,-1,1791330823001,TIMER,MODIFY,9051,BUY_LIMIT,S,8,EXT,1.12150,1.12146
7,-1,1791330943001,TIMER,MODIFY,9076,BUY_LIMIT,S,11,EXT,1.12508,1.12504
7,-1,1791331201154,ENGINE,MODIFY,9073,BUY_LIMIT,L,5,ENT,1.12495,1.12535
7,-1,1791331201863,ENGINE,MODIFY,9073,BUY_LIMIT,L,5,ENT,1.12535,1.12495
7,-1,1791340987565,DEAL,PLACE,9078,SELL_LIMIT,L,5,EXT,1.12634,0.00000
7,-1,1791340988102,DEAL,PLACE,9079,BUY_LIMIT,L,6,ENT,1.12464,0.00000
7,-1,1791340988639,DEAL,REMOVE,9072,SELL_LIMIT,L,4,EXT,1.12729,0.00000
7,-1,1791340988682,DEAL,FILL,9073,BUY_LIMIT,L,5,ENT,1.12535,0.00000
7,-1,1791342461762,DEAL,FILL,9076,BUY_LIMIT,S,11,EXT,1.12508,0.00000
7,-1,1791342462998,CB_DONE,PLACE,9080,BUY_LIMIT,S,4,EXT,1.12434,0.00000
7,-1,1791342468541,ENGINE,REMOVE,9077,SELL_LIMIT,S,12,ENT,1.12674,0.00000
7,-1,1791342469740,ENGINE,PLACE,9081,SELL_LIMIT,S,11,ENT,1.12599,0.00000
7,-1,1791345704498,DEAL,PLACE,9082,SELL_LIMIT,L,6,EXT,1.12567,0.00000
7,-1,1791345705035,DEAL,PLACE,9083,BUY_LIMIT,L,7,ENT,1.12397,0.00000
7,-1,1791345705572,DEAL,REMOVE,9078,SELL_LIMIT,L,5,EXT,1.12634,0.00000
7,-1,1791345705615,DEAL,FILL,9079,BUY_LIMIT,L,6,ENT,1.12464,0.00000
7,-1,1791346901157,DEAL,FILL,9080,BUY_LIMIT,S,4,EXT,1.12434,0.00000
7,-1,1791346902211,CB_DONE,PLACE,9084,BUY_LIMIT,S,10,EXT,1.12363,0.00000
7,-1,1791346903701,ENGINE,MODIFY,9081,SELL_LIMIT,S,11,ENT,1.12529,1.12599
7,-1,1791348871820,DEAL,PLACE,9085,SELL_LIMIT,L,7,EXT,1.12497,0.00000
7,-1,1791348872357,DEAL,REMOVE,9082,SELL_LIMIT,L,6,EXT,1.12567,0.00000
7,-1,1791348872400,DEAL,FILL,9083,BUY_LIMIT,L,7,ENT,1.12397,0.00000
7,-1,1791349441405,DEAL,FILL,9084,BUY_LIMIT,S,10,EXT,1.12363,0.00000
7,-1,1791349444648,CB_DONE,PLACE,9086,BUY_LIMIT,S,9,EXT,1.12290,0.00000
7,-1,1791349445185,ENGINE,REMOVE,9081,SELL_LIMIT,S,11,ENT,1.12529,0.00000
7,-1,1791349456195,ENGINE,PLACE,9087,SELL_LIMIT,S,10,ENT,1.12456,0.00000
8,-1,1791350283005,SEED,PLACE,1979967856,SELL_LIMIT,L,0,EXT,1.13277,0.00000
8,-1,1791350283005,SEED,PLACE,1991677410,SELL_LIMIT,L,7,EXT,1.12497,0.00000
8,-1,1791350283005,SEED,PLACE,1990102658,BUY_LIMIT,S,8,EXT,1.12150,0.00000
8,-1,1791350283005,SEED,PLACE,1991707921,BUY_LIMIT,S,9,EXT,1.12290,0.00000
8,-1,1791350283005,SEED,PLACE,1991707961,SELL_LIMIT,S,10,ENT,1.12456,0.00000
9,-1,1791350480000,SEED,PLACE,1979967856,SELL_LIMIT,L,0,EXT,1.13277,0.00000
9,-1,1791350480000,SEED,PLACE,1991677410,SELL_LIMIT,L,7,EXT,1.12497,0.00000
9,-1,1791350480000,SEED,PLACE,1990102658,BUY_LIMIT,S,8,EXT,1.12150,0.00000
9,-1,1791350480000,SEED,PLACE,1991707921,BUY_LIMIT,S,9,EXT,1.12290,0.00000
9,-1,1791350480000,SEED,PLACE,1991707961,SELL_LIMIT,S,10,ENT,1.12456,0.00000
9,-1,1791358042876,DEAL,FILL,1991707921,BUY_LIMIT,S,9,EXT,1.12290,0.00000
9,-1,1791358044908,CB_DONE,PLACE,9000,BUY_LIMIT,S,1,EXT,1.12221,0.00000
9,-1,1791358045445,ENGINE,REMOVE,1991707961,SELL_LIMIT,S,10,ENT,1.12456,0.00000
9,-1,1791358046221,ENGINE,PLACE,9001,SELL_LIMIT,S,9,ENT,1.12386,0.00000
9,-1,1791365153018,DEAL,FILL,9000,BUY_LIMIT,S,1,EXT,1.12221,0.00000
9,-1,1791365153964,ENGINE,MODIFY,9001,SELL_LIMIT,S,9,ENT,1.12316,1.12386
9,-1,1791365724019,DEAL,PLACE,9002,BUY_LIMIT,S,9,EXT,1.12218,0.00000
9,-1,1791365724556,DEAL,PLACE,9003,SELL_LIMIT,S,10,ENT,1.12388,0.00000
9,-1,1791365725093,DEAL,FILL,9001,SELL_LIMIT,S,9,ENT,1.12316,0.00000
9,-1,1791368120071,DEAL,FILL,9002,BUY_LIMIT,S,9,EXT,1.12218,0.00000
9,-1,1791368122815,ENGINE,REMOVE,9003,SELL_LIMIT,S,10,ENT,1.12388,0.00000
9,-1,1791368123020,ENGINE,PLACE,9004,SELL_LIMIT,S,9,ENT,1.12316,0.00000
9,-1,1791368477217,DEAL,FILL,1990102658,BUY_LIMIT,S,8,EXT,1.12150,0.00000
9,-1,1791368477768,LATTICE,PLACE,9007,SELL_LIMIT,L,4,EXT,1.12311,0.00000
9,-1,1791368478305,LATTICE,REMOVE,1991677410,SELL_LIMIT,L,7,EXT,1.12497,0.00000
9,-1,1791368478348,ENGINE,PLACE,9008,SELL_LIMIT,S,0,ENT,1.12170,0.00000
9,-1,1791368478885,ENGINE,REMOVE,9004,SELL_LIMIT,S,9,ENT,1.12316,0.00000
9,-1,1791368516544,ENGINE,MODIFY,9008,SELL_LIMIT,S,0,ENT,1.12147,1.12170
9,-1,1791368623488,DEAL,PLACE,9009,BUY_LIMIT,S,0,EXT,1.12047,0.00000
9,-1,1791368624025,DEAL,PLACE,9010,SELL_LIMIT,S,1,ENT,1.12217,0.00000
9,-1,1791368624562,DEAL,FILL,9008,SELL_LIMIT,S,0,ENT,1.12147,0.00000
9,-1,1791369624024,DEAL,FILL,9009,BUY_LIMIT,S,0,EXT,1.12047,0.00000
9,-1,1791369626172,LATTICE,PLACE,9012,SELL_LIMIT,L,6,EXT,1.12147,0.00000
9,-1,1791369626709,LATTICE,REMOVE,9007,SELL_LIMIT,L,4,EXT,1.12311,0.00000
9,-1,1791369626752,ENGINE,PLACE,9013,SELL_LIMIT,S,0,ENT,1.12067,0.00000
9,-1,1791369627289,ENGINE,REMOVE,9010,SELL_LIMIT,S,1,ENT,1.12217,0.00000
9,-1,1791369736529,DEAL,PLACE,9014,BUY_LIMIT,S,0,EXT,1.11968,0.00000
9,-1,1791369737066,DEAL,PLACE,9015,SELL_LIMIT,S,1,ENT,1.12138,0.00000
9,-1,1791369737603,DEAL,FILL,9013,SELL_LIMIT,S,0,ENT,1.12067,0.00000
9,-1,1791370392172,DEAL,FILL,9014,BUY_LIMIT,S,0,EXT,1.11968,0.00000
9,-1,1791370393118,LATTICE,PLACE,9016,SELL_LIMIT,L,7,EXT,1.12077,0.00000
9,-1,1791370393655,LATTICE,REMOVE,9012,SELL_LIMIT,L,6,EXT,1.12147,0.00000
9,-1,1791370393698,ENGINE,PLACE,9017,SELL_LIMIT,S,0,ENT,1.11970,0.00000
9,-1,1791370394235,ENGINE,REMOVE,9015,SELL_LIMIT,S,1,ENT,1.12138,0.00000
9,-1,1791370406806,ENGINE,MODIFY,9017,SELL_LIMIT,S,0,ENT,1.11943,1.11970
9,-1,1791370439228,LATTICE,MODIFY,1979967856,SELL_LIMIT,L,0,EXT,1.12080,1.13277
9,-1,1791370439766,LATTICE,PLACE,9018,SELL_LIMIT,L,1,EXT,1.13207,0.00000
9,-1,1791370440303,LATTICE,REMOVE,9016,SELL_LIMIT,L,7,EXT,1.12077,0.00000
9,-1,1791370456517,ENGINE,MODIFY,9017,SELL_LIMIT,S,0,ENT,1.11921,1.11943
9,-1,1791370465634,DEAL,PLACE,9019,BUY_LIMIT,S,0,EXT,1.11819,0.00000
9,-1,1791370466171,DEAL,PLACE,9020,SELL_LIMIT,S,1,ENT,1.11989,0.00000
9,-1,1791370466708,DEAL,FILL,9017,SELL_LIMIT,S,0,ENT,1.11921,0.00000
9,-1,1791370628393,DEAL,FILL,9019,BUY_LIMIT,S,0,EXT,1.11819,0.00000
9,-1,1791370628929,LATTICE,MODIFY,9018,SELL_LIMIT,L,1,EXT,1.12010,1.13207
9,-1,1791370629467,LATTICE,PLACE,9021,SELL_LIMIT,L,2,EXT,1.12451,0.00000
9,-1,1791370630004,LATTICE,REMOVE,1979967856,SELL_LIMIT,L,0,EXT,1.12080,0.00000
9,-1,1791370630047,ENGINE,PLACE,9022,SELL_LIMIT,S,0,ENT,1.11855,0.00000
9,-1,1791370630584,ENGINE,REMOVE,9020,SELL_LIMIT,S,1,ENT,1.11989,0.00000
9,-1,1791370650686,DEAL,PLACE,9023,BUY_LIMIT,S,0,EXT,1.11758,0.00000
9,-1,1791370651223,DEAL,PLACE,9024,SELL_LIMIT,S,1,ENT,1.11928,0.00000
9,-1,1791370651760,DEAL,FILL,9022,SELL_LIMIT,S,0,ENT,1.11855,0.00000
9,-1,1791371031448,DEAL,PLACE,9025,BUY_LIMIT,S,1,EXT,1.11828,0.00000
9,-1,1791371031985,DEAL,PLACE,9026,SELL_LIMIT,S,2,ENT,1.11998,0.00000
9,-1,1791371032522,DEAL,FILL,9024,SELL_LIMIT,S,1,ENT,1.11928,0.00000
9,-1,1791371382585,DEAL,FILL,9025,BUY_LIMIT,S,1,EXT,1.11828,0.00000
9,-1,1791371384134,ENGINE,REMOVE,9026,SELL_LIMIT,S,2,ENT,1.11998,0.00000
9,-1,1791371384731,ENGINE,PLACE,9027,SELL_LIMIT,S,1,ENT,1.11928,0.00000
9,-1,1791372098751,DEAL,PLACE,9028,BUY_LIMIT,S,1,EXT,1.11828,0.00000
9,-1,1791372099288,DEAL,PLACE,9029,SELL_LIMIT,S,2,ENT,1.11998,0.00000
9,-1,1791372099825,DEAL,FILL,9027,SELL_LIMIT,S,1,ENT,1.11928,0.00000
9,-1,1791374129461,DEAL,PLACE,9030,BUY_LIMIT,S,2,EXT,1.11903,0.00000
9,-1,1791374129998,DEAL,PLACE,9031,SELL_LIMIT,S,3,ENT,1.12073,0.00000
9,-1,1791374130535,DEAL,REMOVE,9028,BUY_LIMIT,S,1,EXT,1.11828,0.00000
9,-1,1791374130578,DEAL,FILL,9029,SELL_LIMIT,S,2,ENT,1.11998,0.00000
9,-1,1791374538088,DEAL,FILL,9018,SELL_LIMIT,L,1,EXT,1.12010,0.00000
9,-1,1791374538528,CB_DONE,PLACE,9032,SELL_LIMIT,L,0,EXT,1.12080,0.00000
9,-1,1791374540043,ENGINE,PLACE,9033,BUY_LIMIT,L,8,ENT,1.11837,0.00000
9,-1,1791376201218,DEAL,FILL,9030,BUY_LIMIT,S,2,EXT,1.11903,0.00000
9,-1,1791376202055,CB_DONE,PLACE,9034,BUY_LIMIT,S,1,EXT,1.11828,0.00000
9,-1,1791376202592,ENGINE,REMOVE,9031,SELL_LIMIT,S,3,ENT,1.12073,0.00000
9,-1,1791376203370,ENGINE,PLACE,9035,SELL_LIMIT,S,2,ENT,1.11998,0.00000
9,-1,1791383270009,DEAL,PLACE,9036,SELL_LIMIT,L,8,EXT,1.11938,0.00000
9,-1,1791383270546,DEAL,REMOVE,9032,SELL_LIMIT,L,0,EXT,1.12080,0.00000
9,-1,1791383270589,DEAL,FILL,9033,BUY_LIMIT,L,8,ENT,1.11837,0.00000
9,-1,1791383300737,DEAL,FILL,9034,BUY_LIMIT,S,1,EXT,1.11828,0.00000
9,-1,1791383301687,ENGINE,REMOVE,9035,SELL_LIMIT,S,2,ENT,1.11998,0.00000
9,-1,1791383301889,ENGINE,PLACE,9037,SELL_LIMIT,S,1,ENT,1.11928,0.00000
9,-1,1791384259303,DEAL,FILL,9023,BUY_LIMIT,S,0,EXT,1.11758,0.00000
9,-1,1791384261454,LATTICE,MODIFY,9036,SELL_LIMIT,L,8,EXT,1.11868,1.11938
9,-1,1791384261992,ENGINE,PLACE,9038,SELL_LIMIT,S,0,ENT,1.11782,0.00000
9,-1,1791384262529,ENGINE,REMOVE,9037,SELL_LIMIT,S,1,ENT,1.11928,0.00000
9,-1,1791384311197,DEAL,PLACE,9039,BUY_LIMIT,S,0,EXT,1.11683,0.00000
9,-1,1791384311734,DEAL,PLACE,9040,SELL_LIMIT,S,1,ENT,1.11853,0.00000
9,-1,1791384312271,DEAL,FILL,9038,SELL_LIMIT,S,0,ENT,1.11782,0.00000
9,-1,1791385221203,DEAL,PLACE,9041,BUY_LIMIT,S,1,EXT,1.11753,0.00000
9,-1,1791385221740,DEAL,PLACE,9042,SELL_LIMIT,S,2,ENT,1.11923,0.00000
9,-1,1791385222277,DEAL,FILL,9040,SELL_LIMIT,S,1,ENT,1.11853,0.00000
9,-1,1791385251749,DEAL,FILL,9036,SELL_LIMIT,L,8,EXT,1.11868,0.00000
9,-1,1791385252386,CB_DONE,PLACE,9043,SELL_LIMIT,L,0,EXT,1.12080,0.00000
9,-1,1791385253099,ENGINE,PLACE,9044,BUY_LIMIT,L,8,ENT,1.11837,0.00000
9,-1,1791385469055,DEAL,PLACE,9045,SELL_LIMIT,L,8,EXT,1.11930,0.00000
9,-1,1791385469592,DEAL,REMOVE,9043,SELL_LIMIT,L,0,EXT,1.12080,0.00000
9,-1,1791385469635,DEAL,FILL,9044,BUY_LIMIT,L,8,ENT,1.11837,0.00000
9,-1,1791385832844,DEAL,FILL,9041,BUY_LIMIT,S,1,EXT,1.11753,0.00000
9,-1,1791385836398,ENGINE,REMOVE,9042,SELL_LIMIT,S,2,ENT,1.11923,0.00000
9,-1,1791385836596,ENGINE,PLACE,9046,SELL_LIMIT,S,1,ENT,1.11853,0.00000
9,-1,1791386596955,DEAL,FILL,9039,BUY_LIMIT,S,0,EXT,1.11683,0.00000
9,-1,1791386597502,LATTICE,MODIFY,9021,SELL_LIMIT,L,2,EXT,1.11814,1.12451
9,-1,1791386598040,LATTICE,PLACE,9047,SELL_LIMIT,L,3,EXT,1.12381,0.00000
9,-1,1791386598577,LATTICE,REMOVE,9045,SELL_LIMIT,L,8,EXT,1.11930,0.00000
9,-1,1791386598620,ENGINE,PLACE,9048,SELL_LIMIT,S,0,ENT,1.11702,0.00000
9,-1,1791386599157,ENGINE,REMOVE,9046,SELL_LIMIT,S,1,ENT,1.11853,0.00000
9,-1,1791386686130,ENGINE,MODIFY,9048,SELL_LIMIT,S,0,ENT,1.11679,1.11702
9,-1,1791386711708,DEAL,PLACE,9049,BUY_LIMIT,S,0,EXT,1.11581,0.00000
9,-1,1791386712245,DEAL,PLACE,9050,SELL_LIMIT,S,1,ENT,1.11751,0.00000
9,-1,1791386712782,DEAL,FILL,9048,SELL_LIMIT,S,0,ENT,1.11679,0.00000
9,-1,1791388817386,DEAL,PLACE,9051,BUY_LIMIT,S,1,EXT,1.11650,0.00000
9,-1,1791388817923,DEAL,PLACE,9052,SELL_LIMIT,S,2,ENT,1.11820,0.00000
9,-1,1791388818460,DEAL,FILL,9050,SELL_LIMIT,S,1,ENT,1.11751,0.00000
9,-1,1791389666560,DEAL,FILL,9021,SELL_LIMIT,L,2,EXT,1.11814,0.00000
9,-1,1791389669819,CB_DONE,PLACE,9053,SELL_LIMIT,L,8,EXT,1.11860,0.00000
9,-1,1791389670356,ENGINE,PLACE,9054,BUY_LIMIT,L,9,ENT,1.11690,0.00000
9,-1,1791389936026,DEAL,PLACE,9055,BUY_LIMIT,S,2,EXT,1.11720,0.00000
9,-1,1791389936563,DEAL,PLACE,9056,SELL_LIMIT,S,3,ENT,1.11890,0.00000
9,-1,1791389937100,DEAL,REMOVE,9051,BUY_LIMIT,S,1,EXT,1.11650,0.00000
9,-1,1791389937143,DEAL,FILL,9052,SELL_LIMIT,S,2,ENT,1.11820,0.00000
9,-1,1791392034477,DEAL,FILL,9053,SELL_LIMIT,L,8,EXT,1.11860,0.00000
9,-1,1791392034910,CB_DONE,PLACE,9057,SELL_LIMIT,L,0,EXT,1.12080,0.00000
9,-1,1791392036419,ENGINE,REMOVE,9054,BUY_LIMIT,L,9,ENT,1.11690,0.00000
9,-1,1791392040024,ENGINE,PLACE,9058,BUY_LIMIT,L,8,ENT,1.11837,0.00000
9,-1,1791392101524,DEAL,PLACE,9059,SELL_LIMIT,L,8,EXT,1.11937,0.00000
9,-1,1791392102061,DEAL,PLACE,9060,BUY_LIMIT,L,9,ENT,1.11767,0.00000
9,-1,1791392102598,DEAL,REMOVE,9057,SELL_LIMIT,L,0,EXT,1.12080,0.00000
9,-1,1791392102641,DEAL,FILL,9058,BUY_LIMIT,L,8,ENT,1.11837,0.00000
9,-1,1791392498550,DEAL,PLACE,9061,BUY_LIMIT,S,3,EXT,1.11794,0.00000
9,-1,1791392499087,DEAL,PLACE,9062,SELL_LIMIT,S,4,ENT,1.11964,0.00000
9,-1,1791392499624,DEAL,REMOVE,9055,BUY_LIMIT,S,2,EXT,1.11720,0.00000
9,-1,1791392499667,DEAL,FILL,9056,SELL_LIMIT,S,3,ENT,1.11890,0.00000
9,-1,1791392779414,DEAL,FILL,9061,BUY_LIMIT,S,3,EXT,1.11794,0.00000
9,-1,1791392780051,CB_DONE,PLACE,9063,BUY_LIMIT,S,2,EXT,1.11720,0.00000
9,-1,1791392780588,ENGINE,REMOVE,9062,SELL_LIMIT,S,4,ENT,1.11964,0.00000
9,-1,1791392781361,ENGINE,PLACE,9064,SELL_LIMIT,S,3,ENT,1.11890,0.00000
9,-1,1791393361181,DEAL,PLACE,9065,SELL_LIMIT,L,9,EXT,1.11867,0.00000
9,-1,1791393361718,DEAL,REMOVE,9059,SELL_LIMIT,L,8,EXT,1.11937,0.00000
9,-1,1791393361761,DEAL,FILL,9060,BUY_LIMIT,L,9,ENT,1.11767,0.00000
9,-1,1791393897887,DEAL,FILL,9065,SELL_LIMIT,L,9,EXT,1.11867,0.00000
9,-1,1791393898521,CB_DONE,PLACE,9066,SELL_LIMIT,L,8,EXT,1.11937,0.00000
9,-1,1791393899058,ENGINE,PLACE,9067,BUY_LIMIT,L,9,ENT,1.11767,0.00000
9,-1,1791394771627,DEAL,PLACE,9068,BUY_LIMIT,S,3,EXT,1.11789,0.00000
9,-1,1791394772164,DEAL,PLACE,9069,SELL_LIMIT,S,4,ENT,1.11959,0.00000
9,-1,1791394772701,DEAL,REMOVE,9063,BUY_LIMIT,S,2,EXT,1.11720,0.00000
9,-1,1791394772744,DEAL,FILL,9064,SELL_LIMIT,S,3,ENT,1.11890,0.00000
9,-1,1791395854579,DEAL,FILL,9066,SELL_LIMIT,L,8,EXT,1.11937,0.00000
9,-1,1791395855411,CB_DONE,PLACE,9070,SELL_LIMIT,L,0,EXT,1.12080,0.00000
9,-1,1791395855948,ENGINE,REMOVE,9067,BUY_LIMIT,L,9,ENT,1.11767,0.00000
9,-1,1791395856325,ENGINE,PLACE,9071,BUY_LIMIT,L,8,ENT,1.11837,0.00000
9,-1,1791396795117,ENGINE,MODIFY,9069,SELL_LIMIT,S,4,ENT,1.11981,1.11959
9,-1,1791396795655,DEAL,PLACE,9072,BUY_LIMIT,S,4,EXT,1.11879,0.00000
9,-1,1791396796192,DEAL,PLACE,9073,SELL_LIMIT,S,5,ENT,1.12049,0.00000
9,-1,1791396796729,DEAL,REMOVE,9068,BUY_LIMIT,S,3,EXT,1.11789,0.00000
9,-1,1791396796772,DEAL,FILL,9069,SELL_LIMIT,S,4,ENT,1.11959,0.00000
9,-1,1791397574369,DEAL,FILL,9072,BUY_LIMIT,S,4,EXT,1.11879,0.00000
9,-1,1791397574805,CB_DONE,PLACE,9074,BUY_LIMIT,S,3,EXT,1.11789,0.00000
9,-1,1791397575342,ENGINE,REMOVE,9073,SELL_LIMIT,S,5,ENT,1.12049,0.00000
9,-1,1791397576121,ENGINE,PLACE,9075,SELL_LIMIT,S,4,ENT,1.11959,0.00000
9,-1,1791398976738,DEAL,PLACE,9076,SELL_LIMIT,L,8,EXT,1.11935,0.00000
9,-1,1791398977275,DEAL,PLACE,9077,BUY_LIMIT,L,9,ENT,1.11765,0.00000
9,-1,1791398977812,DEAL,REMOVE,9070,SELL_LIMIT,L,0,EXT,1.12080,0.00000
9,-1,1791398977855,DEAL,FILL,9071,BUY_LIMIT,L,8,ENT,1.11837,0.00000
9,-1,1791400065219,DEAL,FILL,9076,SELL_LIMIT,L,8,EXT,1.11935,0.00000
9,-1,1791400065653,CB_DONE,PLACE,9078,SELL_LIMIT,L,0,EXT,1.12080,0.00000
9,-1,1791400066190,ENGINE,REMOVE,9077,BUY_LIMIT,L,9,ENT,1.11765,0.00000
9,-1,1791400066765,ENGINE,PLACE,9079,BUY_LIMIT,L,8,ENT,1.11837,0.00000
9,-1,1791400647206,DEAL,PLACE,9080,BUY_LIMIT,S,4,EXT,1.11862,0.00000
9,-1,1791400647743,DEAL,PLACE,9081,SELL_LIMIT,S,5,ENT,1.12032,0.00000
9,-1,1791400648280,DEAL,REMOVE,9074,BUY_LIMIT,S,3,EXT,1.11789,0.00000
9,-1,1791400648323,DEAL,FILL,9075,SELL_LIMIT,S,4,ENT,1.11959,0.00000
9,-1,1791407150628,DEAL,PLACE,9082,BUY_LIMIT,S,5,EXT,1.11931,0.00000
9,-1,1791407151165,DEAL,PLACE,9083,SELL_LIMIT,S,6,ENT,1.12101,0.00000
9,-1,1791407151702,DEAL,REMOVE,9080,BUY_LIMIT,S,4,EXT,1.11862,0.00000
9,-1,1791407151745,DEAL,FILL,9081,SELL_LIMIT,S,5,ENT,1.12032,0.00000
9,-1,1791417020000,TIMER,MODIFY,9047,SELL_LIMIT,L,3,EXT,1.12373,1.12381
9,-1,1791417020538,TIMER,MODIFY,9078,SELL_LIMIT,L,0,EXT,1.12072,1.12080
9,-1,1791417200000,TIMER,MODIFY,9049,BUY_LIMIT,S,0,EXT,1.11582,1.11581
9,-1,1791417320000,TIMER,MODIFY,9082,BUY_LIMIT,S,5,EXT,1.11932,1.11931
9,-1,1791418319871,DEAL,FILL,9082,BUY_LIMIT,S,5,EXT,1.11932,0.00000
9,-1,1791418320315,CB_DONE,PLACE,9084,BUY_LIMIT,S,4,EXT,1.11863,0.00000
9,-1,1791418320852,ENGINE,REMOVE,9083,SELL_LIMIT,S,6,ENT,1.12101,0.00000
9,-1,1791418322434,ENGINE,PLACE,9085,SELL_LIMIT,S,5,ENT,1.12032,0.00000
9,-1,1791427073096,DEAL,PLACE,9086,BUY_LIMIT,S,5,EXT,1.11931,0.00000
9,-1,1791427073633,DEAL,PLACE,9087,SELL_LIMIT,S,6,ENT,1.12101,0.00000
9,-1,1791427074170,DEAL,REMOVE,9084,BUY_LIMIT,S,4,EXT,1.11863,0.00000
9,-1,1791427074213,DEAL,FILL,9085,SELL_LIMIT,S,5,ENT,1.12032,0.00000
9,-1,1791434950848,DEAL,FILL,9078,SELL_LIMIT,L,0,EXT,1.12072,0.00000
9,-1,1791434951284,CB_DONE,PLACE,9088,SELL_LIMIT,L,7,EXT,1.12085,0.00000
9,-1,1791434952400,ENGINE,MODIFY,9079,BUY_LIMIT,L,8,ENT,1.11907,1.11837
9,-1,1791435510877,DEAL,FILL,9088,SELL_LIMIT,L,7,EXT,1.12085,0.00000
9,-1,1791435511919,CB_DONE,PLACE,9089,SELL_LIMIT,L,6,EXT,1.12155,0.00000
9,-1,1791435514827,ENGINE,REMOVE,9079,BUY_LIMIT,L,8,ENT,1.11907,0.00000
9,-1,1791435515236,ENGINE,PLACE,9090,BUY_LIMIT,L,7,ENT,1.11977,0.00000
9,-1,1791436005232,DEAL,PLACE,9091,BUY_LIMIT,S,6,EXT,1.12002,0.00000
9,-1,1791436005769,DEAL,PLACE,9092,SELL_LIMIT,S,7,ENT,1.12172,0.00000
9,-1,1791436006306,DEAL,REMOVE,9086,BUY_LIMIT,S,5,EXT,1.11931,0.00000
9,-1,1791436006349,DEAL,FILL,9087,SELL_LIMIT,S,6,ENT,1.12101,0.00000
9,-1,1791439307544,DEAL,FILL,9091,BUY_LIMIT,S,6,EXT,1.12002,0.00000
9,-1,1791439308385,CB_DONE,PLACE,9093,BUY_LIMIT,S,5,EXT,1.11931,0.00000
9,-1,1791439308922,ENGINE,REMOVE,9092,SELL_LIMIT,S,7,ENT,1.12172,0.00000
9,-1,1791439312116,ENGINE,PLACE,9094,SELL_LIMIT,S,6,ENT,1.12101,0.00000
9,-1,1791449451159,DEAL,PLACE,9095,SELL_LIMIT,L,7,EXT,1.12075,0.00000
9,-1,1791449451696,DEAL,PLACE,9096,BUY_LIMIT,L,8,ENT,1.11905,0.00000
9,-1,1791449452233,DEAL,REMOVE,9089,SELL_LIMIT,L,6,EXT,1.12155,0.00000
9,-1,1791449452276,DEAL,FILL,9090,BUY_LIMIT,L,7,ENT,1.11977,0.00000
9,-1,1791449729857,DEAL,FILL,9093,BUY_LIMIT,S,5,EXT,1.11931,0.00000
9,-1,1791449730290,CB_DONE,PLACE,9097,BUY_LIMIT,S,4,EXT,1.11863,0.00000
9,-1,1791449731003,ENGINE,REMOVE,9094,SELL_LIMIT,S,6,ENT,1.12101,0.00000
9,-1,1791449731202,ENGINE,PLACE,9098,SELL_LIMIT,S,5,ENT,1.12032,0.00000
9,-1,1791450426910,DEAL,PLACE,9099,SELL_LIMIT,L,8,EXT,1.12005,0.00000
9,-1,1791450427447,DEAL,PLACE,9100,BUY_LIMIT,L,9,ENT,1.11835,0.00000
9,-1,1791450427984,DEAL,REMOVE,9095,SELL_LIMIT,L,7,EXT,1.12075,0.00000
9,-1,1791450428027,DEAL,FILL,9096,BUY_LIMIT,L,8,ENT,1.11905,0.00000
9,-1,1791451397935,DEAL,FILL,9099,SELL_LIMIT,L,8,EXT,1.12005,0.00000
9,-1,1791451398373,CB_DONE,PLACE,9101,SELL_LIMIT,L,7,EXT,1.12075,0.00000
9,-1,1791451399482,ENGINE,REMOVE,9100,BUY_LIMIT,L,9,ENT,1.11835,0.00000
9,-1,1791451399686,ENGINE,PLACE,9102,BUY_LIMIT,L,8,ENT,1.11905,0.00000
9,-1,1791451515530,DEAL,PLACE,9103,BUY_LIMIT,S,5,EXT,1.11932,0.00000
9,-1,1791451516067,DEAL,PLACE,9104,SELL_LIMIT,S,6,ENT,1.12102,0.00000
9,-1,1791451516604,DEAL,REMOVE,9097,BUY_LIMIT,S,4,EXT,1.11863,0.00000
9,-1,1791451516647,DEAL,FILL,9098,SELL_LIMIT,S,5,ENT,1.12032,0.00000
9,-1,1791453452729,DEAL,FILL,9103,BUY_LIMIT,S,5,EXT,1.11932,0.00000
9,-1,1791453453381,CB_DONE,PLACE,9105,BUY_LIMIT,S,4,EXT,1.11863,0.00000
9,-1,1791453453918,ENGINE,REMOVE,9104,SELL_LIMIT,S,6,ENT,1.12102,0.00000
9,-1,1791453454479,ENGINE,PLACE,9106,SELL_LIMIT,S,5,ENT,1.12032,0.00000
9,-1,1791453603769,DEAL,PLACE,9107,SELL_LIMIT,L,8,EXT,1.12005,0.00000
9,-1,1791453604306,DEAL,PLACE,9108,BUY_LIMIT,L,9,ENT,1.11835,0.00000
9,-1,1791453604843,DEAL,REMOVE,9101,SELL_LIMIT,L,7,EXT,1.12075,0.00000
9,-1,1791453604886,DEAL,FILL,9102,BUY_LIMIT,L,8,ENT,1.11905,0.00000
9,-1,1791453706291,DEAL,FILL,9105,BUY_LIMIT,S,4,EXT,1.11863,0.00000
9,-1,1791453706723,CB_DONE,PLACE,9109,BUY_LIMIT,S,3,EXT,1.11790,0.00000
9,-1,1791453707260,ENGINE,REMOVE,9106,SELL_LIMIT,S,5,ENT,1.12032,0.00000
9,-1,1791453707447,ENGINE,PLACE,9110,SELL_LIMIT,S,4,ENT,1.11959,0.00000
9,-1,1791453996364,DEAL,PLACE,9111,SELL_LIMIT,L,9,EXT,1.11930,0.00000
9,-1,1791453996901,DEAL,PLACE,9112,BUY_LIMIT,L,10,ENT,1.11760,0.00000
9,-1,1791453997438,DEAL,REMOVE,9107,SELL_LIMIT,L,8,EXT,1.12005,0.00000
9,-1,1791453997481,DEAL,FILL,9108,BUY_LIMIT,L,9,ENT,1.11835,0.00000
9,-1,1791454435072,DEAL,FILL,9111,SELL_LIMIT,L,9,EXT,1.11930,0.00000
9,-1,1791454435501,CB_DONE,PLACE,9113,SELL_LIMIT,L,8,EXT,1.12005,0.00000
9,-1,1791454436038,ENGINE,REMOVE,9112,BUY_LIMIT,L,10,ENT,1.11760,0.00000
9,-1,1791454436206,ENGINE,PLACE,9114,BUY_LIMIT,L,9,ENT,1.11835,0.00000
9,-1,1791454899038,DEAL,PLACE,9115,BUY_LIMIT,S,4,EXT,1.11861,0.00000
9,-1,1791454899575,DEAL,PLACE,9116,SELL_LIMIT,S,5,ENT,1.12031,0.00000
9,-1,1791454900112,DEAL,REMOVE,9109,BUY_LIMIT,S,3,EXT,1.11790,0.00000
9,-1,1791454900155,DEAL,FILL,9110,SELL_LIMIT,S,4,ENT,1.11959,0.00000
9,-1,1791459006768,DEAL,FILL,9113,SELL_LIMIT,L,8,EXT,1.12005,0.00000
9,-1,1791459007402,CB_DONE,PLACE,9117,SELL_LIMIT,L,7,EXT,1.12075,0.00000
9,-1,1791459007939,ENGINE,REMOVE,9114,BUY_LIMIT,L,9,ENT,1.11835,0.00000
9,-1,1791459008315,ENGINE,PLACE,9118,BUY_LIMIT,L,8,ENT,1.11905,0.00000
9,-1,1791459232307,DEAL,PLACE,9119,SELL_LIMIT,L,8,EXT,1.12004,0.00000
9,-1,1791459232844,DEAL,PLACE,9120,BUY_LIMIT,L,9,ENT,1.11834,0.00000
9,-1,1791459233381,DEAL,REMOVE,9117,SELL_LIMIT,L,7,EXT,1.12075,0.00000
9,-1,1791459233424,DEAL,FILL,9118,BUY_LIMIT,L,8,ENT,1.11905,0.00000
9,-1,1791459479213,DEAL,FILL,9115,BUY_LIMIT,S,4,EXT,1.11861,0.00000
9,-1,1791459479840,CB_DONE,PLACE,9121,BUY_LIMIT,S,3,EXT,1.11790,0.00000
9,-1,1791459480377,ENGINE,REMOVE,9116,SELL_LIMIT,S,5,ENT,1.12031,0.00000
9,-1,1791459480551,ENGINE,PLACE,9122,SELL_LIMIT,S,4,ENT,1.11959,0.00000
9,-1,1791461551286,DEAL,PLACE,9123,SELL_LIMIT,L,9,EXT,1.11934,0.00000
9,-1,1791461551823,DEAL,PLACE,9124,BUY_LIMIT,L,10,ENT,1.11764,0.00000
9,-1,1791461552360,DEAL,REMOVE,9119,SELL_LIMIT,L,8,EXT,1.12004,0.00000
9,-1,1791461552403,DEAL,FILL,9120,BUY_LIMIT,L,9,ENT,1.11834,0.00000
9,-1,1791465588834,DEAL,FILL,9121,BUY_LIMIT,S,3,EXT,1.11790,0.00000
9,-1,1791465589275,CB_DONE,PLACE,9125,BUY_LIMIT,S,2,EXT,1.11721,0.00000
9,-1,1791465589812,ENGINE,REMOVE,9122,SELL_LIMIT,S,4,ENT,1.11959,0.00000
9,-1,1791465590583,ENGINE,PLACE,9126,SELL_LIMIT,S,3,ENT,1.11890,0.00000
9,-1,1791466467000,DEAL,PLACE,9127,SELL_LIMIT,L,10,EXT,1.11862,0.00000
9,-1,1791466467537,DEAL,REMOVE,9123,SELL_LIMIT,L,9,EXT,1.11934,0.00000
9,-1,1791466467580,DEAL,FILL,9124,BUY_LIMIT,L,10,ENT,1.11764,0.00000
9,-1,1791467575152,DEAL,FILL,9127,SELL_LIMIT,L,10,EXT,1.11862,0.00000
9,-1,1791467575993,CB_DONE,PLACE,9128,SELL_LIMIT,L,9,EXT,1.11934,0.00000
9,-1,1791467576530,ENGINE,PLACE,9129,BUY_LIMIT,L,10,ENT,1.11764,0.00000
9,-1,1791468392799,DEAL,PLACE,9130,SELL_LIMIT,L,10,EXT,1.11861,0.00000
9,-1,1791468393336,DEAL,REMOVE,9128,SELL_LIMIT,L,9,EXT,1.11934,0.00000
9,-1,1791468393379,DEAL,FILL,9129,BUY_LIMIT,L,10,ENT,1.11764,0.00000
9,-1,1791470180848,DEAL,FILL,9125,BUY_LIMIT,S,2,EXT,1.11721,0.00000
9,-1,1791470182247,CB_DONE,PLACE,9131,BUY_LIMIT,S,1,EXT,1.11651,0.00000
9,-1,1791470182784,ENGINE,REMOVE,9126,SELL_LIMIT,S,3,ENT,1.11890,0.00000
9,-1,1791470183360,ENGINE,PLACE,9132,SELL_LIMIT,S,2,ENT,1.11820,0.00000
9,-1,1791470515378,DEAL,PLACE,9133,BUY_LIMIT,S,2,EXT,1.11723,0.00000
9,-1,1791470515915,DEAL,PLACE,9134,SELL_LIMIT,S,3,ENT,1.11893,0.00000
9,-1,1791470516452,DEAL,REMOVE,9131,BUY_LIMIT,S,1,EXT,1.11651,0.00000
9,-1,1791470516495,DEAL,FILL,9132,SELL_LIMIT,S,2,ENT,1.11820,0.00000
9,-1,1791471999972,DEAL,FILL,9130,SELL_LIMIT,L,10,EXT,1.11861,0.00000
9,-1,1791472000403,CB_DONE,PLACE,9135,SELL_LIMIT,L,9,EXT,1.11934,0.00000
9,-1,1791472000940,ENGINE,PLACE,9136,BUY_LIMIT,L,10,ENT,1.11764,0.00000
9,-1,1791472640375,DEAL,PLACE,9137,BUY_LIMIT,S,3,EXT,1.11796,0.00000
9,-1,1791472640912,DEAL,PLACE,9138,SELL_LIMIT,S,4,ENT,1.11966,0.00000
9,-1,1791472641449,DEAL,REMOVE,9133,BUY_LIMIT,S,2,EXT,1.11723,0.00000
9,-1,1791472641492,DEAL,FILL,9134,SELL_LIMIT,S,3,ENT,1.11893,0.00000
9,-1,1791473106242,DEAL,FILL,9135,SELL_LIMIT,L,9,EXT,1.11934,0.00000
9,-1,1791473106674,CB_DONE,PLACE,9139,SELL_LIMIT,L,8,EXT,1.12004,0.00000
9,-1,1791473108594,ENGINE,REMOVE,9136,BUY_LIMIT,L,10,ENT,1.11764,0.00000
9,-1,1791473108808,ENGINE,PLACE,9140,BUY_LIMIT,L,9,ENT,1.11834,0.00000
9,-1,1791473340631,DEAL,PLACE,9141,BUY_LIMIT,S,4,EXT,1.11867,0.00000
9,-1,1791473341168,DEAL,PLACE,9142,SELL_LIMIT,S,5,ENT,1.12037,0.00000
9,-1,1791473341705,DEAL,REMOVE,9137,BUY_LIMIT,S,3,EXT,1.11796,0.00000
9,-1,1791473341748,DEAL,FILL,9138,SELL_LIMIT,S,4,ENT,1.11966,0.00000
9,-1,1791474244570,DEAL,FILL,9141,BUY_LIMIT,S,4,EXT,1.11867,0.00000
9,-1,1791474247633,CB_DONE,PLACE,9143,BUY_LIMIT,S,3,EXT,1.11796,0.00000
9,-1,1791474248170,ENGINE,REMOVE,9142,SELL_LIMIT,S,5,ENT,1.12037,0.00000
9,-1,1791474248731,ENGINE,PLACE,9144,SELL_LIMIT,S,4,ENT,1.11966,0.00000
9,-1,1791474915820,DEAL,PLACE,9145,SELL_LIMIT,L,9,EXT,1.11933,0.00000
9,-1,1791474916357,DEAL,PLACE,9146,BUY_LIMIT,L,10,ENT,1.11763,0.00000
9,-1,1791474916894,DEAL,REMOVE,9139,SELL_LIMIT,L,8,EXT,1.12004,0.00000
9,-1,1791474916937,DEAL,FILL,9140,BUY_LIMIT,L,9,ENT,1.11834,0.00000
9,-1,1791475691745,DEAL,FILL,9145,SELL_LIMIT,L,9,EXT,1.11933,0.00000
9,-1,1791475692372,CB_DONE,PLACE,9147,SELL_LIMIT,L,8,EXT,1.12004,0.00000
9,-1,1791475692909,ENGINE,REMOVE,9146,BUY_LIMIT,L,10,ENT,1.11763,0.00000
9,-1,1791475694699,ENGINE,PLACE,9148,BUY_LIMIT,L,9,ENT,1.11834,0.00000
9,-1,1791477171225,DEAL,PLACE,9149,BUY_LIMIT,S,4,EXT,1.11866,0.00000
9,-1,1791477171762,DEAL,PLACE,9150,SELL_LIMIT,S,5,ENT,1.12036,0.00000
9,-1,1791477172299,DEAL,REMOVE,9143,BUY_LIMIT,S,3,EXT,1.11796,0.00000
9,-1,1791477172342,DEAL,FILL,9144,SELL_LIMIT,S,4,ENT,1.11966,0.00000
9,-1,1791479275175,DEAL,FILL,9147,SELL_LIMIT,L,8,EXT,1.12004,0.00000
9,-1,1791479275608,CB_DONE,PLACE,9151,SELL_LIMIT,L,7,EXT,1.12075,0.00000
9,-1,1791479276521,ENGINE,REMOVE,9148,BUY_LIMIT,L,9,ENT,1.11834,0.00000
9,-1,1791479278733,ENGINE,PLACE,9152,BUY_LIMIT,L,8,ENT,1.11905,0.00000
9,-1,1791479928412,DEAL,PLACE,9153,BUY_LIMIT,S,5,EXT,1.11936,0.00000
9,-1,1791479928949,DEAL,PLACE,9154,SELL_LIMIT,S,6,ENT,1.12106,0.00000
9,-1,1791479929486,DEAL,REMOVE,9149,BUY_LIMIT,S,4,EXT,1.11866,0.00000
9,-1,1791479929529,DEAL,FILL,9150,SELL_LIMIT,S,5,ENT,1.12036,0.00000
9,-1,1791480267983,DEAL,FILL,9151,SELL_LIMIT,L,7,EXT,1.12075,0.00000
9,-1,1791480268414,CB_DONE,PLACE,9155,SELL_LIMIT,L,6,EXT,1.12155,0.00000
9,-1,1791480269531,ENGINE,REMOVE,9152,BUY_LIMIT,L,8,ENT,1.11905,0.00000
9,-1,1791480269736,ENGINE,PLACE,9156,BUY_LIMIT,L,7,ENT,1.11977,0.00000
9,-1,1791480323677,DEAL,PLACE,9157,BUY_LIMIT,S,6,EXT,1.12007,0.00000
9,-1,1791480324214,DEAL,PLACE,9158,SELL_LIMIT,S,7,ENT,1.12177,0.00000
9,-1,1791480324751,DEAL,REMOVE,9153,BUY_LIMIT,S,5,EXT,1.11936,0.00000
9,-1,1791480324794,DEAL,FILL,9154,SELL_LIMIT,S,6,ENT,1.12106,0.00000
9,-1,1791480533418,DEAL,FILL,9155,SELL_LIMIT,L,6,EXT,1.12155,0.00000
9,-1,1791480534456,CB_DONE,PLACE,9159,SELL_LIMIT,L,5,EXT,1.12225,0.00000
9,-1,1791480534993,ENGINE,REMOVE,9156,BUY_LIMIT,L,7,ENT,1.11977,0.00000
9,-1,1791480535970,ENGINE,PLACE,9160,BUY_LIMIT,L,6,ENT,1.12047,0.00000
9,-1,1791480640486,DEAL,PLACE,9161,BUY_LIMIT,S,7,EXT,1.12077,0.00000
9,-1,1791480641023,DEAL,REMOVE,9157,BUY_LIMIT,S,6,EXT,1.12007,0.00000
9,-1,1791480641066,DEAL,FILL,9158,SELL_LIMIT,S,7,ENT,1.12177,0.00000
9,-1,1791480830281,DEAL,FILL,9159,SELL_LIMIT,L,5,EXT,1.12225,0.00000
9,-1,1791480830713,CB_DONE,PLACE,9162,SELL_LIMIT,L,4,EXT,1.12303,0.00000
9,-1,1791480831250,ENGINE,REMOVE,9160,BUY_LIMIT,L,6,ENT,1.12047,0.00000
9,-1,1791480831626,ENGINE,PLACE,9163,BUY_LIMIT,L,5,ENT,1.12117,0.00000
9,-1,1791481985895,DEAL,PLACE,9164,SELL_LIMIT,L,5,EXT,1.12216,0.00000
9,-1,1791481986432,DEAL,PLACE,9165,BUY_LIMIT,L,6,ENT,1.12046,0.00000
9,-1,1791481986969,DEAL,REMOVE,9162,SELL_LIMIT,L,4,EXT,1.12303,0.00000
9,-1,1791481987012,DEAL,FILL,9163,BUY_LIMIT,L,5,ENT,1.12117,0.00000
9,-1,1791482295970,DEAL,FILL,9161,BUY_LIMIT,S,7,EXT,1.12077,0.00000
9,-1,1791482296403,CB_DONE,PLACE,9166,BUY_LIMIT,S,6,EXT,1.12007,0.00000
9,-1,1791482297709,ENGINE,PLACE,9167,SELL_LIMIT,S,7,ENT,1.12177,0.00000
9,-1,1791483290554,DEAL,PLACE,9168,SELL_LIMIT,L,6,EXT,1.12145,0.00000
9,-1,1791483291091,DEAL,PLACE,9169,BUY_LIMIT,L,7,ENT,1.11975,0.00000
9,-1,1791483291628,DEAL,REMOVE,9164,SELL_LIMIT,L,5,EXT,1.12216,0.00000
9,-1,1791483291671,DEAL,FILL,9165,BUY_LIMIT,L,6,ENT,1.12046,0.00000
9,-1,1791483533693,DEAL,FILL,9166,BUY_LIMIT,S,6,EXT,1.12007,0.00000
9,-1,1791483534128,CB_DONE,PLACE,9170,BUY_LIMIT,S,5,EXT,1.11936,0.00000
9,-1,1791483534665,ENGINE,REMOVE,9167,SELL_LIMIT,S,7,ENT,1.12177,0.00000
9,-1,1791483535638,ENGINE,PLACE,9171,SELL_LIMIT,S,6,ENT,1.12106,0.00000
9,-1,1791483555991,DEAL,PLACE,9172,SELL_LIMIT,L,7,EXT,1.12074,0.00000
9,-1,1791483556528,DEAL,PLACE,9173,BUY_LIMIT,L,8,ENT,1.11904,0.00000
9,-1,1791483557065,DEAL,REMOVE,9168,SELL_LIMIT,L,6,EXT,1.12145,0.00000
9,-1,1791483557108,DEAL,FILL,9169,BUY_LIMIT,L,7,ENT,1.11975,0.00000
9,-1,1791485266633,DEAL,FILL,9170,BUY_LIMIT,S,5,EXT,1.11936,0.00000
9,-1,1791485268071,CB_DONE,PLACE,9174,BUY_LIMIT,S,4,EXT,1.11866,0.00000
9,-1,1791485268608,ENGINE,REMOVE,9171,SELL_LIMIT,S,6,ENT,1.12106,0.00000
9,-1,1791485269392,ENGINE,PLACE,9175,SELL_LIMIT,S,5,ENT,1.12036,0.00000
9,-1,1791485329106,DEAL,PLACE,9176,SELL_LIMIT,L,8,EXT,1.12000,0.00000
9,-1,1791485329643,DEAL,PLACE,9177,BUY_LIMIT,L,9,ENT,1.11830,0.00000
9,-1,1791485330180,DEAL,REMOVE,9172,SELL_LIMIT,L,7,EXT,1.12074,0.00000
9,-1,1791485330223,DEAL,FILL,9173,BUY_LIMIT,L,8,ENT,1.11904,0.00000
9,-1,1791486492388,DEAL,FILL,9174,BUY_LIMIT,S,4,EXT,1.11866,0.00000
9,-1,1791486493628,CB_DONE,PLACE,9178,BUY_LIMIT,S,3,EXT,1.11796,0.00000
9,-1,1791486494165,ENGINE,REMOVE,9175,SELL_LIMIT,S,5,ENT,1.12036,0.00000
9,-1,1791486494333,ENGINE,PLACE,9179,SELL_LIMIT,S,4,ENT,1.11966,0.00000
9,-1,1791487037237,DEAL,PLACE,9180,BUY_LIMIT,S,4,EXT,1.11869,0.00000
9,-1,1791487037774,DEAL,PLACE,9181,SELL_LIMIT,S,5,ENT,1.12039,0.00000
9,-1,1791487038311,DEAL,REMOVE,9178,BUY_LIMIT,S,3,EXT,1.11796,0.00000
9,-1,1791487038354,DEAL,FILL,9179,SELL_LIMIT,S,4,ENT,1.11966,0.00000
9,-1,1791487051309,DEAL,FILL,9176,SELL_LIMIT,L,8,EXT,1.12000,0.00000
9,-1,1791487051943,CB_DONE,PLACE,9182,SELL_LIMIT,L,7,EXT,1.12074,0.00000
9,-1,1791487052480,ENGINE,REMOVE,9177,BUY_LIMIT,L,9,ENT,1.11830,0.00000
9,-1,1791487052862,ENGINE,PLACE,9183,BUY_LIMIT,L,8,ENT,1.11904,0.00000
9,-1,1791487807650,DEAL,PLACE,9184,SELL_LIMIT,L,8,EXT,1.12003,0.00000
9,-1,1791487808187,DEAL,PLACE,9185,BUY_LIMIT,L,9,ENT,1.11833,0.00000
9,-1,1791487808724,DEAL,REMOVE,9182,SELL_LIMIT,L,7,EXT,1.12074,0.00000
9,-1,1791487808767,DEAL,FILL,9183,BUY_LIMIT,L,8,ENT,1.11904,0.00000
9,-1,1791487872543,DEAL,FILL,9180,BUY_LIMIT,S,4,EXT,1.11869,0.00000
9,-1,1791487872979,CB_DONE,PLACE,9186,BUY_LIMIT,S,3,EXT,1.11796,0.00000
9,-1,1791487873516,ENGINE,REMOVE,9181,SELL_LIMIT,S,5,ENT,1.12039,0.00000
9,-1,1791487874286,ENGINE,PLACE,9187,SELL_LIMIT,S,4,ENT,1.11966,0.00000
9,-1,1791489010892,DEAL,PLACE,9188,BUY_LIMIT,S,4,EXT,1.11864,0.00000
9,-1,1791489011429,DEAL,PLACE,9189,SELL_LIMIT,S,5,ENT,1.12034,0.00000
9,-1,1791489011966,DEAL,REMOVE,9186,BUY_LIMIT,S,3,EXT,1.11796,0.00000
9,-1,1791489012009,DEAL,FILL,9187,SELL_LIMIT,S,4,ENT,1.11966,0.00000
9,-1,1791489721100,DEAL,FILL,9184,SELL_LIMIT,L,8,EXT,1.12003,0.00000
9,-1,1791489721931,CB_DONE,PLACE,9190,SELL_LIMIT,L,7,EXT,1.12074,0.00000
9,-1,1791489722468,ENGINE,REMOVE,9185,BUY_LIMIT,L,9,ENT,1.11833,0.00000
9,-1,1791489722643,ENGINE,PLACE,9191,BUY_LIMIT,L,8,ENT,1.11904,0.00000
9,-1,1791490094896,DEAL,PLACE,9192,BUY_LIMIT,S,5,EXT,1.11936,0.00000
9,-1,1791490095433,DEAL,PLACE,9193,SELL_LIMIT,S,6,ENT,1.12106,0.00000
9,-1,1791490095970,DEAL,REMOVE,9188,BUY_LIMIT,S,4,EXT,1.11864,0.00000
9,-1,1791490096013,DEAL,FILL,9189,SELL_LIMIT,S,5,ENT,1.12034,0.00000
9,-1,1791490415551,DEAL,FILL,9190,SELL_LIMIT,L,7,EXT,1.12074,0.00000
9,-1,1791490416799,CB_DONE,PLACE,9194,SELL_LIMIT,L,6,EXT,1.12145,0.00000
9,-1,1791490417902,ENGINE,REMOVE,9191,BUY_LIMIT,L,8,ENT,1.11904,0.00000
9,-1,1791490418110,ENGINE,PLACE,9195,BUY_LIMIT,L,7,ENT,1.11975,0.00000
9,-1,1791490562471,DEAL,PLACE,9196,BUY_LIMIT,S,6,EXT,1.12007,0.00000
9,-1,1791490563008,DEAL,PLACE,9197,SELL_LIMIT,S,7,ENT,1.12177,0.00000
9,-1,1791490563545,DEAL,REMOVE,9192,BUY_LIMIT,S,5,EXT,1.11936,0.00000
9,-1,1791490563588,DEAL,FILL,9193,SELL_LIMIT,S,6,ENT,1.12106,0.00000
9,-1,1791490674590,DEAL,FILL,9194,SELL_LIMIT,L,6,EXT,1.12145,0.00000
9,-1,1791490675223,CB_DONE,PLACE,9198,SELL_LIMIT,L,5,EXT,1.12216,0.00000
9,-1,1791490675760,ENGINE,REMOVE,9195,BUY_LIMIT,L,7,ENT,1.11975,0.00000
9,-1,1791490676536,ENGINE,PLACE,9199,BUY_LIMIT,L,6,ENT,1.12046,0.00000
9,-1,1791490695480,DEAL,PLACE,9200,BUY_LIMIT,S,7,EXT,1.12077,0.00000
9,-1,1791490696017,DEAL,REMOVE,9196,BUY_LIMIT,S,6,EXT,1.12007,0.00000
9,-1,1791490696060,DEAL,FILL,9197,SELL_LIMIT,S,7,ENT,1.12177,0.00000
9,-1,1791492884864,DEAL,FILL,9200,BUY_LIMIT,S,7,EXT,1.12077,0.00000
9,-1,1791492885514,CB_DONE,PLACE,9201,BUY_LIMIT,S,6,EXT,1.12007,0.00000
9,-1,1791492886051,ENGINE,PLACE,9202,SELL_LIMIT,S,7,ENT,1.12177,0.00000
9,-1,1791493777390,DEAL,PLACE,9203,SELL_LIMIT,L,6,EXT,1.12143,0.00000
9,-1,1791493777927,DEAL,PLACE,9204,BUY_LIMIT,L,7,ENT,1.11973,0.00000
9,-1,1791493778464,DEAL,REMOVE,9198,SELL_LIMIT,L,5,EXT,1.12216,0.00000
9,-1,1791493778507,DEAL,FILL,9199,BUY_LIMIT,L,6,ENT,1.12046,0.00000
9,-1,1791499976439,DEAL,FILL,9203,SELL_LIMIT,L,6,EXT,1.12143,0.00000
9,-1,1791499980479,CB_DONE,PLACE,9205,SELL_LIMIT,L,5,EXT,1.12216,0.00000
9,-1,1791499985413,ENGINE,REMOVE,9204,BUY_LIMIT,L,7,ENT,1.11973,0.00000
9,-1,1791499990227,ENGINE,PLACE,9206,BUY_LIMIT,L,6,ENT,1.12046,0.00000
9,-1,1791503420000,TIMER,MODIFY,9047,SELL_LIMIT,L,3,EXT,1.12397,1.12373
9,-1,1791503480000,TIMER,MODIFY,9049,BUY_LIMIT,S,0,EXT,1.11586,1.11582
9,-1,1791503480538,TIMER,MODIFY,9205,SELL_LIMIT,L,5,EXT,1.12224,1.12216
9,-1,1791503660000,TIMER,MODIFY,9201,BUY_LIMIT,S,6,EXT,1.12008,1.12007
9,-1,1791504584797,ENGINE,MODIFY,9202,SELL_LIMIT,S,7,ENT,1.12199,1.12177
9,-1,1791504585335,ENGINE,MODIFY,9206,BUY_LIMIT,L,6,ENT,1.11998,1.12046
9,-1,1791504600023,ENGINE,MODIFY,9202,SELL_LIMIT,S,7,ENT,1.12177,1.12199
9,-1,1791504600561,ENGINE,MODIFY,9206,BUY_LIMIT,L,6,ENT,1.12046,1.11998
9,-1,1791504900466,ENGINE,MODIFY,9206,BUY_LIMIT,L,6,ENT,1.11998,1.12046
9,-1,1791504901269,ENGINE,MODIFY,9206,BUY_LIMIT,L,6,ENT,1.12046,1.11998
