fleet,seg,time_server,side,layer,role,price,first_pass,reading,replay_orders_resting,real_rolls_6h,replay_lattice_rows_6h
B,1,10-01 11:26:17.782,S,L00,ENT,1.13025,M3,OTHER_PRICE,1.13033@11:12:11.412,,0
B,1,10-01 12:17:33.222,S,L00,ENT,1.12992,M13?,OTHER_PRICE,1.12993@11:39:02.265,,0
B,1,10-01 13:07:42.117,S,L00,ENT,1.12741,M4?,OTHER_PRICE,1.12745@13:00:10.146,,0
B,2,10-02 05:31:38.657,S,L00,ENT,1.12426,M3,OTHER_PRICE,1.12429@03:38:43.913,,0
B,3,10-02 13:30:29.271,S,L00,ENT,1.12388,M3,OTHER_PRICE,1.12393@13:20:43.560,,0
B,3,10-02 15:30:09.907,S,L01,ENT,1.12579,M3,NO_ORDER,,,0
B,3,10-02 15:30:27.303,L,L16,EXT,1.12452,M3,NO_ORDER,,,1
B,3,10-02 15:30:30.501,S,L01,ENT,1.12483,M3,OTHER_PRICE,1.12484@15:30:29.350,,0
B,3,10-02 16:58:03.905,L,L02,ENT,1.12744,open,NO_ORDER,,,0
B,7,10-06 14:26:07.343,L,L02,ENT,1.12645,open,NO_ORDER,,,0
B,9,10-07 10:54:25.633,S,L00,ENT,1.11921,M4?,OTHER_PRICE,1.11930@10:53:44.307,,0
B,9,10-07 10:57:22.441,S,L00,ENT,1.11848,M3,NO_ORDER,,,0
B,9,10-07 15:11:54.108,S,L00,ENT,1.11762,M3,OTHER_PRICE,1.11767@15:10:38.417,,0
C,11,10-01 11:26:17.779,S,L00,ENT,1.13025,M3,OTHER_PRICE,1.13033@11:12:11.412,,0
C,11,10-01 12:17:33.221,S,L00,ENT,1.12992,M13?,OTHER_PRICE,1.12993@11:39:02.265,,0
C,11,10-01 13:08:14.258,S,L00,ENT,1.12748,M4?,NO_ORDER,,,0
C,12,10-02 05:31:38.657,S,L00,ENT,1.12426,M3,OTHER_PRICE,1.12429@03:38:43.913,,0
C,13,10-02 13:20:43.819,L,L07,ENT,1.12324,open,OTHER_PRICE,1.12263@13:20:43.763,,0
C,13,10-02 13:30:29.270,S,L00,ENT,1.12388,M3,OTHER_PRICE,1.12393@13:20:43.560,,0
C,13,10-02 15:30:19.983,L,L07,EXT,1.12422,M3,NO_ORDER,,,1
C,16,10-06 02:17:53.314,L,L07,EXT,1.12196,M10,OTHER_PRICE,1.12198@02:17:20.465,02:02:17.009,4
C,16,10-06 03:06:56.782,L,L00,ENT,1.12139,M10,OTHER_PRICE,1.12138@02:31:30.179,02:01:50.639;02:02:18.400,4
C,17,10-06 14:26:30.864,L,L00,ENT,1.12634,M4?,OTHER_PRICE,1.12624@14:26:05.679,,0
C,17,10-06 15:05:19.807,L,L00,ENT,1.12733,M4?,NO_ORDER,,,0
C,19,10-07 10:57:30.687,S,L00,ENT,1.11854,M3,NO_ORDER,,,0
C,19,10-08 15:24:49.962,S,L04,ENT,1.11923,open,OTHER_PRICE,1.11924@15:19:42.211,,0
C,19,10-08 19:17:35.287,S,L05,ENT,1.12007,open,NO_ORDER,,,0
D,21,10-01 11:26:43.547,S,L00,ENT,1.13051,M4?,OTHER_PRICE,1.13116@11:26:39.228,,0
D,21,10-01 13:15:12.860,S,L00,ENT,1.12787,M4?,OTHER_PRICE,1.12792@12:59:26.520,,0
D,21,10-01 18:36:53.273,S,L00,ENT,1.12388,M11,OTHER_PRICE,1.12391@18:34:21.027,,0
D,21,10-01 19:26:31.329,S,L00,ENT,1.12451,M13?,NO_ORDER,,,0
D,21,10-01 20:20:41.413,S,L00,ENT,1.12224,M4?,OTHER_PRICE,1.12288@19:49:01.019,,0
D,23,10-02 15:30:27.287,S,L02,ENT,1.12452,M3,NO_ORDER,,,0
D,23,10-02 17:11:22.868,L,L00,ENT,1.12782,M4?,OTHER_PRICE,1.12753@17:05:01.028,,0
D,24,10-05 05:58:09.576,S,L00,ENT,1.11737,M4?,OTHER_PRICE,1.11762@05:57:18.550,,0
D,24,10-05 23:50:01.499,L,L01,EXT,1.12237,M9,OTHER_PRICE,1.12253@23:50:00.549,,0
D,27,10-06 14:45:09.406,L,L00,ENT,1.12672,M3,NO_ORDER,,,0
D,29,10-07 10:42:16.730,S,L00,ENT,1.12068,M13?,OTHER_PRICE,1.12069@10:40:21.558,,0
D,29,10-07 10:54:25.632,S,L00,ENT,1.11921,M4?,OTHER_PRICE,1.11930@10:53:44.307,,0
D,29,10-07 11:17:40.658,S,L00,ENT,1.11826,M3,OTHER_PRICE,1.11828@11:17:21.737,,0
